Flag ID,Flag Category,Flag Type,Flag Applied to Official Uploads Only,Flag is at the Vendor level,Flag Data Source,Flag Text,Flag Code,flag_var1,flag_var2,flag_var3,flag_var4,flag_var5,flag_var6,flag_var7,flag_var8,flag_var9,flag_var10,flag_var11,flag_var12,flag_var13,flag_var14,flag_var15,lc_flag_product1,lc_flag_product2,lc_flag_product3,lc_flag_product4,lc_flag_product5
1,Report Errors,Upload Error,1,0,LSAReport,"The report scope for an official submission must be system-wide (LSAScope=1), not project-focused. Please ensure that projects are not being manually selected by the HMIS user (with some projects being included and others excluded) before running the LSA Report in HMIS.",lsascope~=1,lsascope,,,,,,,,,,,,,,,,,,,
2,Report Errors,Upload Error,1,0,LSAReport,"Your report period parameters are incorrect. For official HUD submissions, the Report Start and Report End must align with the Expected Report Start and Expected Report End. The expected date range for official HUD submissions this year is {expected_reportstart} - {expected_reportend}. Please re-run your LSA Report with the correct start and end dates and re-submit.",(reportstart~=expected_reportstart & not missing(reportstart)) | (reportend~=expected_reportend & not missing(reportend)),reportstart,reportend,expected_reportstart,expected_reportend,,,,,,,,,,,,,,,,
3,Report Errors,Upload Error,1,0,LSAReport,"The Report Date in your LSAReport file indicates it was run prior to the end of the report period. The Report Date must be greater than the Report End. Please double-check that your report start and end dates are correct, re-run your LSA Report, and re-submit.",datepart(reportdate)<reportend & not missing(reportdate),reportdate,reportend,,,,,,,,,,,,,,,,,,
4,Report Errors,Upload Error,1,0,LSAReport,"You may have uploaded this report in the wrong CoC, or you may have used the wrong file. The CoC code listed in your LSAReport file for this submission is different from the CoC in which you uploaded the file. ","compress(lowcase(reportcoc),,'adk')~=compress(lowcase(substr(hudnum,1,6)),,'adk') & hudnum not in('ZZ-9999','BB-123')",reportcoc,,,,,,,,,,,,,,,,,,,
5,Report Errors,Upload Error,0,1,All LSA Files,"There are multiple values of ReportID in your LSA submission. There can only be one ReportID, and it needs to match across the LSAReport, LSAPerson, LSAHousehold, LSAExit, and LSACalculated files.",diff_repid=1,reportid_lsarep,other_repids,,,,,,,,,,,,,,,,,,
15,No Data,Warning,0,0,LSAPerson,"You did not report any data in your LSAPerson file. That could be right if there were no people to report, but please confirm.",any_lsaperson=0,number_rows,,,,,,,,,,,,,,,,,,,
16,No Data,Warning,0,0,LSAHousehold,"You did not report any data in your LSAHousehold file. That could be right if there were no households to report, but please confirm that this is correct.",any_lsahousehold=0,number_rows,,,,,,,,,,,,,,,,,,,
17,No Data,Warning,0,0,LSAExit,"You did not report any data in your LSAExit file. That could be right if there were no households that exited during the report period, but please confirm that this is correct.",any_lsaexit=0,number_rows,,,,,,,,,,,,,,,,,,,
18,No Data,Warning,0,0,LSACalculated,"You did not report any data in your LSACalculated file. That could be right if there were no people or households to report, but please confirm.",any_lsacalculated=0,number_rows,,,,,,,,,,,,,,,,,,,
19,Unique Identifiers,Upload Error,0,1,LSAReport,"There are multiple rows in your LSAReport file, but we expect only one row here. Either the wrong file was submitted or there is a programming issue with your LSA export.",n_ids>1,n_ids,,,,,,,,,,,,,,,,,,,
20,Unique Identifiers,Upload Error,0,1,Organization,There is more than one row in your Organization file sharing the same Organization ID. There should only be one row per Organization ID.,n_ids>1,organizationid,n_ids,,,,,,,,,,,,,,,,,,
21,Unique Identifiers,Upload Error,0,1,Project,There is more than one row in your Project file sharing the same Project ID. There should only be one row per Project ID.,n_ids>1,projectid,n_ids,,,,,,,,,,,,,,,,,,
22,Unique Identifiers,Upload Error,0,1,Inventory,There is more than one row in your Inventory file sharing the same Inventory ID. There should only be one row per Inventory ID.,n_ids>1,inventoryid,n_ids,projectid,,,,,,,,,,,,,,,,,
23,Unique Identifiers,Upload Error,0,1,Funder,There is more than one row in your Funder file sharing the same Funder ID. There should only be one row per Funder ID.,n_ids>1,funderid,n_ids,,,,,,,,,,,,,,,,,,
24,Unique Identifiers,Upload Error,0,1,ProjectCoC,There is more than one row in your ProjectCoC file sharing the same ProjectCoC ID. There should only be one row per ProjectCoC ID.,n_ids>1,projectcocid,n_ids,,,,,,,,,,,,,,,,,,
25,Unique Identifiers,Upload Error,0,1,ProjectCoC,There is more than one row in your ProjectCoC file sharing the same ProjectID and CoCCode. There should only be one row per unique combination of those two elements.,nrows>1,nrows,projectid,coccode,,,,,,,,,,,,,,,,,
26,Data Formats,Data Error,0,1,ProjectCoC,This is an invalid geocode: {geocode}. It must be exactly 6 digits.,"prxmatch('/^\d{6}$/',strip(geocode))=0 & not missing(geocode)",Geocode,projectcocid,,,,,,,,,,,,,,,,,,
28,Data Formats,Data Error,0,1,ProjectCoC,This is an invalid zip code: {ZIP}. It must be exactly 5 digits.,"prxmatch('/^\d{5}$/',strip(zip))=0 & not missing(zip)",ZIP,projectcocid,,,,,,,,,,,,,,,,,,
29,Data Formats,Data Error,0,1,ProjectCoC,"This Project CoC record has either an invalid date format or a missing value for the created date. The created date for this record, {DateCreated}, must be in yyyy?mm?dd hh:mm:ss format.","prxmatch('/^\d{4}-\d{2}-\d{2} (0[0-9]|1[0-9]|2[0-3]):[0-5][0-9]:[0-5][0-9]$/',strip(datecreated))=0 | missing(input(datecreated,anydtdtm40.)) | missing(input(substr(datecreated,1,10),yymmdd10.)) | missing(datecreated)",DateCreated,projectcocid,,,,,,,,,,,,,,,,,,
30,Data Formats,Data Error,0,1,ProjectCoC,This Project CoC record has either an invalid date format or a missing value for the updated date. The updated date for this record ({DateUpdated}) must be in yyyy?mm?dd hh:mm:ss format.,"prxmatch('/^\d{4}-\d{2}-\d{2} (0[0-9]|1[0-9]|2[0-3]):[0-5][0-9]:[0-5][0-9]$/',strip(dateupdated))=0 | missing(input(dateupdated,anydtdtm40.)) | missing(input(substr(dateupdated,1,10),yymmdd10.)) | missing(dateupdated)",DateUpdated,projectcocid,,,,,,,,,,,,,,,,,,
31,Data Formats,Data Error,0,1,Organization,This organization record has either an invalid date format or a missing value for the created date. The created date for this record ({DateCreated}) must be in yyyy?mm?dd hh:mm:ss format.,"prxmatch('/^\d{4}-\d{2}-\d{2} (0[0-9]|1[0-9]|2[0-3]):[0-5][0-9]:[0-5][0-9]$/',strip(datecreated))=0 | missing(input(datecreated,anydtdtm40.)) | missing(input(substr(datecreated,1,10),yymmdd10.)) | missing(datecreated)",DateCreated,organizationid,,,,,,,,,,,,,,,,,,
32,Data Formats,Data Error,0,1,Organization,This organization record has either an invalid date format or a missing value for the updated date. The updated date entered on this record ({DateUpdated}) must be in yyyy?mm?dd hh:mm:ss format.,"prxmatch('/^\d{4}-\d{2}-\d{2} (0[0-9]|1[0-9]|2[0-3]):[0-5][0-9]:[0-5][0-9]$/',strip(dateupdated))=0 | missing(input(dateupdated,anydtdtm40.)) | missing(input(substr(dateupdated,1,10),yymmdd10.)) | missing(dateupdated)",DateUpdated,organizationid,,,,,,,,,,,,,,,,,,
33,Data Formats,Data Error,0,1,Project,This project record has either an invalid date format or a missing value for the operating start date. The operating start date for this record ({OperatingStartDate}) must be in yyyy?mm?dd format.,"prxmatch('/^\d{4}-\d{2}-\d{2}$/',strip(operatingstartdate))=0 | missing(input(operatingstartdate,yymmdd10.)) | missing(operatingstartdate)",OperatingStartDate,projectid,,,,,,,,,,,,,,,,,,
34,Data Formats,Data Error,0,1,Project,This project record has an invalid date format for the operating end date. The operating end date for this record ({OperatingEndDate}) must be in yyyy?mm?dd format.,"(prxmatch('/^\d{4}-\d{2}-\d{2}$/',strip(operatingenddate))=0 | missing(input(operatingenddate,yymmdd10.))) & not missing(operatingenddate)",OperatingEndDate,projectid,,,,,,,,,,,,,,,,,,
35,Data Formats,Data Error,0,1,Project,This project record has either an invalid date format or a missing value for the created date. The created date for this record ({DateCreated}) must be in yyyy?mm?dd hh:mm:ss format.,"prxmatch('/^\d{4}-\d{2}-\d{2} (0[0-9]|1[0-9]|2[0-3]):[0-5][0-9]:[0-5][0-9]$/',strip(datecreated))=0 | missing(input(datecreated,anydtdtm40.)) | missing(input(substr(datecreated,1,10),yymmdd10.)) | missing(datecreated)",DateCreated,projectid,,,,,,,,,,,,,,,,,,
36,Data Formats,Data Error,0,1,Project,This project record has either an invalid date format or a missing value for the updated date. The updated date for this record ({DateUpdated}) must be in yyyy?mm?dd hh:mm:ss format.,"prxmatch('/^\d{4}-\d{2}-\d{2} (0[0-9]|1[0-9]|2[0-3]):[0-5][0-9]:[0-5][0-9]$/',strip(dateupdated))=0 | missing(input(dateupdated,anydtdtm40.)) | missing(input(substr(dateupdated,1,10),yymmdd10.)) | missing(dateupdated)",DateUpdated,projectid,,,,,,,,,,,,,,,,,,
37,Data Formats,Data Error,0,1,Funder,This funder record has either an invalid date format or a missing value for the operating start date. The start date for this record ({StartDate}) must be in yyyy?mm?dd format.,"prxmatch('/^\d{4}-\d{2}-\d{2}$/',strip(startdate))=0 | missing(input(startdate,yymmdd10.)) | missing(startdate)",StartDate,funderid,,,,,,,,,,,,,,,,,,
38,Data Formats,Data Error,0,1,Funder,This funder record has an invalid date format for the operating end date. The end date for this record ({EndDate}) must be in yyyy?mm?dd format.,"(prxmatch('/^\d{4}-\d{2}-\d{2}$/',strip(enddate))=0 | missing(input(enddate,yymmdd10.))) & not missing(enddate)",EndDate,funderid,,,,,,,,,,,,,,,,,,
39,Data Formats,Data Error,0,1,Funder,This funder record has either an invalid date format or a missing value for the created date. The created date for this record ({DateCreated}) must be in yyyy?mm?dd hh:mm:ss format.,"prxmatch('/^\d{4}-\d{2}-\d{2} (0[0-9]|1[0-9]|2[0-3]):[0-5][0-9]:[0-5][0-9]$/',strip(datecreated))=0 | missing(input(datecreated,anydtdtm40.)) | missing(input(substr(datecreated,1,10),yymmdd10.)) | missing(datecreated)",DateCreated,funderid,,,,,,,,,,,,,,,,,,
40,Data Formats,Data Error,0,1,Funder,This funder record has either an invalid date format or a missing value for the updated date. The updated date for this record ({DateUpdated}) must be in yyyy?mm?dd hh:mm:ss format.,"prxmatch('/^\d{4}-\d{2}-\d{2} (0[0-9]|1[0-9]|2[0-3]):[0-5][0-9]:[0-5][0-9]$/',strip(dateupdated))=0 | missing(input(dateupdated,anydtdtm40.)) | missing(input(substr(dateupdated,1,10),yymmdd10.)) | missing(dateupdated)",DateUpdated,funderid,,,,,,,,,,,,,,,,,,
41,Data Formats,Data Error,0,1,Inventory,This inventory record has either an invalid date format or a missing value. The InventoryStartDate entered on this record ({InventoryStartDate}) must be in yyyy?mm?dd format.,"prxmatch('/^\d{4}-\d{2}-\d{2}$/',strip(inventorystartdate))=0 | missing(input(inventorystartdate,yymmdd10.)) | missing(inventorystartdate)",InventoryStartDate,inventoryid,projectid,,,,,,,,,,,,,,,,,
42,Data Formats,Data Error,0,1,Inventory,This inventory record has an invalid date format. The InventoryEndDate entered on this record ({InventoryEndDate}) must be in yyyy?mm?dd format.,"(prxmatch('/^\d{4}-\d{2}-\d{2}$/',strip(inventoryenddate))=0 | missing(input(inventoryenddate,yymmdd10.))) & not missing(inventoryenddate)",InventoryEndDate,inventoryid,projectid,,,,,,,,,,,,,,,,,
43,Data Formats,Data Error,0,1,Inventory,This inventory record has either an invalid datetime format or a missing value. The DateCreated entered on this record ({DateCreated}) must be in yyyy?mm?dd hh:mm:ss format.,"prxmatch('/^\d{4}-\d{2}-\d{2} (0[0-9]|1[0-9]|2[0-3]):[0-5][0-9]:[0-5][0-9]$/',strip(datecreated))=0 | missing(input(datecreated,anydtdtm40.)) | missing(input(substr(datecreated,1,10),yymmdd10.)) | missing(datecreated)",DateCreated,inventoryid,projectid,,,,,,,,,,,,,,,,,
44,Data Formats,Data Error,0,1,Inventory,This inventory record has either an invalid datetime format or a missing value. The DateUpdated entered on this record ({DateUpdated}) must be in yyyy?mm?dd hh:mm:ss format.,"prxmatch('/^\d{4}-\d{2}-\d{2} (0[0-9]|1[0-9]|2[0-3]):[0-5][0-9]:[0-5][0-9]$/',strip(dateupdated))=0 | missing(input(dateupdated,anydtdtm40.)) | missing(input(substr(dateupdated,1,10),yymmdd10.)) | missing(dateupdated)",DateUpdated,inventoryid,projectid,,,,,,,,,,,,,,,,,
45,Data Formats,Upload Error,0,1,Inventory,This record has invalid data. Unit Inventory must be a positive number or zero. ,"prxmatch('/^[\d]+$/',strip(UnitInventory))=0 | prxmatch('/^0[\d]+$/',strip(UnitInventory))=1",UnitInventory,inventoryid,projectid,,,,,,,,,,,,,,,,,
46,Data Formats,Upload Error,0,1,Inventory,This record has invalid data. Bed Inventory must be a positive number or zero. ,"prxmatch('/^[\d]+$/',strip(BedInventory))=0 | prxmatch('/^0[\d]+$/',strip(BedInventory))=1",BedInventory,inventoryid,projectid,,,,,,,,,,,,,,,,,
47,Data Formats,Upload Error,0,1,Inventory,This record has invalid data. Chronically Homeless Veteran Bed Inventory must be a positive number or zero. ,"(prxmatch('/^[\d]+$/',strip(CHVetBedInventory))=0 | prxmatch('/^0[\d]+$/',strip(CHVetBedInventory))=1) & not missing(CHVetBedInventory)",CHVetBedInventory,inventoryid,projectid,,,,,,,,,,,,,,,,,
48,Data Formats,Upload Error,0,1,Inventory,This record has invalid data. Youth Veteran Bed Inventory must be a positive number or zero. ,"(prxmatch('/^[\d]+$/',strip(YouthVetBedInventory))=0 | prxmatch('/^0[\d]+$/',strip(YouthVetBedInventory))=1) & not missing(YouthVetBedInventory)",YouthVetBedInventory,inventoryid,projectid,,,,,,,,,,,,,,,,,
49,Data Formats,Upload Error,0,1,Inventory,This record has invalid data. Veteran Bed Inventory must be a positive number or zero. ,"(prxmatch('/^[\d]+$/',strip(VetBedInventory))=0 | prxmatch('/^0[\d]+$/',strip(VetBedInventory))=1) & not missing(VetBedInventory)",VetBedInventory,inventoryid,projectid,,,,,,,,,,,,,,,,,
50,Data Formats,Upload Error,0,1,Inventory,This record has invalid data. Chronically Homeless Youth Bed Inventory must be a positive number or zero. ,"(prxmatch('/^[\d]+$/',strip(CHYouthBedInventory))=0 | prxmatch('/^0[\d]+$/',strip(CHYouthBedInventory))=1) & not missing(CHYouthBedInventory)",CHYouthBedInventory,inventoryid,projectid,,,,,,,,,,,,,,,,,
51,Data Formats,Upload Error,0,1,Inventory,This record has invalid data. Youth Bed Inventory must be a positive number or zero. ,"(prxmatch('/^[\d]+$/',strip(YouthBedInventory))=0 | prxmatch('/^0[\d]+$/',strip(YouthBedInventory))=1) & not missing(YouthBedInventory)",YouthBedInventory,inventoryid,projectid,,,,,,,,,,,,,,,,,
52,Data Formats,Upload Error,0,1,Inventory,This record has invalid data. Chronically Homeless Bed Inventory must be a positive number or zero. ,"(prxmatch('/^[\d]+$/',strip(CHBedInventory))=0 | prxmatch('/^0[\d]+$/',strip(CHBedInventory))=1) & not missing(CHBedInventory)",CHBedInventory,inventoryid,projectid,,,,,,,,,,,,,,,,,
53,Data Formats,Upload Error,0,1,Inventory,This record has invalid data. Other Bed Inventory must be a positive number or zero. ,"(prxmatch('/^[\d]+$/',strip(OtherBedInventory))=0 | prxmatch('/^0[\d]+$/',strip(OtherBedInventory))=1) & not missing(OtherBedInventory)",OtherBedInventory,inventoryid,projectid,,,,,,,,,,,,,,,,,
54,Data Formats,Upload Error,0,1,LSAReport,The Report Start Date for this submission has either an invalid date format or missing value. The Report Start Date must be in yyyy?mm?dd format. ,"prxmatch('/^\d{4}-\d{2}-\d{2}$/',strip(reportstart))=0 | missing(input(reportstart,yymmdd10.)) | missing(reportstart)",reportstart,,,,,,,,,,,,,,,,,,,
55,Data Formats,Upload Error,0,1,LSAReport,The Report End Date for this submission has either an invalid date format or missing value. The Report End Date must be in yyyy?mm?dd format. ,"prxmatch('/^\d{4}-\d{2}-\d{2}$/',strip(reportend))=0 | missing(input(reportend,yymmdd10.)) | missing(reportend)",reportend,,,,,,,,,,,,,,,,,,,
56,Data Formats,Upload Error,0,1,LSAReport,The Report Date for this submission either an invalid datetime format or a missing value. The Report Date must be in yyyy?mm?dd hh:mm:ss format. ,"prxmatch('/^\d{4}-\d{2}-\d{2} (0[0-9]|1[0-9]|2[0-3]):[0-5][0-9]:[0-5][0-9]$/',strip(reportdate))=0 | missing(input(reportdate,anydtdtm40.)) | missing(input(substr(reportdate,1,10),yymmdd10.)) | missing(reportdate)",reportdate,,,,,,,,,,,,,,,,,,,
57,Data Formats,Upload Error,0,1,LSAReport,Invalid data. The UnduplicatedClient field in the LSAReport file must be a positive integer or zero.,"prxmatch('/^[\d]+$/',strip(UnduplicatedClient))=0 | prxmatch('/^0[\d]+$/',strip(UnduplicatedClient))=1",UnduplicatedClient,,,,,,,,,,,,,,,,,,,
61,Data Formats,Upload Error,0,1,LSAReport,Invalid data. The AdultHoHEntry field in the LSAReport file must be a positive integer or zero.,"prxmatch('/^[\d]+$/',strip(AdultHoHEntry))=0 | prxmatch('/^0[\d]+$/',strip(AdultHoHEntry))=1",AdultHoHEntry,,,,,,,,,,,,,,,,,,,
63,Data Formats,Upload Error,0,1,LSAReport,Invalid data. The ClientEntry field in the LSAReport file must be a positive integer or zero.,"prxmatch('/^[\d]+$/',strip(ClientEntry))=0 | prxmatch('/^0[\d]+$/',strip(ClientEntry))=1",ClientEntry,,,,,,,,,,,,,,,,,,,
65,Data Formats,Upload Error,0,1,LSAReport,Invalid data. TheClientExit field in the LSAReport file must be a positive integer or zero.,"prxmatch('/^[\d]+$/',strip(ClientExit))=0 | prxmatch('/^0[\d]+$/',strip(ClientExit))=1",ClientExit,,,,,,,,,,,,,,,,,,,
67,Data Formats,Upload Error,0,1,LSAReport,Invalid data. The Household field in the LSAReport file must be a positive integer or zero. ,"prxmatch('/^[\d]+$/',strip(HouseholdEntry))=0 | prxmatch('/^0[\d]+$/',strip(HouseholdEntry))=1",HouseholdEntry,,,,,,,,,,,,,,,,,,,
71,Data Formats,Upload Error,0,1,LSAReport,Invalid data. The NoCoC field in the LSAReport file must be a positive integer or zero.,"prxmatch('/^[\d]+$/',strip(NoCoC))=0 | prxmatch('/^0[\d]+$/',strip(NoCoC))=1",NoCoC,,,,,,,,,,,,,,,,,,,
72,Data Formats,Upload Error,0,1,LSAReport,Invalid data. The SSNNotProvided field in the LSAReport file must be a positive integer or zero. ,"prxmatch('/^[\d]+$/',strip(SSNNotProvided))=0 | prxmatch('/^0[\d]+$/',strip(SSNNotProvided))=1",SSNNotProvided,,,,,,,,,,,,,,,,,,,
73,Data Formats,Upload Error,0,1,LSAReport,Invalid data. The SSNMissingOrInvalid field in the LSAReport file must be a positive integer or zero. ,"prxmatch('/^[\d]+$/',strip(SSNMissingOrInvalid))=0 | prxmatch('/^0[\d]+$/',strip(SSNMissingOrInvalid))=1",SSNMissingOrInvalid,,,,,,,,,,,,,,,,,,,
74,Data Formats,Upload Error,0,1,LSAReport,Invalid data. The ClientSSNNotUnique field in the LSAReport file must be a positive integer or zero. ,"prxmatch('/^[\d]+$/',strip(ClientSSNNotUnique))=0 | prxmatch('/^0[\d]+$/',strip(ClientSSNNotUnique))=1",ClientSSNNotUnique,,,,,,,,,,,,,,,,,,,
75,Data Formats,Upload Error,0,1,LSAReport,Invalid data. The DistinctSSNValueNotUnique field in the LSAReport file must be a positive integer or zero.,"prxmatch('/^[\d]+$/',strip(DistinctSSNValueNotUnique))=0 | prxmatch('/^0[\d]+$/',strip(DistinctSSNValueNotUnique))=1",DistinctSSNValueNotUnique,,,,,,,,,,,,,,,,,,,
86,Data Formats,Upload Error,0,1,LSAReport,Invalid data. The RelationshipToHoH field in the LSAReport file must be a positive integer or zero. ,"prxmatch('/^[\d]+$/',strip(RelationshipToHoH))=0 | prxmatch('/^0[\d]+$/',strip(RelationshipToHoH))=1",RelationshipToHoH,,,,,,,,,,,,,,,,,,,
88,Data Formats,Upload Error,0,1,LSAReport,Invalid data. The DisablingCond field in the LSAReport file must be a positive integer or zero. ,"prxmatch('/^[\d]+$/',strip(DisablingCond))=0 | prxmatch('/^0[\d]+$/',strip(DisablingCond))=1",DisablingCond,,,,,,,,,,,,,,,,,,,
90,Data Formats,Upload Error,0,1,LSAReport,Invalid data. The LivingSituation field in the LSAReport file must be a positive integer or zero.,"prxmatch('/^[\d]+$/',strip(LivingSituation))=0 | prxmatch('/^0[\d]+$/',strip(LivingSituation))=1",LivingSituation,,,,,,,,,,,,,,,,,,,
92,Data Formats,Upload Error,0,1,LSAReport,Invalid data. The LengthOfStay field in the LSAReport file must be a positive integer or zero. ,"prxmatch('/^[\d]+$/',strip(LengthOfStay))=0 | prxmatch('/^0[\d]+$/',strip(LengthOfStay))=1",LengthOfStay,,,,,,,,,,,,,,,,,,,
94,Data Formats,Upload Error,0,1,LSAReport,Invalid data. The HomelessDate field in the LSAReport file must be a positive integer or zero. ,"prxmatch('/^[\d]+$/',strip(HomelessDate))=0 | prxmatch('/^0[\d]+$/',strip(HomelessDate))=1",HomelessDate,,,,,,,,,,,,,,,,,,,
96,Data Formats,Upload Error,0,1,LSAReport,Invalid data. The TimesHomeless field in the LSAReport file must be a positive integer or zero. ,"prxmatch('/^[\d]+$/',strip(TimesHomeless))=0 | prxmatch('/^0[\d]+$/',strip(TimesHomeless))=1",TimesHomeless,,,,,,,,,,,,,,,,,,,
98,Data Formats,Upload Error,0,1,LSAReport,Invalid data. The MonthsHomeless field in the LSAReport file must be a positive integer or zero. ,"prxmatch('/^[\d]+$/',strip(MonthsHomeless))=0 | prxmatch('/^0[\d]+$/',strip(MonthsHomeless))=1",MonthsHomeless,,,,,,,,,,,,,,,,,,,
102,Data Formats,Upload Error,0,1,LSAReport,Invalid data. The Destination field in the LSAReport file must be a positive integer or zero. ,"prxmatch('/^[\d]+$/',strip(Destination))=0 | prxmatch('/^0[\d]+$/',strip(Destination))=1",Destination,,,,,,,,,,,,,,,,,,,
104,Data Formats,Upload Error,0,1,LSAReport,Invalid data. The NotOneHoH field in the LSAReport file must be a positive integer or zero. ,"prxmatch('/^[\d]+$/',strip(NotOneHoH))=0 | prxmatch('/^0[\d]+$/',strip(NotOneHoH))=1",NotOneHoH,,,,,,,,,,,,,,,,,,,
106,Data Formats,Upload Error,0,1,LSAReport,Invalid data. The MoveInDate field in the LSAReport file must be a positive integer or zero. ,"prxmatch('/^[\d]+$/',strip(MoveInDate))=0 | prxmatch('/^0[\d]+$/',strip(MoveInDate))=1",MoveInDate,,,,,,,,,,,,,,,,,,,
108,Data Formats,Upload Error,0,1,LSAPerson,This record has invalid data. The Row Total must be a positive number or zero. ,"prxmatch('/^[\d]+$/',strip(RowTotal))=0 | prxmatch('/^0[\d]+$/',strip(RowTotal))=1",RowTotal,,,,,,,,,,,,,,,,,,,
109,Data Formats,Upload Error,0,1,LSAHousehold,This record has invalid data. The Row Total must be a positive number or zero. ,"prxmatch('/^[\d]+$/',strip(RowTotal))=0 | prxmatch('/^0[\d]+$/',strip(RowTotal))=1",RowTotal,,,,,,,,,,,,,,,,,,,
110,Data Formats,Upload Error,0,1,LSAExit,This record has invalid data. The Row Total must be a positive number or zero. ,"prxmatch('/^[\d]+$/',strip(RowTotal))=0 | prxmatch('/^0[\d]+$/',strip(RowTotal))=1",RowTotal,,,,,,,,,,,,,,,,,,,
111,Data Formats,Upload Error,0,1,LSACalculated,This record has invalid data. The Value must be a positive number or zero.,"prxmatch('/^[\d]+$/',strip(Value))=0 | prxmatch('/^0[\d]+$/',strip(Value))=1",Value,,,,,,,,,,,,,,,,,,,
112,Valid Values,Upload Error,0,1,See Flag Data Field 1,There is an invalid value for the following field. See the LSA Dictionary for a list of valid values.,not missing(x_file),x_file,x_var,x_value,,,,,,,,,,,,,,,,,
113,LSAPerson File,Data Error,0,1,LSAPerson,"The LSAPerson file only covers people served in ES, SH, TH, RRH, or PSH. Yet you reported that the people in row {row_num} of your LSAPerson file were not served in any of these project types. If that is true, then those people do not belong in your LSA data. If it is not true, then your HHTypeEST, HHTypeRRH, and/or HHTypePSH fields are incorrect.",hhtypeest=-1 & hhtyperrh=-1 & hhtypepsh=-1 & hhtyperrhsonomi=-1 & hhtyperrhsomi=-1,row_num,hhtypeest,hhtyperrh,hhtypepsh,hhtyperrhsonomi,hhtyperrhsomi,,,,,,,,,,,,,,
114,LSAPerson File,Data Error,0,1,LSAPerson,Row number {row_num} in the LSAPerson file indicates this person was not served in ES/SH/TH during the report period. But this person has been classified as a head of household for ES/SH/TH. This should not be possible. Please check your data in HMIS.,hhtypeest=-1 & hohest>-1,row_num,hhtypeest,hohest,,,,,,,,,,,,,,,,,
115,LSAPerson File,Data Error,0,1,LSAPerson,Row number {row_num} in the LSAPerson file indicates this person was not served in RRH during the report period. But this person has been classified as a head of household for RRH. This should not be possible. Please check your data in HMIS.,hhtyperrh=-1 & hohrrh>-1,row_num,hhtyperrh,hohrrh,,,,,,,,,,,,,,,,,
116,LSAPerson File,Data Error,0,1,LSAPerson,Row number {row_num} in the LSAPerson file indicates this person was not served in PSH during the report period. But this person has been classified as a head of household for PSH. This should not be possible. Please check your data in HMIS.,hhtypepsh=-1 & hohpsh>-1,row_num,hhtypepsh,hohpsh,,,,,,,,,,,,,,,,,
117,LSAPerson File,Data Error,0,1,LSAPerson,"There is a mismatch in your data between the HHTypeEST field and the HoHEST field. The HHTypeEST field identifies the household types for all clients served in ES/SH/TH. The HoHEST field identifies the household types for heads of households served in ES/SH/TH. In row {row_num} in your LSAPerson file, we see zero clients for Adult Only households in ES/SH/TH. But there are also people classified as heads of Adult Only households in ES/SH/TH. If a person was not served in an Adult Only household, they can’t be a head of household for an Adult Only household. This is not an issue that can be fixed by looking at your LSAPerson file because client-level information (like a personal ID) is not stored there. You may need vendor assistance to resolve this error.","find(strip(transtrn(put(hhtypeest,32.),'-1','neg')),'1')=0 & find(strip(transtrn(put(hohest,32.),'-1','neg')),'1')>0 & hhtypeest>-1",row_num,hhtypeest,hohest,,,,,,,,,,,,,,,,,
118,LSAPerson File,Data Error,0,1,LSAPerson,"There is a mismatch in your data between the HHTypeRRH field and the HoHRRH field. The HHTypeRRH field identifies the household types for all clients served in RRH. The HoHRRH field identifies the household types for heads of households served in RRH. In row {row_num} in your LSAPerson file, we see zero clients for Adult Only households in RRH. But there are also people classified as heads of Adult Only households in RRH. If a person was not served in an Adult Only household, they can’t be a head of household for an Adult Only household. This is not an issue that can be fixed by looking at your LSAPerson file because client-level information (like a personal ID) is not stored there. You may need vendor assistance to resolve this error.","find(strip(transtrn(put(hhtyperrh,32.),'-1','neg')),'1')=0 & find(strip(transtrn(put(hohrrh,32.),'-1','neg')),'1')>0 & hhtyperrh>-1",row_num,hhtyperrh,hohrrh,,,,,,,,,,,,,,,,,
119,LSAPerson File,Data Error,0,1,LSAPerson,"There is a mismatch in your data between the HHTypePSH field and the HoHPSH field. The HHTypePSH field identifies the household types for all clients served in PSH. The HoHPSH field identifies the household types for heads of households served in PSH. In row {row_num} in your LSAPerson file, we see zero clients for Adult Only households in PSH. But there are also people classified as heads of Adult Only households in PSH. If a person was not served in an Adult Only household, they can’t be a head of household for an Adult Only household. This is not an issue that can be fixed by looking at your LSAPerson file because client-level information (like a personal ID) is not stored there. You may need vendor assistance to resolve this error.","find(strip(transtrn(put(hhtypepsh,32.),'-1','neg')),'1')=0 & find(strip(transtrn(put(hohpsh,32.),'-1','neg')),'1')>0 & hhtypepsh>-1",row_num,hhtypepsh,hohpsh,,,,,,,,,,,,,,,,,
120,LSAPerson File,Data Error,0,1,LSAPerson,"There is a mismatch in your data between the HHTypeEST field and the HoHEST field. The HHTypeEST field identifies the household types for all clients served in ES/SH/TH. The HoHEST field identifies the household types for heads of households served in ES/SH/TH. In row {row_num} in your LSAPerson file, we see zero clients for Adult Child households in ES/SH/TH. But there are also people classified as heads of Adult Child households in ES/SH/TH. If a person was not served in an Adult Child household, they can’t be a head of household for an Adult Child household. This is not an issue that can be fixed by looking at your LSAPerson file because client-level information (like a personal ID) is not stored there. You may need vendor assistance to resolve this error.","find(strip(put(hhtypeest,32.)),'2')=0 & find(strip(put(hohest,32.)),'2')>0 & hhtypeest>-1",row_num,hhtypeest,hohest,,,,,,,,,,,,,,,,,
121,LSAPerson File,Data Error,0,1,LSAPerson,"There is a mismatch in your data between the HHTypeRRH field and the HoHRRH field. The HHTypeRRH field identifies the household types for all clients served in RRH. The HoHRRH field identifies the household types for heads of households served in RRH. In row {row_num} in your LSAPerson file, we see zero clients for Adult Child households in RRH. But there are also people classified as heads of Adult Child households in RRH. If a person was not served in an Adult Child household, they can’t be a head of household for an Adult Child household. This is not an issue that can be fixed by looking at your LSAPerson file because client-level information (like a personal ID) is not stored there. You may need vendor assistance to resolve this error.","find(strip(put(hhtyperrh,32.)),'2')=0 & find(strip(put(hohrrh,32.)),'2')>0 & hhtyperrh>-1",row_num,hhtyperrh,hohrrh,,,,,,,,,,,,,,,,,
122,LSAPerson File,Data Error,0,1,LSAPerson,"There is a mismatch in your data between the HHTypePSH field and the HoHPSH field. The HHTypePSH field identifies the household types for all clients served in PSH. The HoHPSH field identifies the household types for heads of households served in PSH. In row {row_num} in your LSAPerson file, we see zero clients for Adult Child households in PSH. But there are also people classified as heads of Adult Child households in PSH. If a person was not served in an Adult Child household, they can’t be a head of household for an Adult Child household. This is not an issue that can be fixed by looking at your LSAPerson file because client-level information (like a personal ID) is not stored there. You may need vendor assistance to resolve this error.","find(strip(put(hhtypepsh,32.)),'2')=0 & find(strip(put(hohpsh,32.)),'2')>0 & hhtypepsh>-1",row_num,hhtypepsh,hohpsh,,,,,,,,,,,,,,,,,
123,LSAPerson File,Data Error,0,1,LSAPerson,"There is a mismatch in your data between the HHTypeEST field and the HoHEST field. The HHTypeEST field identifies the household types for all clients served in ES/SH/TH. The HoHEST field identifies the household types for heads of households served in ES/SH/TH. In row {row_num} in your LSAPerson file, we see zero clients for Child Only households in ES/SH/TH. But there are also people classified as heads of Child Only households in ES/SH/TH. If a person was not served in an Child Only household, they can’t be a head of household for an Child Only household. This is not an issue that can be fixed by looking at your LSAPerson file because client-level information (like a personal ID) is not stored there. You may need vendor assistance to resolve this error.","find(strip(put(hhtypeest,32.)),'3')=0 & find(strip(put(hohest,32.)),'3')>0 & hhtypeest>-1",row_num,hhtypeest,hohest,,,,,,,,,,,,,,,,,
124,LSAPerson File,Data Error,0,1,LSAPerson,"There is a mismatch in your data between the HHTypeRRH field and the HoHRRH field. The HHTypeRRH field identifies the household types for all clients served in RRH. The HoHRRH field identifies the household types for heads of households served in RRH. In row {row_num} in your LSAPerson file, we see zero clients for Child Only households in RRH. But there are also people classified as heads of Child Only households in RRH. If a person was not served in an Child Only household, they can’t be a head of household for an Child Only household. This is not an issue that can be fixed by looking at your LSAPerson file because client-level information (like a personal ID) is not stored there. You may need vendor assistance to resolve this error.","find(strip(put(hhtyperrh,32.)),'3')=0 & find(strip(put(hohrrh,32.)),'3')>0 & hhtyperrh>-1",row_num,hhtyperrh,hohrrh,,,,,,,,,,,,,,,,,
125,LSAPerson File,Data Error,0,1,LSAPerson,"There is a mismatch in your data between the HHTypePSH field and the HoHPSH field. The HHTypePSH field identifies the household types for all clients served in PSH. The HoHPSH field identifies the household types for heads of households served in PSH. In row {row_num} in your LSAPerson file, we see zero clients for Child Only households in PSH. But there are also people classified as heads of Child Only households in PSH. If a person was not served in an Child Only household, they can’t be a head of household for an Child Only household. This is not an issue that can be fixed by looking at your LSAPerson file because client-level information (like a personal ID) is not stored there. You may need vendor assistance to resolve this error.","find(strip(put(hhtypepsh,32.)),'3')=0 & find(strip(put(hohpsh,32.)),'3')>0 & hhtypepsh>-1",row_num,hhtypepsh,hohpsh,,,,,,,,,,,,,,,,,
126,LSAPerson File,Data Error,0,1,LSAPerson,"There is a mismatch in your data between the HHTypeEST field and the HoHEST field. The HHTypeEST field identifies the household types for all clients served in ES/SH/TH. The HoHEST field identifies the household types for heads of households served in ES/SH/TH. In row {row_num} in your LSAPerson file, we see zero clients for unclassifiable (UN) households in ES/SH/TH. But there are also people classified as heads of unclassifiable (UN) households in ES/SH/TH. If a person was not served in an unclassifiable (UN) household, they can’t be a head of household for an unclassifiable (UN) household. This is not an issue that can be fixed by looking at your LSAPerson file because client-level information (like a personal ID) is not stored there. You may need vendor assistance to resolve this error.","find(strip(put(hhtypeest,32.)),'9')=0 & find(strip(put(hohest,32.)),'9')>0 & hhtypeest>-1",row_num,hhtypeest,hohest,,,,,,,,,,,,,,,,,
127,LSAPerson File,Data Error,0,1,LSAPerson,"There is a mismatch in your data between the HHTypeRRH field and the HoHRRH field. The HHTypeRRH field identifies the household types for all clients served in RRH. The HoHRRH field identifies the household types for heads of households served in RRH. In row {row_num} in your LSAPerson file, we see zero clients for unclassifiable (UN) households in RRH. But there are also people classified as heads of unclassifiable (UN) households in RRH. If a person was not served in an unclassifiable (UN) household, they can’t be a head of household for an unclassifiable (UN) household. This is not an issue that can be fixed by looking at your LSAPerson file because client-level information (like a personal ID) is not stored there. You may need vendor assistance to resolve this error.","find(strip(put(hhtyperrh,32.)),'9')=0 & find(strip(put(hohrrh,32.)),'9')>0 & hhtyperrh>-1",row_num,hhtyperrh,hohrrh,,,,,,,,,,,,,,,,,
128,LSAPerson File,Data Error,0,1,LSAPerson,"There is a mismatch in your data between the HHTypePSH field and the HoHPSH field. The HHTypePSH field identifies the household types for all clients served in PSH. The HoHPSH field identifies the household types for heads of households served in PSH. In row {row_num} in your LSAPerson file, we see zero clients for unclassifiable (UN) households in PSH. But there are also people classified as heads of unclassifiable (UN) households in PSH. If a person was not served in an unclassifiable (UN) household, they can’t be a head of household for an unclassifiable (UN) household. This is not an issue that can be fixed by looking at your LSAPerson file because client-level information (like a personal ID) is not stored there. You may need vendor assistance to resolve this error.","find(strip(put(hhtypepsh,32.)),'9')=0 & find(strip(put(hohpsh,32.)),'9')>0 & hhtypepsh>-1",row_num,hhtypepsh,hohpsh,,,,,,,,,,,,,,,,,
144,LSAPerson File,Data Error,0,1,LSAPerson,"There is a mismatch in your data between the HHTypeEST field and the HHChronicEST field. In row ({now_num}) in your LSAPerson file, we see zero clients in ES/SH/TH. But there are people classified in chronically homeless households for ES/SH/TH. If a person was not served in ES/SH/TH, they cannot be in a chronically homeless household for ES/SH/TH. You cannot fix this issue by looking at your LSAPerson file because client-level information (like a personal ID) is not stored there. You may need vendor assistance to resolve this error.",hhtypeest=-1 & hhchronicest>-1,row_num,hhtypeest,hhchronicest,,,,,,,,,,,,,,,,,
145,LSAPerson File,Data Error,0,1,LSAPerson,"There is a mismatch in your data between the HHTypeRRH field and the HHChronicRRH field. In row ({now_num}) in your LSAPerson file, we see zero clients in RRH. But there are people classified in chronically homeless households for RRH. If a person was not served in RRH, they cannot be in a chronically homeless household for RRH. You cannot fix this issue by looking at your LSAPerson file because client-level information (like a personal ID) is not stored there. You may need vendor assistance to resolve this error.",hhtyperrh=-1 & hhchronicrrh>-1,row_num,hhtyperrh,hhchronicrrh,,,,,,,,,,,,,,,,,
146,LSAPerson File,Data Error,0,1,LSAPerson,"There is a mismatch in your data between the HHTypePSH field and the HHChronicPSH field. In row ({now_num}) in your LSAPerson file, we see zero clients in PSH. But there are people classified in chronically homeless households for PSH. If a person was not served in PSH, they cannot be in a chronically homeless household for PSH. You cannot fix this issue by looking at your LSAPerson file because client-level information (like a personal ID) is not stored there. You may need vendor assistance to resolve this error.",hhtypepsh=-1 & hhchronicpsh>-1,row_num,hhtypepsh,hhchronicpsh,,,,,,,,,,,,,,,,,
147,LSAPerson File,Data Error,0,1,LSAPerson,"There is a mismatch in your data between the HHTypeEST field and the HHChronicEST field. The HHTypeEST field identifies the household types for all clients served in ES/SH/TH. The HHChronicEST field identifies the household types in which people were served in chronically homeless households in ES/SH/TH. In row {row_num} in your LSAPerson file, we see zero clients for Adult Only households in ES/SH/TH. But there are people classified in chronically homeless households for ES/SH/TH. If a person was not served in an Adult Only household in ES/SH/TH, they cannot be in a chronically homeless Adult Only household in ES/SH/TH. This is not an issue that can be fixed by looking at your LSAPerson file because client-level information (like a personal ID) is not stored there. You may need vendor assistance to resolve this error.","find(strip(transtrn(put(hhtypeest,32.),'-1','neg')),'1')=0 & find(strip(transtrn(put(hhchronicest,32.),'-1','neg')),'1')>0 & hhtypeest>-1",row_num,hhtypeest,hhchronicest,,,,,,,,,,,,,,,,,
148,LSAPerson File,Data Error,0,1,LSAPerson,"There is a mismatch in your data between the HHTypeRRH field and the HHChronicRRH field. The HHTypeRRH field identifies the household types for all clients served in RRH. The HHChronicRRH field identifies the household types in which people were served in chronically homeless households in RRH. In row {row_num} in your LSAPerson file, we see zero clients for Adult Only households in RRH. But there are people classified in chronically homeless households for RRH. If a person was not served in an Adult Only household in RRH, they cannot be in a chronically homeless Adult Only household in RRH. This is not an issue that can be fixed by looking at your LSAPerson file because client-level information (like a personal ID) is not stored there. You may need vendor assistance to resolve this error.","find(strip(transtrn(put(hhtyperrh,32.),'-1','neg')),'1')=0 & find(strip(transtrn(put(hhchronicrrh,32.),'-1','neg')),'1')>0 & hhtyperrh>-1",row_num,hhtyperrh,hhchronicrrh,,,,,,,,,,,,,,,,,
149,LSAPerson File,Data Error,0,1,LSAPerson,"There is a mismatch in your data between the HHTypePSH field and the HHChronicPSH field. The HHTypePSH field identifies the household types for all clients served in PSH. The HHChronicPSH field identifies the household types in which people were served in chronically homeless households in PSH. In row {row_num} in your LSAPerson file, we see zero clients for Adult Only households in PSH. But there are people classified in chronically homeless households for PSH. If a person was not served in an Adult Only household in PSH, they cannot be in a chronically homeless Adult Only household in PSH. This is not an issue that can be fixed by looking at your LSAPerson file because client-level information (like a personal ID) is not stored there. You may need vendor assistance to resolve this error.","find(strip(transtrn(put(hhtypepsh,32.),'-1','neg')),'1')=0 & find(strip(transtrn(put(hhchronicpsh,32.),'-1','neg')),'1')>0 & hhtypepsh>-1",row_num,hhtypepsh,hhchronicpsh,,,,,,,,,,,,,,,,,
150,LSAPerson File,Data Error,0,1,LSAPerson,"There is a mismatch in your data between the HHTypeEST field and the HHChronicEST field. The HHTypeEST field identifies the household types for all clients served in ES/SH/TH. The HHChronicEST field identifies the household types in which people were served in chronically homeless households in ES/SH/TH. In row {row_num} in your LSAPerson file, we see zero clients for Adult Child households in ES/SH/TH. But there are people classified in chronically homeless households for ES/SH/TH. If a person was not served in an Adult Child household in ES/SH/TH, they cannot be in a chronically homeless Adult Child household in ES/SH/TH. This is not an issue that can be fixed by looking at your LSAPerson file because client-level information (like a personal ID) is not stored there. You may need vendor assistance to resolve this error.","find(strip(put(hhtypeest,32.)),'2')=0 & find(strip(put(hhchronicest,32.)),'2')>0 & hhtypeest>-1",row_num,hhtypeest,hhchronicest,,,,,,,,,,,,,,,,,
151,LSAPerson File,Data Error,0,1,LSAPerson,"There is a mismatch in your data between the HHTypeRRH field and the HHChronicRRH field. The HHTypeRRH field identifies the household types for all clients served in RRH. The HHChronicRRH field identifies the household types in which people were served in chronically homeless households in RRH. In row {row_num} in your LSAPerson file, we see zero clients for Adult Child households in RRH. But there are people classified in chronically homeless households for RRH. If a person was not served in an Adult Child household in RRH, they cannot be in a chronically homeless Adult Child household in RRH. This is not an issue that can be fixed by looking at your LSAPerson file because client-level information (like a personal ID) is not stored there. You may need vendor assistance to resolve this error.","find(strip(put(hhtyperrh,32.)),'2')=0 & find(strip(put(hhchronicrrh,32.)),'2')>0 & hhtyperrh>-1",row_num,hhtyperrh,hhchronicrrh,,,,,,,,,,,,,,,,,
152,LSAPerson File,Data Error,0,1,LSAPerson,"There is a mismatch in your data between the HHTypePSH field and the HHChronicPSH field. The HHTypePSH field identifies the household types for all clients served in PSH. The HHChronicPSH field identifies the household types in which people were served in chronically homeless households in PSH. In row {row_num} in your LSAPerson file, we see zero clients for Adult Child households in PSH. But there are people classified in chronically homeless households for PSH. If a person was not served in an Adult Child household in PSH, they cannot be in a chronically homeless Adult Child household in PSH. This is not an issue that can be fixed by looking at your LSAPerson file because client-level information (like a personal ID) is not stored there. You may need vendor assistance to resolve this error.","find(strip(put(hhtypepsh,32.)),'2')=0 & find(strip(put(hhchronicpsh,32.)),'2')>0 & hhtypepsh>-1",row_num,hhtypepsh,hhchronicpsh,,,,,,,,,,,,,,,,,
153,LSAPerson File,Data Error,0,1,LSAPerson,"There is a mismatch in your data between the HHTypeEST field and the HHChronicEST field. The HHTypeEST field identifies the household types for all clients served in ES/SH/TH. The HHChronicEST field identifies the household types in which people were served in chronically homeless households in ES/SH/TH. In row {row_num} in your LSAPerson file, we see zero clients for Child Only households in ES/SH/TH. But there are people classified in chronically homeless households for ES/SH/TH. If a person was not served in an Child Only household in ES/SH/TH, they cannot be in a chronically homeless Child Only household in ES/SH/TH. This is not an issue that can be fixed by looking at your LSAPerson file because client-level information (like a personal ID) is not stored there. You may need vendor assistance to resolve this error.","find(strip(put(hhtypeest,32.)),'3')=0 & find(strip(put(hhchronicest,32.)),'3')>0 & hhtypeest>-1",row_num,hhtypeest,hhchronicest,,,,,,,,,,,,,,,,,
154,LSAPerson File,Data Error,0,1,LSAPerson,"There is a mismatch in your data between the HHTypeRRH field and the HHChronicRRH field. The HHTypeRRH field identifies the household types for all clients served in RRH. The HHChronicRRH field identifies the household types in which people were served in chronically homeless households in RRH. In row {row_num} in your LSAPerson file, we see zero clients for Child Only households in RRH. But there are people classified in chronically homeless households for RRH. If a person was not served in an Child Only household in RRH, they cannot be in a chronically homeless Child Only household in RRH. This is not an issue that can be fixed by looking at your LSAPerson file because client-level information (like a personal ID) is not stored there. You may need vendor assistance to resolve this error.","find(strip(put(hhtyperrh,32.)),'3')=0 & find(strip(put(hhchronicrrh,32.)),'3')>0 & hhtyperrh>-1",row_num,hhtyperrh,hhchronicrrh,,,,,,,,,,,,,,,,,
155,LSAPerson File,Data Error,0,1,LSAPerson,"There is a mismatch in your data between the HHTypePSH field and the HHChronicPSH field. The HHTypePSH field identifies the household types for all clients served in PSH. The HHChronicPSH field identifies the household types in which people were served in chronically homeless households in PSH. In row {row_num} in your LSAPerson file, we see zero clients for Child Only households in PSH. But there are people classified in chronically homeless households for PSH. If a person was not served in an Child Only household in PSH, they cannot be in a chronically homeless Child Only household in PSH. This is not an issue that can be fixed by looking at your LSAPerson file because client-level information (like a personal ID) is not stored there. You may need vendor assistance to resolve this error.","find(strip(put(hhtypepsh,32.)),'3')=0 & find(strip(put(hhchronicpsh,32.)),'3')>0 & hhtypepsh>-1",row_num,hhtypepsh,hhchronicpsh,,,,,,,,,,,,,,,,,
156,LSAPerson File,Data Error,0,1,LSAPerson,"There is a mismatch in your data between the HHTypeEST field and the HHChronicEST field. The HHTypeEST field identifies the household types for all clients served in ES/SH/TH. The HHChronicEST field identifies the household types in which people were served in chronically homeless households in ES/SH/TH. In row {row_num} in your LSAPerson file, we see zero clients for unclassifiable (UN) households in ES/SH/TH. But there are people classified in chronically homeless households for ES/SH/TH. If a person was not served in an unclassifiable (UN) household in ES/SH/TH, they cannot be in a chronically homeless unclassifiable (UN) household in ES/SH/TH. This is not an issue that can be fixed by looking at your LSAPerson file because client-level information (like a personal ID) is not stored there. You may need vendor assistance to resolve this error.","find(strip(put(hhtypeest,32.)),'9')=0 & find(strip(put(hhchronicest,32.)),'9')>0 & hhtypeest>-1",row_num,hhtypeest,hhchronicest,,,,,,,,,,,,,,,,,
157,LSAPerson File,Data Error,0,1,LSAPerson,"There is a mismatch in your data between the HHTypeRRH field and the HHChronicRRH field. The HHTypeRRH field identifies the household types for all clients served in RRH. The HHChronicRRH field identifies the household types in which people were served in chronically homeless households in RRH. In row {row_num} in your LSAPerson file, we see zero clients for unclassifiable (UN) households in RRH. But there are people classified in chronically homeless households for RRH. If a person was not served in an unclassifiable (UN) household in RRH, they cannot be in a chronically homeless unclassifiable (UN) household in RRH. This is not an issue that can be fixed by looking at your LSAPerson file because client-level information (like a personal ID) is not stored there. You may need vendor assistance to resolve this error.","find(strip(put(hhtyperrh,32.)),'9')=0 & find(strip(put(hhchronicrrh,32.)),'9')>0 & hhtyperrh>-1",row_num,hhtyperrh,hhchronicrrh,,,,,,,,,,,,,,,,,
158,LSAPerson File,Data Error,0,1,LSAPerson,"There is a mismatch in your data between the HHTypePSH field and the HHChronicPSH field. The HHTypePSH field identifies the household types for all clients served in PSH. The HHChronicPSH field identifies the household types in which people were served in chronically homeless households in PSH. In row {row_num} in your LSAPerson file, we see zero clients for unclassifiable (UN) households in PSH. But there are people classified in chronically homeless households for PSH. If a person was not served in an unclassifiable (UN) household in PSH, they cannot be in a chronically homeless unclassifiable (UN) household in PSH. This is not an issue that can be fixed by looking at your LSAPerson file because client-level information (like a personal ID) is not stored there. You may need vendor assistance to resolve this error.","find(strip(put(hhtypepsh,32.)),'9')=0 & find(strip(put(hhchronicpsh,32.)),'9')>0 & hhtypepsh>-1",row_num,hhtypepsh,hhchronicpsh,,,,,,,,,,,,,,,,,
159,LSAPerson File,Data Error,0,1,LSAPerson,"There is a mismatch in your data between the HHTypeEST field and the HHVetEST field. Row {row_num} indicates a person was not served in ES/SH/TH during the report period, but that person is marked as being in a veteran household for ES/SH/TH. This is not an issue that can be fixed by looking at your LSAPerson file because client-level information (like a personal ID) is not stored there. You may need vendor assistance to resolve this error.",hhtypeest=-1 & hhvetest>-1,row_num,hhtypeest,hhvetest,,,,,,,,,,,,,,,,,
160,LSAPerson File,Data Error,0,1,LSAPerson,"There is a mismatch in your data between the HHTypePSH field and the HHVetPSH field. Row {row_num} indicates a person was not served in PSH during the report period, but that person is marked as being in a veteran household for RRH. This is not an issue that can be fixed by looking at your LSAPerson file because client-level information (like a personal ID) is not stored there. You may need vendor assistance to resolve this error.",hhtyperrh=-1 & hhvetrrh>-1,row_num,hhtyperrh,hhvetrrh,,,,,,,,,,,,,,,,,
161,LSAPerson File,Data Error,0,1,LSAPerson,"There is a mismatch in your data between the HHTypeRRH field and the HHVetRRH field. Row {row_num} indicates a person was not served in RRH during the report period, but that person is marked as being in a veteran household for RRH. This is not an issue that can be fixed by looking at your LSAPerson file because client-level information (like a personal ID) is not stored there. You may need vendor assistance to resolve this error.",hhtypepsh=-1 & hhvetpsh>-1,row_num,hhtypepsh,hhvetpsh,,,,,,,,,,,,,,,,,
162,LSAPerson File,Data Error,0,1,LSAPerson,"There is a discrepancy in your data between the HHTypeEST field and the HHVetEST field. In row {row_num} in your LSAPerson file, you have reported that people were NOT served in Adult Only households in ES/SH/TH, but you reported they were in veteran Adult Only households in ES/SH/TH. A person cannot be reported in a veteran household for a household type in which they were not served. This is not an issue that can be fixed by looking at your LSAPerson file because client-level information (like a personal ID) is not stored there. You may need vendor assistance to resolve this error.","find(strip(transtrn(put(hhtypeest,32.),'-1','neg')),'1')=0 & find(strip(transtrn(put(hhvetest,32.),'-1','neg')),'1')>0 & hhtypeest>-1",row_num,hhtypeest,hhvetest,,,,,,,,,,,,,,,,,
163,LSAPerson File,Data Error,0,1,LSAPerson,"There is a discrepancy in your data between the HHTypeRRH field and the HHVetRRH field. In row {row_num} in your LSAPerson file, you have reported that people were NOT served in Adult Only households in RRH, but you reported they were in veteran Adult Only households in RRH. A person cannot be reported in a veteran household for a household type in which they were not served. This is not an issue that can be fixed by looking at your LSAPerson file because client-level information (like a personal ID) is not stored there. You may need vendor assistance to resolve this error.","find(strip(transtrn(put(hhtyperrh,32.),'-1','neg')),'1')=0 & find(strip(transtrn(put(hhvetrrh,32.),'-1','neg')),'1')>0 & hhtyperrh>-1",row_num,hhtyperrh,hhvetrrh,,,,,,,,,,,,,,,,,
164,LSAPerson File,Data Error,0,1,LSAPerson,"There is a discrepancy in your data between the HHTypePSH field and the HHVetPSH field. In row {row_num} in your LSAPerson file, you have reported that people were NOT served in Aduly Only households in PSH, but you reported they were in veteran Adult Only households in PSH. A person cannot be reported in a veteran household for a household type in which they were not served. This is not an issue that can be fixed by looking at your LSAPerson file because client-level information (like a personal ID) is not stored there. You may need vendor assistance to resolve this error.","find(strip(transtrn(put(hhtypepsh,32.),'-1','neg')),'1')=0 & find(strip(transtrn(put(hhvetpsh,32.),'-1','neg')),'1')>0 & hhtypepsh>-1",row_num,hhtypepsh,hhvetpsh,,,,,,,,,,,,,,,,,
165,LSAPerson File,Data Error,0,1,LSAPerson,"There is a discrepancy in your data between the HHTypeEST field and the HHVetEST field. In row {row_num} in your LSAPerson file, you have reported that people were NOT served in Adult Child households in ES/SH/TH, but you reported they were in veteran Adult Child households in ES/SH/TH. A person cannot be reported in a veteran household for a household type in which they were not served. This is not an issue that can be fixed by looking at your LSAPerson file because client-level information (like a personal ID) is not stored there. You may need vendor assistance to resolve this error.","find(strip(put(hhtypeest,32.)),'2')=0 & find(strip(put(hhvetest,32.)),'2')>0 & hhtypeest>-1",row_num,hhtypeest,hhvetest,,,,,,,,,,,,,,,,,
166,LSAPerson File,Data Error,0,1,LSAPerson,"There is a discrepancy in your data between the HHTypeRRH field and the HHVetRRH field. In row {row_num} in your LSAPerson file, you have reported that people were NOT served in Adult Child households in RRH, but you reported they were in veteran Adult Child households in RRH. A person cannot be reported in a veteran household for a household type in which they were not served. This is not an issue that can be fixed by looking at your LSAPerson file because client-level information (like a personal ID) is not stored there. You may need vendor assistance to resolve this error.","find(strip(put(hhtyperrh,32.)),'2')=0 & find(strip(put(hhvetrrh,32.)),'2')>0 & hhtyperrh>-1",row_num,hhtyperrh,hhvetrrh,,,,,,,,,,,,,,,,,
167,LSAPerson File,Data Error,0,1,LSAPerson,"There is a discrepancy in your data between the HHTypePSH field and the HHVetPSH field. In row {row_num} in your LSAPerson file, you have reported that people were NOT served in Aduly Child households in PSH, but you reported they were in veteran Adult Child households in PSH. A person cannot be reported in a veteran household for a household type in which they were not served. This is not an issue that can be fixed by looking at your LSAPerson file because client-level information (like a personal ID) is not stored there. You may need vendor assistance to resolve this error.","find(strip(put(hhtypepsh,32.)),'2')=0 & find(strip(put(hhvetpsh,32.)),'2')>0 & hhtypepsh>-1",row_num,hhtypepsh,hhvetpsh,,,,,,,,,,,,,,,,,
168,LSAPerson File,Data Error,0,1,LSAPerson,"There is a discrepancy in your data between the HHTypeEST field and the HHVetEST field. In row {row_num} in your LSAPerson file, you have reported that people were NOT served in unclassifiable (UN) households in ES/SH/TH, but you reported they were in veteran unclassifiable (UN) households in ES/SH/TH. A person cannot be reported in a veteran household for a household type in which they were not served. This is not an issue that can be fixed by looking at your LSAPerson file because client-level information (like a personal ID) is not stored there. You may need vendor assistance to resolve this error.","find(strip(put(hhtypeest,32.)),'9')=0 & find(strip(put(hhvetest,32.)),'9')>0 & hhtypeest>-1",row_num,hhtypeest,hhvetest,,,,,,,,,,,,,,,,,
169,LSAPerson File,Data Error,0,1,LSAPerson,"There is a discrepancy in your data between the HHTypeRRH field and the HHVetRRH field. In row {row_num} in your LSAPerson file, you have reported that people were NOT served in unclassifiable (UN) households in RRH, but you reported they were in veteran unclassifiable (UN) households in RRH. A person cannot be reported in a veteran household for a household type in which they were not served. This is not an issue that can be fixed by looking at your LSAPerson file because client-level information (like a personal ID) is not stored there. You may need vendor assistance to resolve this error.","find(strip(put(hhtyperrh,32.)),'9')=0 & find(strip(put(hhvetrrh,32.)),'9')>0 & hhtyperrh>-1",row_num,hhtyperrh,hhvetrrh,,,,,,,,,,,,,,,,,
170,LSAPerson File,Data Error,0,1,LSAPerson,"There is a discrepancy in your data between the HHTypePSH field and the HHVetPSH field. In row {row_num} in your LSAPerson file, you have reported that people were NOT served in unclassifiable (UN) households in PSH, but you reported they were in veteran unclassifiable (UN) households in PSH. A person cannot be reported in a veteran household for a household type in which they were not served. This is not an issue that can be fixed by looking at your LSAPerson file because client-level information (like a personal ID) is not stored there. You may need vendor assistance to resolve this error.","find(strip(put(hhtypepsh,32.)),'9')=0 & find(strip(put(hhvetpsh,32.)),'9')>0 & hhtypepsh>-1",row_num,hhtypepsh,hhvetpsh,,,,,,,,,,,,,,,,,
171,LSAPerson File,Data Error,0,1,LSAPerson,"There is a mismatch in your data between the HHTypeEST field and the HHDisabilityEST field. Row {row_num} indicates a person was not served in ES/SH/TH during the report period, but that person is marked as being in a household with a disabled member for ES/SH/TH. This is not an issue that can be fixed by looking at your LSAPerson file because client-level information (like a personal ID) is not stored there. You may need vendor assistance to resolve this error.",hhtypeest=-1 & hhdisabilityest>-1,row_num,hhtypeest,hhdisabilityest,,,,,,,,,,,,,,,,,
172,LSAPerson File,Data Error,0,1,LSAPerson,"There is a mismatch in your data between the HHTypeRRH field and the HHDisabilityRRH field. Row {row_num} indicates a person was not served in RRH during the report period, but that person is marked as being in a household with a disabled member for RRH. This is not an issue that can be fixed by looking at your LSAPerson file because client-level information (like a personal ID) is not stored there. You may need vendor assistance to resolve this error.",hhtyperrh=-1 & hhdisabilityrrh>-1,row_num,hhtyperrh,hhdisabilityrrh,,,,,,,,,,,,,,,,,
173,LSAPerson File,Data Error,0,1,LSAPerson,"There is a mismatch in your data between the HHTypePSH field and the HHDisabilityRRH field. Row {row_num} indicates a person was not served in PSH during the report period, but that person is marked as being in a household with a disabled member for PSH. This is not an issue that can be fixed by looking at your LSAPerson file because client-level information (like a personal ID) is not stored there. You may need vendor assistance to resolve this error.",hhtypepsh=-1 & hhdisabilitypsh>-1,row_num,hhtypepsh,hhdisabilitypsh,,,,,,,,,,,,,,,,,
174,LSAPerson File,Data Error,0,1,LSAPerson,"There is a discrepancy in your data between the HHTypeEST field and the HHDisabilityEST field. In row {row_num} in your LSAPerson file, you have reported that people were NOT served in Adult Only households in ES/SH/TH, but you reported they were in Adult Only households with a disabled member in ES/SH/TH. A person cannot be reported in a household with a disabled family member for a household type in which they were not served. This is not an issue that can be fixed by looking at your LSAPerson file because client-level information (like a personal ID) is not stored there. You may need vendor assistance to resolve this error.","find(strip(transtrn(put(hhtypeest,32.),'-1','neg')),'1')=0 & find(strip(transtrn(put(hhdisabilityest,32.),'-1','neg')),'1')>0 & hhtypeest>-1",row_num,hhtypeest,hhdisabilityest,,,,,,,,,,,,,,,,,
175,LSAPerson File,Data Error,0,1,LSAPerson,"There is a discrepancy in your data between the HHTypeRRH field and the HHDisabilityRRH field. In row {row_num} in your LSAPerson file, you have reported that people were NOT served in Adult Only households in RRH, but you reported they were in Adult Only households with a disabled member in RRH. A person cannot be reported in a household with a disabled family member for a household type in which they were not served. This is not an issue that can be fixed by looking at your LSAPerson file because client-level information (like a personal ID) is not stored there. You may need vendor assistance to resolve this error.","find(strip(transtrn(put(hhtyperrh,32.),'-1','neg')),'1')=0 & find(strip(transtrn(put(hhdisabilityrrh,32.),'-1','neg')),'1')>0 & hhtyperrh>-1",row_num,hhtyperrh,hhdisabilityrrh,,,,,,,,,,,,,,,,,
176,LSAPerson File,Data Error,0,1,LSAPerson,"There is a discrepancy in your data between the HHTypePSH field and the HHDisabilityPSH field. In row {row_num} in your LSAPerson file, you have reported that people were NOT served in Adult Only households in PSH, but you reported they were in Adult Only households with a disabled member in PSH. A person cannot be reported in a household with a disabled family member for a household type in which they were not served. This is not an issue that can be fixed by looking at your LSAPerson file because client-level information (like a personal ID) is not stored there. You may need vendor assistance to resolve this error.","find(strip(transtrn(put(hhtypepsh,32.),'-1','neg')),'1')=0 & find(strip(transtrn(put(hhdisabilitypsh,32.),'-1','neg')),'1')>0 & hhtypepsh>-1",row_num,hhtypepsh,hhdisabilitypsh,,,,,,,,,,,,,,,,,
177,LSAPerson File,Data Error,0,1,LSAPerson,"There is a discrepancy in your data between the HHTypeEST field and the HHDisabilityEST field. In row {row_num} in your LSAPerson file, you have reported that people were NOT served in Adult Child households in ES/SH/TH, but you reported they were in Adult Child households with a disabled member in ES/SH/TH. A person cannot be reported in a household with a disabled family member for a household type in which they were not served. This is not an issue that can be fixed by looking at your LSAPerson file because client-level information (like a personal ID) is not stored there. You may need vendor assistance to resolve this error.","find(strip(put(hhtypeest,32.)),'2')=0 & find(strip(put(hhdisabilityest,32.)),'2')>0 & hhtypeest>-1",row_num,hhtypeest,hhdisabilityest,,,,,,,,,,,,,,,,,
178,LSAPerson File,Data Error,0,1,LSAPerson,"There is a discrepancy in your data between the HHTypeRRH field and the HHDisabilityRRH field. In row {row_num} in your LSAPerson file, you have reported that people were NOT served in Adult Child households in RRH, but you reported they were in Adult Child households with a disabled member in RRH. A person cannot be reported in a household with a disabled family member for a household type in which they were not served. This is not an issue that can be fixed by looking at your LSAPerson file because client-level information (like a personal ID) is not stored there. You may need vendor assistance to resolve this error.","find(strip(put(hhtyperrh,32.)),'2')=0 & find(strip(put(hhdisabilityrrh,32.)),'2')>0 & hhtyperrh>-1",row_num,hhtyperrh,hhdisabilityrrh,,,,,,,,,,,,,,,,,
179,LSAPerson File,Data Error,0,1,LSAPerson,"There is a discrepancy in your data between the HHTypePSH field and the HHDisabilityPSH field. In row {row_num} in your LSAPerson file, you have reported that people were NOT served in Adult Child households in PSH, but you reported they were in Adult Child households with a disabled member in PSH. A person cannot be reported in a household with a disabled family member for a household type in which they were not served. This is not an issue that can be fixed by looking at your LSAPerson file because client-level information (like a personal ID) is not stored there. You may need vendor assistance to resolve this error.","find(strip(put(hhtypepsh,32.)),'2')=0 & find(strip(put(hhdisabilitypsh,32.)),'2')>0 & hhtypepsh>-1",row_num,hhtypepsh,hhdisabilitypsh,,,,,,,,,,,,,,,,,
180,LSAPerson File,Data Error,0,1,LSAPerson,"There is a discrepancy in your data between the HHTypeEST field and the HHDisabilityEST field. In row {row_num} in your LSAPerson file, you have reported that people were NOT served in Child Only households in ES/SH/TH, but you reported they were in Child Only households with a disabled member in ES/SH/TH. A person cannot be reported in a household with a disabled family member for a household type in which they were not served. This is not an issue that can be fixed by looking at your LSAPerson file because client-level information (like a personal ID) is not stored there. You may need vendor assistance to resolve this error.","find(strip(put(hhtypeest,32.)),'3')=0 & find(strip(put(hhdisabilityest,32.)),'3')>0 & hhtypeest>-1",row_num,hhtypeest,hhdisabilityest,,,,,,,,,,,,,,,,,
181,LSAPerson File,Data Error,0,1,LSAPerson,"There is a discrepancy in your data between the HHTypeRRH field and the HHDisabilityRRH field. In row {row_num} in your LSAPerson file, you have reported that people were NOT served in Child Only households in RRH, but you reported they were in Child Only households with a disabled member in RRH. A person cannot be reported in a household with a disabled family member for a household type in which they were not served. This is not an issue that can be fixed by looking at your LSAPerson file because client-level information (like a personal ID) is not stored there. You may need vendor assistance to resolve this error.","find(strip(put(hhtyperrh,32.)),'3')=0 & find(strip(put(hhdisabilityrrh,32.)),'3')>0 & hhtyperrh>-1",row_num,hhtyperrh,hhdisabilityrrh,,,,,,,,,,,,,,,,,
182,LSAPerson File,Data Error,0,1,LSAPerson,"There is a discrepancy in your data between the HHTypePSH field and the HHDisabilityPSH field. In row {row_num} in your LSAPerson file, you have reported that people were NOT served in Child Only households in PSH, but you reported they were in Child Only households with a disabled member in PSH. A person cannot be reported in a household with a disabled family member for a household type in which they were not served. This is not an issue that can be fixed by looking at your LSAPerson file because client-level information (like a personal ID) is not stored there. You may need vendor assistance to resolve this error.","find(strip(put(hhtypepsh,32.)),'3')=0 & find(strip(put(hhdisabilitypsh,32.)),'3')>0 & hhtypepsh>-1",row_num,hhtypepsh,hhdisabilitypsh,,,,,,,,,,,,,,,,,
183,LSAPerson File,Data Error,0,1,LSAPerson,"There is a discrepancy in your data between the HHTypeEST field and the HHDisabilityEST field. In row {row_num} in your LSAPerson file, you have reported that people were NOT served in unclassifiable (UN) households in ES/SH/TH, but you reported they were in unclassifiable (UN) households with a disabled member in ES/SH/TH. A person cannot be reported in a household with a disabled family member for a household type in which they were not served. This is not an issue that can be fixed by looking at your LSAPerson file because client-level information (like a personal ID) is not stored there. You may need vendor assistance to resolve this error.","find(strip(put(hhtypeest,32.)),'9')=0 & find(strip(put(hhdisabilityest,32.)),'9')>0 & hhtypeest>-1",row_num,hhtypeest,hhdisabilityest,,,,,,,,,,,,,,,,,
184,LSAPerson File,Data Error,0,1,LSAPerson,"There is a discrepancy in your data between the HHTypeRRH field and the HHDisabilityRRH field. In row {row_num} in your LSAPerson file, you have reported that people were NOT served in unclassifiable (UN) households in RRH, but you reported they were in unclassifiable (UN) households with a disabled member in RRH. A person cannot be reported in a household with a disabled family member for a household type in which they were not served. This is not an issue that can be fixed by looking at your LSAPerson file because client-level information (like a personal ID) is not stored there. You may need vendor assistance to resolve this error.","find(strip(put(hhtyperrh,32.)),'9')=0 & find(strip(put(hhdisabilityrrh,32.)),'9')>0 & hhtyperrh>-1",row_num,hhtyperrh,hhdisabilityrrh,,,,,,,,,,,,,,,,,
185,LSAPerson File,Data Error,0,1,LSAPerson,"There is a discrepancy in your data between the HHTypePSH field and the HHDisabilityPSH field. In row {row_num} in your LSAPerson file, you have reported that people were NOT served in unclassifiable (UN) households in PSH, but you reported they were in unclassifiable (UN) households with a disabled member in PSH. A person cannot be reported in a household with a disabled family member for a household type in which they were not served. This is not an issue that can be fixed by looking at your LSAPerson file because client-level information (like a personal ID) is not stored there. You may need vendor assistance to resolve this error.","find(strip(put(hhtypepsh,32.)),'9')=0 & find(strip(put(hhdisabilitypsh,32.)),'9')>0 & hhtypepsh>-1",row_num,hhtypepsh,hhdisabilitypsh,,,,,,,,,,,,,,,,,
186,LSAPerson File,Data Error,0,1,LSAPerson,"There is a mismatch in your data between the HHTypeEST field and the HHFleeingDVEST field. Row {row_num} indicates a person was not served in ES/SH/TH during the report period, but that person is marked as being in a household with a member fleeing DV for ES/SH/TH. This is not an issue that can be fixed by looking at your LSAPerson file because client-level information (like a personal ID) is not stored there. You may need vendor assistance to resolve this error.",hhtypeest=-1 & hhfleeingdvest>-1,row_num,hhtypeest,hhfleeingdvest,,,,,,,,,,,,,,,,,
187,LSAPerson File,Data Error,0,1,LSAPerson,"There is a mismatch in your data between the HHTypeRRH field and the HHFleeingDVRRH field. Row {row_num} indicates a person was not served in RRH during the report period, but that person is marked as being in a household with a member fleeing DV for RRH. This is not an issue that can be fixed by looking at your LSAPerson file because client-level information (like a personal ID) is not stored there. You may need vendor assistance to resolve this error.",hhtyperrh=-1 & hhfleeingdvrrh>-1,row_num,hhtyperrh,hhfleeingdvrrh,,,,,,,,,,,,,,,,,
188,LSAPerson File,Data Error,0,1,LSAPerson,"There is a mismatch in your data between the HHTypePSH field and the HHFleeingDVPSH field. Row {row_num} indicates a person was not served in PSH during the report period, but that person is marked as being in a household with a member fleeing DV for PSH. This is not an issue that can be fixed by looking at your LSAPerson file because client-level information (like a personal ID) is not stored there. You may need vendor assistance to resolve this error.",hhtypepsh=-1 & hhfleeingdvpsh>-1,row_num,hhtypepsh,hhfleeingdvpsh,,,,,,,,,,,,,,,,,
189,LSAPerson File,Data Error,0,1,LSAPerson,"There is a discrepancy in your data between the HHTypeEST field and the HHFleeingDVEST field. In row {row_num} in your LSAPerson file, you have reported that people were NOT served in Adult Only households in ES/SH/TH, but you reported they were in Adult Only households with a member fleeing DV in ES/SH/TH. A person cannot be reported in a household with a disabled family member for a household type in which they were not served. This is not an issue that can be fixed by looking at your LSAPerson file because client-level information (like a personal ID) is not stored there. You may need vendor assistance to resolve this error.","find(strip(transtrn(put(hhtypeest,32.),'-1','neg')),'1')=0 & find(strip(transtrn(put(hhfleeingdvest,32.),'-1','neg')),'1')>0 & hhtypeest>-1",row_num,hhtypeest,hhfleeingdvest,,,,,,,,,,,,,,,,,
190,LSAPerson File,Data Error,0,1,LSAPerson,"There is a discrepancy in your data between the HHTypeRRH field and the HHFleeingDVRRH field. In row {row_num} in your LSAPerson file, you have reported that people were NOT served in Adult Only households in RRH, but you reported they were in Adult Only households with a member fleeing DV in RRH. A person cannot be reported in a household with a disabled family member for a household type in which they were not served. This is not an issue that can be fixed by looking at your LSAPerson file because client-level information (like a personal ID) is not stored there. You may need vendor assistance to resolve this error.","find(strip(transtrn(put(hhtyperrh,32.),'-1','neg')),'1')=0 & find(strip(transtrn(put(hhfleeingdvrrh,32.),'-1','neg')),'1')>0 & hhtyperrh>-1",row_num,hhtyperrh,hhfleeingdvrrh,,,,,,,,,,,,,,,,,
191,LSAPerson File,Data Error,0,1,LSAPerson,"There is a discrepancy in your data between the HHTypePSH field and the HHFleeingDVPSH field. In row {row_num} in your LSAPerson file, you have reported that people were NOT served in Adult Only households in PSH, but you reported they were in Adult Only households with a member fleeing DV in PSH. A person cannot be reported in a household with a disabled family member for a household type in which they were not served. This is not an issue that can be fixed by looking at your LSAPerson file because client-level information (like a personal ID) is not stored there. You may need vendor assistance to resolve this error.","find(strip(transtrn(put(hhtypepsh,32.),'-1','neg')),'1')=0 & find(strip(transtrn(put(hhfleeingdvpsh,32.),'-1','neg')),'1')>0 & hhtypepsh>-1",row_num,hhtypepsh,hhfleeingdvpsh,,,,,,,,,,,,,,,,,
192,LSAPerson File,Data Error,0,1,LSAPerson,"There is a discrepancy in your data between the HHTypeEST field and the HHFleeingDVEST field. In row {row_num} in your LSAPerson file, you have reported that people were NOT served in Adult Child households in ES/SH/TH, but you reported they were in Adult Child households with a member fleeing DV in ES/SH/TH. A person cannot be reported in a household with a disabled family member for a household type in which they were not served. This is not an issue that can be fixed by looking at your LSAPerson file because client-level information (like a personal ID) is not stored there. You may need vendor assistance to resolve this error.","find(strip(put(hhtypeest,32.)),'2')=0 & find(strip(put(hhfleeingdvest,32.)),'2')>0 & hhtypeest>-1",row_num,hhtypeest,hhfleeingdvest,,,,,,,,,,,,,,,,,
193,LSAPerson File,Data Error,0,1,LSAPerson,"There is a discrepancy in your data between the HHTypeRRH field and the HHFleeingDVRRH field. In row {row_num} in your LSAPerson file, you have reported that people were NOT served in Adult Child households in RRH, but you reported they were in Adult Child households with a member fleeing DV in RRH. A person cannot be reported in a household with a disabled family member for a household type in which they were not served. This is not an issue that can be fixed by looking at your LSAPerson file because client-level information (like a personal ID) is not stored there. You may need vendor assistance to resolve this error.","find(strip(put(hhtyperrh,32.)),'2')=0 & find(strip(put(hhfleeingdvrrh,32.)),'2')>0 & hhtyperrh>-1",row_num,hhtyperrh,hhfleeingdvrrh,,,,,,,,,,,,,,,,,
194,LSAPerson File,Data Error,0,1,LSAPerson,"There is a discrepancy in your data between the HHTypePSH field and the HHFleeingDVPSH field. In row {row_num} in your LSAPerson file, you have reported that people were NOT served in Adult Child households in PSH, but you reported they were in Adult Child households with a member fleeing DV in PSH. A person cannot be reported in a household with a disabled family member for a household type in which they were not served. This is not an issue that can be fixed by looking at your LSAPerson file because client-level information (like a personal ID) is not stored there. You may need vendor assistance to resolve this error.","find(strip(put(hhtypepsh,32.)),'2')=0 & find(strip(put(hhfleeingdvpsh,32.)),'2')>0 & hhtypepsh>-1",row_num,hhtypepsh,hhfleeingdvpsh,,,,,,,,,,,,,,,,,
195,LSAPerson File,Data Error,0,1,LSAPerson,"There is a discrepancy in your data between the HHTypeEST field and the HHFleeingDVEST field. In row {row_num} in your LSAPerson file, you have reported that people were NOT served in Child Only households in ES/SH/TH, but you reported they were in Child Only households with a member fleeing DV in ES/SH/TH. A person cannot be reported in a household with a disabled family member for a household type in which they were not served. This is not an issue that can be fixed by looking at your LSAPerson file because client-level information (like a personal ID) is not stored there. You may need vendor assistance to resolve this error.","find(strip(put(hhtypeest,32.)),'3')=0 & find(strip(put(hhfleeingdvest,32.)),'3')>0 & hhtypeest>-1",row_num,hhtypeest,hhfleeingdvest,,,,,,,,,,,,,,,,,
196,LSAPerson File,Data Error,0,1,LSAPerson,"There is a discrepancy in your data between the HHTypeRRH field and the HHFleeingDVRRH field. In row {row_num} in your LSAPerson file, you have reported that people were NOT served in Child Only households in RRH, but you reported they were in Child Only households with a member fleeing DV in RRH. A person cannot be reported in a household with a disabled family member for a household type in which they were not served. This is not an issue that can be fixed by looking at your LSAPerson file because client-level information (like a personal ID) is not stored there. You may need vendor assistance to resolve this error.","find(strip(put(hhtyperrh,32.)),'3')=0 & find(strip(put(hhfleeingdvrrh,32.)),'3')>0 & hhtyperrh>-1",row_num,hhtyperrh,hhfleeingdvrrh,,,,,,,,,,,,,,,,,
197,LSAPerson File,Data Error,0,1,LSAPerson,"There is a discrepancy in your data between the HHTypePSH field and the HHFleeingDVPSH field. In row {row_num} in your LSAPerson file, you have reported that people were NOT served in Child Only households in PSH, but you reported they were in Child Only households with a member fleeing DV in PSH. A person cannot be reported in a household with a disabled family member for a household type in which they were not served. This is not an issue that can be fixed by looking at your LSAPerson file because client-level information (like a personal ID) is not stored there. You may need vendor assistance to resolve this error.","find(strip(put(hhtypepsh,32.)),'3')=0 & find(strip(put(hhfleeingdvpsh,32.)),'3')>0 & hhtypepsh>-1",row_num,hhtypepsh,hhfleeingdvpsh,,,,,,,,,,,,,,,,,
198,LSAPerson File,Data Error,0,1,LSAPerson,"There is a discrepancy in your data between the HHTypeEST field and the HHFleeingDVEST field. In row {row_num} in your LSAPerson file, you have reported that people were NOT served in unclassifiable (UN) households in ES/SH/TH, but you reported they were in unclassifiable (UN) households with a member fleeing DV in ES/SH/TH. A person cannot be reported in a household with a disabled family member for a household type in which they were not served. This is not an issue that can be fixed by looking at your LSAPerson file because client-level information (like a personal ID) is not stored there. You may need vendor assistance to resolve this error.","find(strip(put(hhtypeest,32.)),'9')=0 & find(strip(put(hhfleeingdvest,32.)),'9')>0 & hhtypeest>-1",row_num,hhtypeest,hhfleeingdvest,,,,,,,,,,,,,,,,,
199,LSAPerson File,Data Error,0,1,LSAPerson,"There is a discrepancy in your data between the HHTypeRRH field and the HHFleeingDVRRH field. In row {row_num} in your LSAPerson file, you have reported that people were NOT served in unclassifiable (UN) households in RRH, but you reported they were in unclassifiable (UN) households with a member fleeing DV in RRH. A person cannot be reported in a household with a disabled family member for a household type in which they were not served. This is not an issue that can be fixed by looking at your LSAPerson file because client-level information (like a personal ID) is not stored there. You may need vendor assistance to resolve this error.","find(strip(put(hhtyperrh,32.)),'9')=0 & find(strip(put(hhfleeingdvrrh,32.)),'9')>0 & hhtyperrh>-1",row_num,hhtyperrh,hhfleeingdvrrh,,,,,,,,,,,,,,,,,
200,LSAPerson File,Data Error,0,1,LSAPerson,"There is a discrepancy in your data between the HHTypePSH field and the HHFleeingDVPSH field. In row {row_num} in your LSAPerson file, you have reported that people were NOT served in unclassifiable (UN) households in PSH, but you reported they were in unclassifiable (UN) households with a member fleeing DV in PSH. A person cannot be reported in a household with a disabled family member for a household type in which they were not served. This is not an issue that can be fixed by looking at your LSAPerson file because client-level information (like a personal ID) is not stored there. You may need vendor assistance to resolve this error.","find(strip(put(hhtypepsh,32.)),'9')=0 & find(strip(put(hhfleeingdvpsh,32.)),'9')>0 & hhtypepsh>-1",row_num,hhtypepsh,hhfleeingdvpsh,,,,,,,,,,,,,,,,,
201,LSAPerson File,Data Error,0,1,LSAPerson,"There is a mismatch in your data between the HHTypeEST field and the HHParentEST field. Row {row_num} indicates a person was not served in ES/SH/TH during the report period, but that they are in a parenting household for ES/SH/TH. This is not an issue that can be fixed by looking at your LSAPerson file because client-level information (like a personal ID) is not stored there. You may need vendor assistance to resolve this error.",hhtypeest=-1 & hhparentest>-1,row_num,hhtypeest,hhparentest,,,,,,,,,,,,,,,,,
202,LSAPerson File,Data Error,0,1,LSAPerson,"There is a mismatch in your data between the HHTypeRRH field and the HHParentRRH field. Row {row_num} indicates a person was not served in RRH during the report period, but that they are in a parenting household for RRH. This is not an issue that can be fixed by looking at your LSAPerson file because client-level information (like a personal ID) is not stored there. You may need vendor assistance to resolve this error.",hhtyperrh=-1 & hhparentrrh>-1,row_num,hhtyperrh,hhparentrrh,,,,,,,,,,,,,,,,,
203,LSAPerson File,Data Error,0,1,LSAPerson,"There is a mismatch in your data between the HHTypePSH field and the HHParentPSH field. Row {row_num} indicates a person was not served in PSH during the report period, but that they are in a parenting household for PSH. This is not an issue that can be fixed by looking at your LSAPerson file because client-level information (like a personal ID) is not stored there. You may need vendor assistance to resolve this error.",hhtypepsh=-1 & hhparentpsh>-1,row_num,hhtypepsh,hhparentpsh,,,,,,,,,,,,,,,,,
204,LSAPerson File,Data Error,0,1,LSAPerson,"There is a discrepancy in your data between the HHTypeEST field and the HHParentEST field. In row {row_num} in your LSAPerson file, you have reported that people were NOT served in Adult Only households in ES/SH/TH, but you reported they were in parenting Adult Only households in ES/SH/TH. A person cannot be reported in a parenting household  for a household type in which they was not served. This is not an issue that can be fixed by looking at your LSAPerson file because client-level information (like a personal ID) is not stored there. You may need vendor assistance to resolve this error.","find(strip(transtrn(put(hhtypeest,32.),'-1','neg')),'1')=0 & find(strip(transtrn(put(hhparentest,32.),'-1','neg')),'1')>0 & hhtypeest>-1",row_num,hhtypeest,hhparentest,,,,,,,,,,,,,,,,,
205,LSAPerson File,Data Error,0,1,LSAPerson,"There is a discrepancy in your data between the HHTypeRRH field and the HHParentRRH field. In row {row_num} in your LSAPerson file, you have reported that people were NOT served in Adult Only households in RRH, but you reported they were in parenting Adult Only households in RRH. A person cannot be reported in a parenting household  for a household type in which they was not served. This is not an issue that can be fixed by looking at your LSAPerson file because client-level information (like a personal ID) is not stored there. You may need vendor assistance to resolve this error.","find(strip(transtrn(put(hhtyperrh,32.),'-1','neg')),'1')=0 & find(strip(transtrn(put(hhparentrrh,32.),'-1','neg')),'1')>0 & hhtyperrh>-1",row_num,hhtyperrh,hhparentrrh,,,,,,,,,,,,,,,,,
206,LSAPerson File,Data Error,0,1,LSAPerson,"There is a discrepancy in your data between the HHTypePSH field and the HHParentPSH field. In row {row_num} in your LSAPerson file, you have reported that people were NOT served in Adult Only households in PSH, but you reported they were in parenting Adult Only households in PSH. A person cannot be reported in a parenting household  for a household type in which they was not served. This is not an issue that can be fixed by looking at your LSAPerson file because client-level information (like a personal ID) is not stored there. You may need vendor assistance to resolve this error.","find(strip(transtrn(put(hhtypepsh,32.),'-1','neg')),'1')=0 & find(strip(transtrn(put(hhparentpsh,32.),'-1','neg')),'1')>0 & hhtypepsh>-1",row_num,hhtypepsh,hhparentpsh,,,,,,,,,,,,,,,,,
207,LSAPerson File,Data Error,0,1,LSAPerson,"There is a discrepancy in your data between the HHTypeEST field and the HHParentEST field. In row {row_num} in your LSAPerson file, you have reported that people were NOT served in Adult Child households in ES/SH/TH, but you reported they were in parenting Adult Child households in ES/SH/TH. A person cannot be reported in a parenting household  for a household type in which they was not served. This is not an issue that can be fixed by looking at your LSAPerson file because client-level information (like a personal ID) is not stored there. You may need vendor assistance to resolve this error.","find(strip(put(hhtypeest,32.)),'2')=0 & find(strip(put(hhparentest,32.)),'2')>0 & hhtypeest>-1",row_num,hhtypeest,hhparentest,,,,,,,,,,,,,,,,,
208,LSAPerson File,Data Error,0,1,LSAPerson,"There is a discrepancy in your data between the HHTypeRRH field and the HHParentRRH field. In row {row_num} in your LSAPerson file, you have reported that people were NOT served in Adult Child households in RRH, but you reported they were in parenting Adult Child households in RRH. A person cannot be reported in a parenting household  for a household type in which they was not served. This is not an issue that can be fixed by looking at your LSAPerson file because client-level information (like a personal ID) is not stored there. You may need vendor assistance to resolve this error.","find(strip(put(hhtyperrh,32.)),'2')=0 & find(strip(put(hhparentrrh,32.)),'2')>0 & hhtyperrh>-1",row_num,hhtyperrh,hhparentrrh,,,,,,,,,,,,,,,,,
209,LSAPerson File,Data Error,0,1,LSAPerson,"There is a discrepancy in your data between the HHTypePSH field and the HHParentPSH field. In row {row_num} in your LSAPerson file, you have reported that people were NOT served in Adult Child households in PSH, but you reported they were in parenting Adult Child households in PSH. A person cannot be reported in a parenting household  for a household type in which they was not served. This is not an issue that can be fixed by looking at your LSAPerson file because client-level information (like a personal ID) is not stored there. You may need vendor assistance to resolve this error.","find(strip(put(hhtypepsh,32.)),'2')=0 & find(strip(put(hhparentpsh,32.)),'2')>0 & hhtypepsh>-1",row_num,hhtypepsh,hhparentpsh,,,,,,,,,,,,,,,,,
210,LSAPerson File,Data Error,0,1,LSAPerson,"There is a discrepancy in your data between the HHTypeEST field and the HHParentEST field. In row {row_num} in your LSAPerson file, you have reported that people were NOT served in Child Only households in ES/SH/TH, but you reported they were in parenting Child Only households in ES/SH/TH. A person cannot be reported in a parenting household  for a household type in which they was not served. This is not an issue that can be fixed by looking at your LSAPerson file because client-level information (like a personal ID) is not stored there. You may need vendor assistance to resolve this error.","find(strip(put(hhtypeest,32.)),'3')=0 & find(strip(put(hhparentest,32.)),'3')>0 & hhtypeest>-1",row_num,hhtypeest,hhparentest,,,,,,,,,,,,,,,,,
211,LSAPerson File,Data Error,0,1,LSAPerson,"There is a discrepancy in your data between the HHTypeRRH field and the HHParentRRH field. In row {row_num} in your LSAPerson file, you have reported that people were NOT served in Child Only households in RRH, but you reported they were in parenting Child Only households in RRH. A person cannot be reported in a parenting household  for a household type in which they was not served. This is not an issue that can be fixed by looking at your LSAPerson file because client-level information (like a personal ID) is not stored there. You may need vendor assistance to resolve this error.","find(strip(put(hhtyperrh,32.)),'3')=0 & find(strip(put(hhparentrrh,32.)),'3')>0 & hhtyperrh>-1",row_num,hhtyperrh,hhparentrrh,,,,,,,,,,,,,,,,,
212,LSAPerson File,Data Error,0,1,LSAPerson,"There is a discrepancy in your data between the HHTypePSH field and the HHParentPSH field. In row {row_num} in your LSAPerson file, you have reported that people were NOT served in Child Only households in PSH, but you reported they were in parenting Child Only households in PSH. A person cannot be reported in a parenting household  for a household type in which they was not served. This is not an issue that can be fixed by looking at your LSAPerson file because client-level information (like a personal ID) is not stored there. You may need vendor assistance to resolve this error.","find(strip(put(hhtypepsh,32.)),'3')=0 & find(strip(put(hhparentpsh,32.)),'3')>0 & hhtypepsh>-1",row_num,hhtypepsh,hhparentpsh,,,,,,,,,,,,,,,,,
213,LSAPerson File,Data Error,0,1,LSAPerson,"There is a discrepancy in your data between the HHTypeEST field and the HHParentEST field. In row {row_num} in your LSAPerson file, you have reported that people were NOT served in unclassifiable (UN) households in ES/SH/TH, but you reported they were in parenting unclassifiable (UN) households in ES/SH/TH. A person cannot be reported in a parenting household  for a household type in which they was not served. This is not an issue that can be fixed by looking at your LSAPerson file because client-level information (like a personal ID) is not stored there. You may need vendor assistance to resolve this error.","find(strip(put(hhtypeest,32.)),'9')=0 & find(strip(put(hhparentest,32.)),'9')>0 & hhtypeest>-1",row_num,hhtypeest,hhparentest,,,,,,,,,,,,,,,,,
214,LSAPerson File,Data Error,0,1,LSAPerson,"There is a discrepancy in your data between the HHTypeRRH field and the HHParentRRH field. In row {row_num} in your LSAPerson file, you have reported that people were NOT served in unclassifiable (UN) households in RRH, but you reported they were in parenting unclassifiable (UN) households in RRH. A person cannot be reported in a parenting household  for a household type in which they was not served. This is not an issue that can be fixed by looking at your LSAPerson file because client-level information (like a personal ID) is not stored there. You may need vendor assistance to resolve this error.","find(strip(put(hhtyperrh,32.)),'9')=0 & find(strip(put(hhparentrrh,32.)),'9')>0 & hhtyperrh>-1",row_num,hhtyperrh,hhparentrrh,,,,,,,,,,,,,,,,,
215,LSAPerson File,Data Error,0,1,LSAPerson,"There is a discrepancy in your data between the HHTypePSH field and the HHParentPSH field. In row {row_num} in your LSAPerson file, you have reported that people were NOT served in unclassifiable (UN) households in PSH, but you reported they were in parenting unclassifiable (UN) households in PSH. A person cannot be reported in a parenting household  for a household type in which they was not served. This is not an issue that can be fixed by looking at your LSAPerson file because client-level information (like a personal ID) is not stored there. You may need vendor assistance to resolve this error.","find(strip(put(hhtypepsh,32.)),'9')=0 & find(strip(put(hhparentpsh,32.)),'9')>0 & hhtypepsh>-1",row_num,hhtypepsh,hhparentpsh,,,,,,,,,,,,,,,,,
216,LSAPerson File,Data Error,0,1,LSAPerson,"There is a mismatch in your data between the HHTypeEST field and the AIREST field. Row {row_num} indicates a person was not served in ES/SH/TH during the report period, but that they are in the AIR universe for ES/SH/TH. This is not an issue that can be fixed by looking at your LSAPerson file because client-level information (like a personal ID) is not stored there. You may need vendor assistance to resolve this error.",hhtypeest=-1 & airest>-1,row_num,hhtypeest,airest,,,,,,,,,,,,,,,,,
217,LSAPerson File,Data Error,0,1,LSAPerson,"There is a mismatch in your data between the HHTypeRRH field and the AIRRRH field. Row {row_num} indicates a person was not served in RRH during the report period, but that they are in the AIR universe for RRH. This is not an issue that can be fixed by looking at your LSAPerson file because client-level information (like a personal ID) is not stored there. You may need vendor assistance to resolve this error.",hhtyperrh=-1 & airrrh>-1,row_num,hhtyperrh,airrrh,,,,,,,,,,,,,,,,,
218,LSAPerson File,Data Error,0,1,LSAPerson,"There is a mismatch in your data between the HHTypePSH field and the AIRPSH field. Row {row_num} indicates a person was not served in PSH during the report period, but that they are in the AIR universe for PSH. This is not an issue that can be fixed by looking at your LSAPerson file because client-level information (like a personal ID) is not stored there. You may need vendor assistance to resolve this error.",hhtypepsh=-1 & airpsh>-1,row_num,hhtypepsh,airpsh,,,,,,,,,,,,,,,,,
219,LSAPerson File,Data Error,0,1,LSAPerson,"There is a mismatch in your data between the HHTypeEST field and the AIREST field. Row {row_num} indicates a person was not served in Adult Only households in ES/SH/TH during the report period, but that they are in the AIR universe for Adult Only households in ES/SH/TH. This is not an issue that can be fixed by looking at your LSAPerson file because client-level information (like a personal ID) is not stored there. You may need vendor assistance to resolve this error.","find(strip(transtrn(put(hhtypeest,32.),'-1','neg')),'1')=0 & find(strip(transtrn(put(airest,32.),'-1','neg')),'1')>0 & hhtypeest>-1",row_num,hhtypeest,airest,,,,,,,,,,,,,,,,,
220,LSAPerson File,Data Error,0,1,LSAPerson,"There is a mismatch in your data between the HHTypeRRH field and the AIRRRH field. Row {row_num} indicates a person was not served in Adult Only households in RRH during the report period, but that they are in the AIR universe for Adult Only households in RRH. This is not an issue that can be fixed by looking at your LSAPerson file because client-level information (like a personal ID) is not stored there. You may need vendor assistance to resolve this error.","find(strip(transtrn(put(hhtyperrh,32.),'-1','neg')),'1')=0 & find(strip(transtrn(put(airrrh,32.),'-1','neg')),'1')>0 & hhtyperrh>-1",row_num,hhtyperrh,airrrh,,,,,,,,,,,,,,,,,
221,LSAPerson File,Data Error,0,1,LSAPerson,"There is a mismatch in your data between the HHTypePSH field and the AIRPSH field. Row {row_num} indicates a person was not served in Adult Only households in PSH during the report period, but that they are in the AIR universe for Adult Only households in PSH. This is not an issue that can be fixed by looking at your LSAPerson file because client-level information (like a personal ID) is not stored there. You may need vendor assistance to resolve this error.","find(strip(transtrn(put(hhtypepsh,32.),'-1','neg')),'1')=0 & find(strip(transtrn(put(airpsh,32.),'-1','neg')),'1')>0 & hhtypepsh>-1",row_num,hhtypepsh,airpsh,,,,,,,,,,,,,,,,,
222,LSAPerson File,Data Error,0,1,LSAPerson,"There is a mismatch in your data between the HHTypeEST field and the AIREST field. Row {row_num} indicates a person was not served in Adult Child households in ES/SH/TH during the report period, but that they are in the AIR universe for Adult Child households in ES/SH/TH. This is not an issue that can be fixed by looking at your LSAPerson file because client-level information (like a personal ID) is not stored there. You may need vendor assistance to resolve this error.","find(strip(put(hhtypeest,32.)),'2')=0 & find(strip(put(airest,32.)),'2')>0 & hhtypeest>-1",row_num,hhtypeest,airest,,,,,,,,,,,,,,,,,
223,LSAPerson File,Data Error,0,1,LSAPerson,"There is a mismatch in your data between the HHTypeRRH field and the AIRRRH field. Row {row_num} indicates a person was not served in Adult Child households in RRH during the report period, but that they are in the AIR universe for Adult Child households in RRH. This is not an issue that can be fixed by looking at your LSAPerson file because client-level information (like a personal ID) is not stored there. You may need vendor assistance to resolve this error.","find(strip(put(hhtyperrh,32.)),'2')=0 & find(strip(put(airrrh,32.)),'2')>0 & hhtyperrh>-1",row_num,hhtyperrh,airrrh,,,,,,,,,,,,,,,,,
224,LSAPerson File,Data Error,0,1,LSAPerson,"There is a mismatch in your data between the HHTypePSH field and the AIRPSH field. Row {row_num} indicates a person was not served in Adult Child households in PSH during the report period, but that they are in the AIR universe for Adult Child households in PSH. This is not an issue that can be fixed by looking at your LSAPerson file because client-level information (like a personal ID) is not stored there. You may need vendor assistance to resolve this error.","find(strip(put(hhtypepsh,32.)),'2')=0 & find(strip(put(airpsh,32.)),'2')>0 & hhtypepsh>-1",row_num,hhtypepsh,airpsh,,,,,,,,,,,,,,,,,
225,LSAPerson File,Data Error,0,1,LSAPerson,"There is a mismatch in your data between the HHTypeEST field and the AIREST field. Row {row_num} indicates a person was not served in Child Only households in ES/SH/TH during the report period, but that they are in the AIR universe for Child Only households in ES/SH/TH. This is not an issue that can be fixed by looking at your LSAPerson file because client-level information (like a personal ID) is not stored there. You may need vendor assistance to resolve this error.","find(strip(put(hhtypeest,32.)),'3')=0 & find(strip(put(airest,32.)),'3')>0 & hhtypeest>-1",row_num,hhtypeest,airest,,,,,,,,,,,,,,,,,
226,LSAPerson File,Data Error,0,1,LSAPerson,"There is a mismatch in your data between the HHTypeRRH field and the AIRRRH field. Row {row_num} indicates a person was not served in Child Only households in RRH during the report period, but that they are in the AIR universe for Child Only households in RRH. This is not an issue that can be fixed by looking at your LSAPerson file because client-level information (like a personal ID) is not stored there. You may need vendor assistance to resolve this error.","find(strip(put(hhtyperrh,32.)),'3')=0 & find(strip(put(airrrh,32.)),'3')>0 & hhtyperrh>-1",row_num,hhtyperrh,airrrh,,,,,,,,,,,,,,,,,
227,LSAPerson File,Data Error,0,1,LSAPerson,"There is a mismatch in your data between the HHTypePSH field and the AIRPSH field. Row {row_num} indicates a person was not served in Child Only households in PSH during the report period, but that they are in the AIR universe for Child Only households in PSH. This is not an issue that can be fixed by looking at your LSAPerson file because client-level information (like a personal ID) is not stored there. You may need vendor assistance to resolve this error.","find(strip(put(hhtypepsh,32.)),'3')=0 & find(strip(put(airpsh,32.)),'3')>0 & hhtypepsh>-1",row_num,hhtypepsh,airpsh,,,,,,,,,,,,,,,,,
228,LSAPerson File,Data Error,0,1,LSAPerson,"There is a mismatch in your data between the HHTypeEST field and the AIREST field. Row {row_num} indicates a person was not served in unclassified (UN) households in ES/SH/TH during the report period, but that they are in the AIR universe for unclassified (UN) households in ES/SH/TH. This is not an issue that can be fixed by looking at your LSAPerson file because client-level information (like a personal ID) is not stored there. You may need vendor assistance to resolve this error.","find(strip(put(hhtypeest,32.)),'9')=0 & find(strip(put(airest,32.)),'9')>0 & hhtypeest>-1",row_num,hhtypeest,airest,,,,,,,,,,,,,,,,,
229,LSAPerson File,Data Error,0,1,LSAPerson,"There is a mismatch in your data between the HHTypeRRH field and the AIRRRH field. Row {row_num} indicates a person was not served in unclassified (UN) households in RRH during the report period, but that they are in the AIR universe for unclassified (UN) households in RRH. This is not an issue that can be fixed by looking at your LSAPerson file because client-level information (like a personal ID) is not stored there. You may need vendor assistance to resolve this error.","find(strip(put(hhtyperrh,32.)),'9')=0 & find(strip(put(airrrh,32.)),'9')>0 & hhtyperrh>-1",row_num,hhtyperrh,airrrh,,,,,,,,,,,,,,,,,
230,LSAPerson File,Data Error,0,1,LSAPerson,"There is a mismatch in your data between the HHTypePSH field and the AIRPSH field. Row {row_num} indicates a person was not served in unclassified (UN) households in PSH during the report period, but that they are in the AIR universe for unclassified (UN) households in PSH. This is not an issue that can be fixed by looking at your LSAPerson file because client-level information (like a personal ID) is not stored there. You may need vendor assistance to resolve this error.","find(strip(put(hhtypepsh,32.)),'9')=0 & find(strip(put(airpsh,32.)),'9')>0 & hhtypepsh>-1",row_num,hhtypepsh,airpsh,,,,,,,,,,,,,,,,,
231,LSAPerson File,Data Error,0,1,LSAPerson,"There is a mismatch in your data between the HHTypeEST field and the AIRHoHEST field. Row {row_num} indicates a person was not served as a head of household in ES/SH/TH during the report period, but that they are a head of household in the AIR universe for ES/SH/TH. This is not an issue that can be fixed by looking at your LSAPerson file because client-level information (like a personal ID) is not stored there. You may need vendor assistance to resolve this error.",hohest=-1 & airhohest>-1,row_num,hohest,airhohest,,,,,,,,,,,,,,,,,
232,LSAPerson File,Data Error,0,1,LSAPerson,"There is a mismatch in your data between the HHTypeRRH field and the AIRHoHRRH field. Row {row_num} indicates a person was not served as a head of household in RRH during the report period, but that they are a head of household in the AIR universe for RRH. This is not an issue that can be fixed by looking at your LSAPerson file because client-level information (like a personal ID) is not stored there. You may need vendor assistance to resolve this error.",hohrrh=-1 & airhohrrh>-1,row_num,hohrrh,airhohrrh,,,,,,,,,,,,,,,,,
233,LSAPerson File,Data Error,0,1,LSAPerson,"There is a mismatch in your data between the HHTypePSH field and the AIRHoHPSH field. Row {row_num} indicates a person was not served as a head of household in PSH during the report period, but that they are a head of household in the AIR universe for PSH. This is not an issue that can be fixed by looking at your LSAPerson file because client-level information (like a personal ID) is not stored there. You may need vendor assistance to resolve this error.",hohpsh=-1 & airhohpsh>-1,row_num,hohpsh,airhohpsh,,,,,,,,,,,,,,,,,
234,LSAPerson File,Data Error,0,1,LSAPerson,"There is a mismatch in your data between the HHTypeEST field and the AIRHoHEST field. Row {row_num} indicates a person was not served as a head of household in Adult Only households in ES/SH/TH during the report period, but that they are a head of household in the AIR universe for Adult Only households in ES/SH/TH. This is not an issue that can be fixed by looking at your LSAPerson file because client-level information (like a personal ID) is not stored there. You may need vendor assistance to resolve this error.","find(strip(transtrn(put(hohest,32.),'-1','neg')),'1')=0 & find(strip(transtrn(put(airhohest,32.),'-1','neg')),'1')>0 & hohest>-1",row_num,hohest,airhohest,,,,,,,,,,,,,,,,,
235,LSAPerson File,Data Error,0,1,LSAPerson,"There is a mismatch in your data between the HHTypeRRH field and the AIRHoHRRH field. Row {row_num} indicates a person was not served as a head of household in Adult Only households in RRH during the report period, but that they are a head of household in the AIR universe for Adult Only households in RRH. This is not an issue that can be fixed by looking at your LSAPerson file because client-level information (like a personal ID) is not stored there. You may need vendor assistance to resolve this error.","find(strip(transtrn(put(hohrrh,32.),'-1','neg')),'1')=0 & find(strip(transtrn(put(airhohrrh,32.),'-1','neg')),'1')>0 & hohrrh>-1",row_num,hohrrh,airhohrrh,,,,,,,,,,,,,,,,,
236,LSAPerson File,Data Error,0,1,LSAPerson,"There is a mismatch in your data between the HHTypePSH field and the AIRHoHPSH field. Row {row_num} indicates a person was not served as a head of household in Adult Only households in PSH during the report period, but that they are a head of household in the AIR universe for Adult Only households in PSH. This is not an issue that can be fixed by looking at your LSAPerson file because client-level information (like a personal ID) is not stored there. You may need vendor assistance to resolve this error.","find(strip(transtrn(put(hohpsh,32.),'-1','neg')),'1')=0 & find(strip(transtrn(put(airhohpsh,32.),'-1','neg')),'1')>0 & hohpsh>-1",row_num,hohpsh,airhohpsh,,,,,,,,,,,,,,,,,
237,LSAPerson File,Data Error,0,1,LSAPerson,"There is a mismatch in your data between the HHTypeEST field and the AIRHoHEST field. Row {row_num} indicates a person was not served as a head of household in Adult Child households in ES/SH/TH during the report period, but that they are a head of household in the AIR universe for Adult Child households in ES/SH/TH. This is not an issue that can be fixed by looking at your LSAPerson file because client-level information (like a personal ID) is not stored there. You may need vendor assistance to resolve this error.","find(strip(put(hohest,32.)),'2')=0 & find(strip(put(airhohest,32.)),'2')>0 & hohest>-1",row_num,hohest,airhohest,,,,,,,,,,,,,,,,,
238,LSAPerson File,Data Error,0,1,LSAPerson,"There is a mismatch in your data between the HHTypeRRH field and the AIRHoHRRH field. Row {row_num} indicates a person was not served as a head of household in Adult Child households in RRH during the report period, but that they are a head of household in the AIR universe for Adult Child households in RRH. This is not an issue that can be fixed by looking at your LSAPerson file because client-level information (like a personal ID) is not stored there. You may need vendor assistance to resolve this error.","find(strip(put(hohrrh,32.)),'2')=0 & find(strip(put(airhohrrh,32.)),'2')>0 & hohrrh>-1",row_num,hohrrh,airhohrrh,,,,,,,,,,,,,,,,,
239,LSAPerson File,Data Error,0,1,LSAPerson,"There is a mismatch in your data between the HHTypePSH field and the AIRHoHPSH field. Row {row_num} indicates a person was not served as a head of household in Adult Child households in PSH during the report period, but that they are a head of household in the AIR universe for Adult Child households in PSH. This is not an issue that can be fixed by looking at your LSAPerson file because client-level information (like a personal ID) is not stored there. You may need vendor assistance to resolve this error.","find(strip(put(hohpsh,32.)),'2')=0 & find(strip(put(airhohpsh,32.)),'2')>0 & hohpsh>-1",row_num,hohpsh,airhohpsh,,,,,,,,,,,,,,,,,
240,LSAPerson File,Data Error,0,1,LSAPerson,"There is a mismatch in your data between the HHTypeEST field and the AIRHoHEST field. Row {row_num} indicates a person was not served as a head of household in Child Only households in ES/SH/TH during the report period, but that they are a head of household in the AIR universe for Child Only households in ES/SH/TH. This is not an issue that can be fixed by looking at your LSAPerson file because client-level information (like a personal ID) is not stored there. You may need vendor assistance to resolve this error.","find(strip(put(hohest,32.)),'3')=0 & find(strip(put(airhohest,32.)),'3')>0 & hohest>-1",row_num,hohest,airhohest,,,,,,,,,,,,,,,,,
241,LSAPerson File,Data Error,0,1,LSAPerson,"There is a mismatch in your data between the HHTypeRRH field and the AIRHoHRRH field. Row {row_num} indicates a person was not served as a head of household in Child Only households in RRH during the report period, but that they are a head of household in the AIR universe for Child Only households in RRH. This is not an issue that can be fixed by looking at your LSAPerson file because client-level information (like a personal ID) is not stored there. You may need vendor assistance to resolve this error.","find(strip(put(hohrrh,32.)),'3')=0 & find(strip(put(airhohrrh,32.)),'3')>0 & hohrrh>-1",row_num,hohrrh,airhohrrh,,,,,,,,,,,,,,,,,
242,LSAPerson File,Data Error,0,1,LSAPerson,"There is a mismatch in your data between the HHTypePSH field and the AIRHoHPSH field. Row {row_num} indicates a person was not served as a head of household in Child Only households in PSH during the report period, but that they are a head of household in the AIR universe for Child Only households in PSH. This is not an issue that can be fixed by looking at your LSAPerson file because client-level information (like a personal ID) is not stored there. You may need vendor assistance to resolve this error.","find(strip(put(hohpsh,32.)),'3')=0 & find(strip(put(airhohpsh,32.)),'3')>0 & hohpsh>-1",row_num,hohpsh,airhohpsh,,,,,,,,,,,,,,,,,
243,LSAPerson File,Data Error,0,1,LSAPerson,"There is a mismatch in your data between the HHTypeEST field and the AIRHoHEST field. Row {row_num} indicates a person was not served as a head of household in unclassified (UN) households in ES/SH/TH during the report period, but that they are a head of household in the AIR universe for unclassified (UN) households in ES/SH/TH. This is not an issue that can be fixed by looking at your LSAPerson file because client-level information (like a personal ID) is not stored there. You may need vendor assistance to resolve this error.","find(strip(put(hohest,32.)),'9')=0 & find(strip(put(airhohest,32.)),'9')>0 & hohest>-1",row_num,hohest,airhohest,,,,,,,,,,,,,,,,,
244,LSAPerson File,Data Error,0,1,LSAPerson,"There is a mismatch in your data between the HHTypeRRH field and the AIRHoHRRH field. Row {row_num} indicates a person was not served as a head of household in unclassified (UN) households in RRH during the report period, but that they are a head of household in the AIR universe for unclassified (UN) households in RRH. This is not an issue that can be fixed by looking at your LSAPerson file because client-level information (like a personal ID) is not stored there. You may need vendor assistance to resolve this error.","find(strip(put(hohrrh,32.)),'9')=0 & find(strip(put(airhohrrh,32.)),'9')>0 & hohrrh>-1",row_num,hohrrh,airhohrrh,,,,,,,,,,,,,,,,,
245,LSAPerson File,Data Error,0,1,LSAPerson,"There is a mismatch in your data between the HHTypePSH field and the AIRHoHPSH field. Row {row_num} indicates a person was not served as a head of household in unclassified (UN) households in PSH during the report period, but that they are a head of household in the AIR universe for unclassified (UN) households in PSH. This is not an issue that can be fixed by looking at your LSAPerson file because client-level information (like a personal ID) is not stored there. You may need vendor assistance to resolve this error.","find(strip(put(hohpsh,32.)),'9')=0 & find(strip(put(airhohpsh,32.)),'9')>0 & hohpsh>-1",row_num,hohpsh,airhohpsh,,,,,,,,,,,,,,,,,
246,LSAPerson File,Data Error,0,1,LSAPerson,"There is a mismatch in your data between the AIREST field and the AIRHoHEST field. If a person was not served in ES/SH/TH in the AIR universe, that person cannot be classified as a head of household for ES/SH/TH in the AIR universe. Row {row_num} in your LSAPerson file breaks that rule. This is not an issue that can be fixed by looking at your LSAPerson file because client-level information (like a personal ID) is not stored there. You may need vendor assistance to resolve this error.",airest=-1 & airhohest>-1,row_num,airest,airhohest,,,,,,,,,,,,,,,,,
247,LSAPerson File,Data Error,0,1,LSAPerson,"There is a mismatch in your data between the AIRRRH field and the AIRHoHRRH field. If a person was not served in RRH in the AIR universe, that person cannot be classified as a head of household for RRH in the AIR universe. Row {row_num} in your LSAPerson file breaks that rule. This is not an issue that can be fixed by looking at your LSAPerson file because client-level information (like a personal ID) is not stored there. You may need vendor assistance to resolve this error.",airrrh=-1 & airhohrrh>-1,row_num,airrrh,airhohrrh,,,,,,,,,,,,,,,,,
248,LSAPerson File,Data Error,0,1,LSAPerson,"There is a mismatch in your data between the AIRPSH field and the AIRHoHPSH field. If a person was not served in PSH in the AIR universe, that person cannot be classified as a head of household for PSH in the AIR universe. Row {row_num} in your LSAPerson file breaks that rule. This is not an issue that can be fixed by looking at your LSAPerson file because client-level information (like a personal ID) is not stored there. You may need vendor assistance to resolve this error.",airpsh=-1 & airhohpsh>-1,row_num,airpsh,airhohpsh,,,,,,,,,,,,,,,,,
249,LSAPerson File,Data Error,0,1,LSAPerson,"There is a mismatch in your data between the AIREST field and the AIRHoHEST field. (The AIREST field identifies the household types in which all clients were served in ES/SH/TH in the AIR universe. The AIRHoHEST field identifies the household types in which heads of household were served in ES/SH/TH in the AIR universe.) In row {row_num} in your LSAPerson file, you have reported that people were NOT served in Adult Only households in ES/SH/TH, but you classified them as heads of Adult Only households in ES/SH/TH. A person cannot be classified as a head of household for a household type in which he was not served. This is not an issue that can be fixed by looking at your LSAPerson file because client-level information (like a personal ID) is not stored there. You may need vendor assistance to resolve this error.","find(strip(transtrn(put(airest,32.),'-1','neg')),'1')=0 & find(strip(transtrn(put(airhohest,32.),'-1','neg')),'1')>0 & airest>-1",row_num,airest,airhohest,,,,,,,,,,,,,,,,,
250,LSAPerson File,Data Error,0,1,LSAPerson,"There is a mismatch in your data between the AIRRRH field and the AIRHoHRRH field. (The AIRRRH field identifies the household types in which all clients were served in RRH in the AIR universe. The AIRHoHRRH field identifies the household types in which heads of household were served in RRH in the AIR universe.) In row {row_num} in your LSAPerson file, you have reported that people were NOT served in Adult Only households in RRH, but you classified them as heads of Adult Only households in RRH. A person cannot be classified as a head of household for a household type in which he was not served. This is not an issue that can be fixed by looking at your LSAPerson file because client-level information (like a personal ID) is not stored there. You may need vendor assistance to resolve this error.","find(strip(transtrn(put(airrrh,32.),'-1','neg')),'1')=0 & find(strip(transtrn(put(airhohrrh,32.),'-1','neg')),'1')>0 & airrrh>-1",row_num,airrrh,airhohrrh,,,,,,,,,,,,,,,,,
251,LSAPerson File,Data Error,0,1,LSAPerson,"There is a mismatch in your data between the AIRPSH field and the AIRHoHPSH field. (The AIRPSH field identifies the household types in which all clients were served in PSH in the AIR universe. The AIRHoHPSH field identifies the household types in which heads of household were served in PSH in the AIR universe.) In row {row_num} in your LSAPerson file, you have reported that people were NOT served in Adult Only households in PSH, but you classified them as heads of Adult Only households in PSH. A person cannot be classified as a head of household for a household type in which he was not served. This is not an issue that can be fixed by looking at your LSAPerson file because client-level information (like a personal ID) is not stored there. You may need vendor assistance to resolve this error.","find(strip(transtrn(put(airpsh,32.),'-1','neg')),'1')=0 & find(strip(transtrn(put(airhohpsh,32.),'-1','neg')),'1')>0 & airpsh>-1",row_num,airpsh,airhohpsh,,,,,,,,,,,,,,,,,
252,LSAPerson File,Data Error,0,1,LSAPerson,"There is a mismatch in your data between the AIREST field and the AIRHoHEST field. (The AIREST field identifies the household types in which all clients were served in ES/SH/TH in the AIR universe. The AIRHoHEST field identifies the household types in which heads of household were served in ES/SH/TH in the AIR universe.) In row {row_num} in your LSAPerson file, you have reported that people were NOT served in Adult Child households in ES/SH/TH, but you classified them as heads of Adult Child households in ES/SH/TH. A person cannot be classified as a head of household for a household type in which he was not served. This is not an issue that can be fixed by looking at your LSAPerson file because client-level information (like a personal ID) is not stored there. You may need vendor assistance to resolve this error.","find(strip(put(airest,32.)),'2')=0 & find(strip(put(airhohest,32.)),'2')>0 & airest>-1",row_num,airest,airhohest,,,,,,,,,,,,,,,,,
253,LSAPerson File,Data Error,0,1,LSAPerson,"There is a mismatch in your data between the AIRRRH field and the AIRHoHRRH field. (The AIRRRH field identifies the household types in which all clients were served in RRH in the AIR universe. The AIRHoHRRH field identifies the household types in which heads of household were served in RRH in the AIR universe.) In row {row_num} in your LSAPerson file, you have reported that people were NOT served in Adult Child households in RRH, but you classified them as heads of Adult Child households in RRH. A person cannot be classified as a head of household for a household type in which he was not served. This is not an issue that can be fixed by looking at your LSAPerson file because client-level information (like a personal ID) is not stored there. You may need vendor assistance to resolve this error.","find(strip(put(airrrh,32.)),'2')=0 & find(strip(put(airhohrrh,32.)),'2')>0 & airrrh>-1",row_num,airrrh,airhohrrh,,,,,,,,,,,,,,,,,
254,LSAPerson File,Data Error,0,1,LSAPerson,"There is a mismatch in your data between the AIRPSH field and the AIRHoHPSH field. (The AIRPSH field identifies the household types in which all clients were served in PSH in the AIR universe. The AIRHoHPSH field identifies the household types in which heads of household were served in PSH in the AIR universe.) In row {row_num} in your LSAPerson file, you have reported that people were NOT served in Adult Child households in PSH, but you classified them as heads of Adult Child households in PSH. A person cannot be classified as a head of household for a household type in which he was not served. This is not an issue that can be fixed by looking at your LSAPerson file because client-level information (like a personal ID) is not stored there. You may need vendor assistance to resolve this error.","find(strip(put(airpsh,32.)),'2')=0 & find(strip(put(airhohpsh,32.)),'2')>0 & airpsh>-1",row_num,airpsh,airhohpsh,,,,,,,,,,,,,,,,,
255,LSAPerson File,Data Error,0,1,LSAPerson,"There is a mismatch in your data between the AIREST field and the AIRHoHEST field. (The AIREST field identifies the household types in which all clients were served in ES/SH/TH in the AIR universe. The AIRHoHEST field identifies the household types in which heads of household were served in ES/SH/TH in the AIR universe.) In row {row_num} in your LSAPerson file, you have reported that people were NOT served in Child Only households in ES/SH/TH, but you classified them as heads of Child Only households in ES/SH/TH. A person cannot be classified as a head of household for a household type in which he was not served. This is not an issue that can be fixed by looking at your LSAPerson file because client-level information (like a personal ID) is not stored there. You may need vendor assistance to resolve this error.","find(strip(put(airest,32.)),'3')=0 & find(strip(put(airhohest,32.)),'3')>0 & airest>-1",row_num,airest,airhohest,,,,,,,,,,,,,,,,,
256,LSAPerson File,Data Error,0,1,LSAPerson,"There is a mismatch in your data between the AIRRRH field and the AIRHoHRRH field. (The AIRRRH field identifies the household types in which all clients were served in RRH in the AIR universe. The AIRHoHRRH field identifies the household types in which heads of household were served in RRH in the AIR universe.) In row {row_num} in your LSAPerson file, you have reported that people were NOT served in Child Only households in RRH, but you classified them as heads of Child Only households in RRH. A person cannot be classified as a head of household for a household type in which he was not served. This is not an issue that can be fixed by looking at your LSAPerson file because client-level information (like a personal ID) is not stored there. You may need vendor assistance to resolve this error.","find(strip(put(airrrh,32.)),'3')=0 & find(strip(put(airhohrrh,32.)),'3')>0 & airrrh>-1",row_num,airrrh,airhohrrh,,,,,,,,,,,,,,,,,
257,LSAPerson File,Data Error,0,1,LSAPerson,"There is a mismatch in your data between the AIRPSH field and the AIRHoHPSH field. (The AIRPSH field identifies the household types in which all clients were served in PSH in the AIR universe. The AIRHoHPSH field identifies the household types in which heads of household were served in PSH in the AIR universe.) In row {row_num} in your LSAPerson file, you have reported that people were NOT served in Child Only households in PSH, but you classified them as heads of Child Only households in PSH. A person cannot be classified as a head of household for a household type in which he was not served. This is not an issue that can be fixed by looking at your LSAPerson file because client-level information (like a personal ID) is not stored there. You may need vendor assistance to resolve this error.","find(strip(put(airpsh,32.)),'3')=0 & find(strip(put(airhohpsh,32.)),'3')>0 & airpsh>-1",row_num,airpsh,airhohpsh,,,,,,,,,,,,,,,,,
258,LSAPerson File,Data Error,0,1,LSAPerson,"There is a mismatch in your data between the AIREST field and the AIRHoHEST field. (The AIREST field identifies the household types in which all clients were served in ES/SH/TH in the AIR universe. The AIRHoHEST field identifies the household types in which heads of household were served in ES/SH/TH in the AIR universe.) In row {row_num} in your LSAPerson file, you have reported that people were NOT served in unclassifiable (UN) households in ES/SH/TH, but you classified them as heads of unclassifiable (UN) households in ES/SH/TH. A person cannot be classified as a head of household for a household type in which he was not served. This is not an issue that can be fixed by looking at your LSAPerson file because client-level information (like a personal ID) is not stored there. You may need vendor assistance to resolve this error.","find(strip(put(airest,32.)),'9')=0 & find(strip(put(airhohest,32.)),'9')>0 & airest>-1",row_num,airest,airhohest,,,,,,,,,,,,,,,,,
259,LSAPerson File,Data Error,0,1,LSAPerson,"There is a mismatch in your data between the AIRRRH field and the AIRHoHRRH field. (The AIRRRH field identifies the household types in which all clients were served in RRH in the AIR universe. The AIRHoHRRH field identifies the household types in which heads of household were served in RRH in the AIR universe.) In row {row_num} in your LSAPerson file, you have reported that people were NOT served in unclassifiable (UN) households in RRH, but you classified them as heads of unclassifiable (UN) households in RRH. A person cannot be classified as a head of household for a household type in which he was not served. This is not an issue that can be fixed by looking at your LSAPerson file because client-level information (like a personal ID) is not stored there. You may need vendor assistance to resolve this error.","find(strip(put(airrrh,32.)),'9')=0 & find(strip(put(airhohrrh,32.)),'9')>0 & airrrh>-1",row_num,airrrh,airhohrrh,,,,,,,,,,,,,,,,,
260,LSAPerson File,Data Error,0,1,LSAPerson,"There is a mismatch in your data between the AIRPSH field and the AIRHoHPSH field. (The AIRPSH field identifies the household types in which all clients were served in PSH in the AIR universe. The AIRHoHPSH field identifies the household types in which heads of household were served in PSH in the AIR universe.) In row {row_num} in your LSAPerson file, you have reported that people were NOT served in unclassifiable (UN) households in PSH, but you classified them as heads of unclassifiable (UN) households in PSH. A person cannot be classified as a head of household for a household type in which he was not served. This is not an issue that can be fixed by looking at your LSAPerson file because client-level information (like a personal ID) is not stored there. You may need vendor assistance to resolve this error.","find(strip(put(airpsh,32.)),'9')=0 & find(strip(put(airhohpsh,32.)),'9')>0 & airpsh>-1",row_num,airpsh,airhohpsh,,,,,,,,,,,,,,,,,
261,LSAPerson File,Data Error,0,1,LSAPerson,There is a mismatch in your data between the HHAdultAgeAOEST field and the HHTypeEST field. The field HHAdultAgeAOEST in the LSAPerson file must equal -1 (not applicable/unknown) for people who were not served in Adult Only households in ES/SH/TH. Row {row_num} in your LSAPerson file breaks this rule. This is not an issue that can be fixed by looking at your LSAPerson file because client-level information (like a personal ID) is not stored there. You may need vendor assistance to resolve this error.,"find(strip(transtrn(put(hhtypeest,32.),'-1','neg')),'1')=0 & hhadultageaoest>-1",row_num,hhtypeest,hhadultageaoest,,,,,,,,,,,,,,,,,
262,LSAPerson File,Data Error,0,1,LSAPerson,There is a mismatch in your data between the HHAdultAgeAOEST field and the HHTypeEST field. The field HHAdultAgeAOEST in the LSAPerson file cannot equal -1 (not applicable/unknown) for people who were served in Adult Only households in ES/SH/TH. Row {row_num} in your LSAPerson file breaks this rule. This is not an issue that can be fixed by looking at your LSAPerson file because client-level information (like a personal ID) is not stored there. You may need vendor assistance to resolve this error.,"find(strip(transtrn(put(hhtypeest,32.),'-1','neg')),'1')>0 & hhadultageaoest=-1",row_num,hhtypeest,hhadultageaoest,,,,,,,,,,,,,,,,,
263,LSAPerson File,Data Error,0,1,LSAPerson,There is a mismatch in your data between the HHAdultAgeAORRH field and the HHTypeRRH field. The field HHAdultAgeAORRH in the LSAPerson file must equal -1 (not applicable/unknown) for people who were not served in Adult Only households in RRH. Row {row_num} in your LSAPerson file breaks this rule. This is not an issue that can be fixed by looking at your LSAPerson file because client-level information (like a personal ID) is not stored there. You may need vendor assistance to resolve this error.,"find(strip(transtrn(put(hhtyperrh,32.),'-1','neg')),'1')=0 & hhadultageaorrh>-1",row_num,hhtyperrh,hhadultageaorrh,,,,,,,,,,,,,,,,,
264,LSAPerson File,Data Error,0,1,LSAPerson,There is a mismatch in your data between the HHAdultAgeAORRH field and the HHTypeRRH field. The field HHAdultAgeAORRH in the LSAPerson file cannot equal -1 (not applicable/unknown) for people who were served in Adult Only households in RRH. Row {row_num} in your LSAPerson file breaks this rule. This is not an issue that can be fixed by looking at your LSAPerson file because client-level information (like a personal ID) is not stored there. You may need vendor assistance to resolve this error.,"find(strip(transtrn(put(hhtyperrh,32.),'-1','neg')),'1')>0 & hhadultageaorrh=-1",row_num,hhtyperrh,hhadultageaorrh,,,,,,,,,,,,,,,,,
265,LSAPerson File,Data Error,0,1,LSAPerson,There is a mismatch in your data between the HHAdultAgeAOPSH field and the HHTypePSH field. The field HHAdultAgeAOPSH in the LSAPerson file must equal -1 (not applicable/unknown) for people who were not served in Adult Only households in PSH. Row {row_num} in your LSAPerson file breaks this rule. This is not an issue that can be fixed by looking at your LSAPerson file because client-level information (like a personal ID) is not stored there. You may need vendor assistance to resolve this error.,"find(strip(transtrn(put(hhtypepsh,32.),'-1','neg')),'1')=0 & hhadultageaopsh>-1",row_num,hhtypepsh,hhadultageaopsh,,,,,,,,,,,,,,,,,
266,LSAPerson File,Data Error,0,1,LSAPerson,There is a mismatch in your data between the HHAdultAgeAOPSH field and the HHTypePSH field. The field HHAdultAgeAOPSH in the LSAPerson file cannot equal -1 (not applicable/unknown) for people who were served in Adult Only households in PSH. Row {row_num} in your LSAPerson file breaks this rule. This is not an issue that can be fixed by looking at your LSAPerson file because client-level information (like a personal ID) is not stored there. You may need vendor assistance to resolve this error.,"find(strip(transtrn(put(hhtypepsh,32.),'-1','neg')),'1')>0 & hhadultageaopsh=-1",row_num,hhtypepsh,hhadultageaopsh,,,,,,,,,,,,,,,,,
267,LSAPerson File,Data Error,0,1,LSAPerson,There is a mismatch in your data between the HHAdultAgeACEST field and the HHTypeEST field. The field HHAdultAgeACEST in the LSAPerson file must equal -1 (not applicable/unknown) for people who were not served in Adult Child households in ES/SH/TH. Row {row_num} in your LSAPerson file breaks this rule. This is not an issue that can be fixed by looking at your LSAPerson file because client-level information (like a personal ID) is not stored there. You may need vendor assistance to resolve this error.,"find(strip(put(hhtypeest,32.)),'2')=0 & hhadultageacest>-1",row_num,hhtypeest,hhadultageacest,,,,,,,,,,,,,,,,,
269,LSAPerson File,Data Error,0,1,LSAPerson,There is a mismatch in your data between the HHAdultAgeACRRH field and the HHTypeRRH field. The field HHAdultAgeACRRH in the LSAPerson file must equal -1 (not applicable/unknown) for people who were not served in Adult Child households in RRH. Row {row_num} in your LSAPerson file breaks this rule. This is not an issue that can be fixed by looking at your LSAPerson file because client-level information (like a personal ID) is not stored there. You may need vendor assistance to resolve this error.,"find(strip(put(hhtyperrh,32.)),'2')=0 & hhadultageacrrh>-1",row_num,hhtyperrh,hhadultageacrrh,,,,,,,,,,,,,,,,,
271,LSAPerson File,Data Error,0,1,LSAPerson,There is a mismatch in your data between the HHAdultAgeACPSH field and the HHTypePSH field. The field HHAdultAgeACPSH in the LSAPerson file must equal -1 (not applicable/unknown) for people who were not served in Adult Child households in PSH. Row {row_num} in your LSAPerson file breaks this rule. This is not an issue that can be fixed by looking at your LSAPerson file because client-level information (like a personal ID) is not stored there. You may need vendor assistance to resolve this error.,"find(strip(put(hhtypepsh,32.)),'2')=0 & hhadultageacpsh>-1",row_num,hhtypepsh,hhadultageacpsh,,,,,,,,,,,,,,,,,
273,LSAPerson File,Data Error,0,1,LSAPerson,There is a mismatch in your data between the AC3PlusEST field (which identifies Adult Child households with 3 or more household members under 18) and the HHTypeEST field. AC3PlusEST in the LSAPerson file cannot equal 1 (Yes) for people who were not served in Adult Child households in ES/SH/TH. Row {row_num} in your LSAPerson file breaks this rule. This is not an issue that can be fixed by looking at your LSAPerson file because client-level information (like a personal ID) is not stored there. You may need vendor assistance to resolve this error.,"find(strip(put(hhtypeest,32.)),'2')=0 & ac3plusest=1",row_num,hhtypeest,ac3plusest,,,,,,,,,,,,,,,,,
274,LSAPerson File,Data Error,0,1,LSAPerson,There is a mismatch in your data between the AC3PlusRRH field (which identifies Adult Child households with 3 or more household members under 18) and the HHTypeRRH field. AC3PlusRRH in the LSAPerson file cannot equal 1 (Yes) for people who were not served in Adult Child households in RRH. Row {row_num} in your LSAPerson file breaks this rule. This is not an issue that can be fixed by looking at your LSAPerson file because client-level information (like a personal ID) is not stored there. You may need vendor assistance to resolve this error.,"find(strip(put(hhtyperrh,32.)),'2')=0 & ac3plusrrh=1",row_num,hhtyperrh,ac3plusrrh,,,,,,,,,,,,,,,,,
275,LSAPerson File,Data Error,0,1,LSAPerson,There is a mismatch in your data between the AC3PlusPSH field (which identifies Adult Child households with 3 or more household members under 18) and the HHTypePSH field. AC3PlusPSH in the LSAPerson file cannot equal 1 (Yes) for people who were not served in Adult Child households in RRH. Row {row_num} in your LSAPerson file breaks this rule. This is not an issue that can be fixed by looking at your LSAPerson file because client-level information (like a personal ID) is not stored there. You may need vendor assistance to resolve this error.,"find(strip(put(hhtypepsh,32.)),'2')=0 & ac3pluspsh=1",row_num,hhtypepsh,ac3pluspsh,,,,,,,,,,,,,,,,,
276,LSAPerson File,Data Error,0,1,LSAPerson,There is a mismatch in your data between the ESTAgeMin field and the HHTypeEST field. The LSAPerson field ESTAgeMin must equal -1 (not applicable/unknown) if the person was not served in ES/SH/TH during the report period. Row {row_num} in your LSAPerson file breaks this rule. This is not an issue that can be fixed by looking at your LSAPerson file because client-level information (like a personal ID) is not stored there. You may need vendor assistance to resolve this error.,estagemin~=-1 & hhtypeest=-1,row_num,estagemin,hhtypeest,,,,,,,,,,,,,,,,,
277,LSAPerson File,Data Error,0,1,LSAPerson,There is a mismatch in your data between the ESTAgeMax field and the HHTypeEST field. The LSAPerson field ESTAgeMax must equal -1 (not applicable/unknown) if the person was not served in ES/SH/TH during the report period. Row {row_num} in your LSAPerson file breaks this rule. This is not an issue that can be fixed by looking at your LSAPerson file because client-level information (like a personal ID) is not stored there. You may need vendor assistance to resolve this error.,estagemax~=-1 & hhtypeest=-1,row_num,estagemax,hhtypeest,,,,,,,,,,,,,,,,,
278,LSAPerson File,Data Error,0,1,LSAPerson,There is a mismatch in your data between the ESTAgeMin field and the HHTypeEST field. The LSAPerson field ESTAgeMin cannot equal -1 (not applicable/unknown) if the person was served in ES/SH/TH during the report period. Row {row_num} in your LSAPerson file breaks this rule. This is not an issue that can be fixed by looking at your LSAPerson file because client-level information (like a personal ID) is not stored there. You may need vendor assistance to resolve this error.,estagemin=-1 & hhtypeest>-1,row_num,estagemin,hhtypeest,,,,,,,,,,,,,,,,,
279,LSAPerson File,Data Error,0,1,LSAPerson,There is a mismatch in your data between the ESTAgeMax field and the HHTypeEST field. The LSAPerson field ESTAgeMax cannot equal -1 (not applicable/unknown) if the person was served in ES/SH/TH during the report period. Row {row_num} in your LSAPerson file breaks this rule. This is not an issue that can be fixed by looking at your LSAPerson file because client-level information (like a personal ID) is not stored there. You may need vendor assistance to resolve this error.,estagemax=-1 & hhtypeest>-1,row_num,estagemax,hhtypeest,,,,,,,,,,,,,,,,,
280,LSAPerson File,Data Error,0,1,LSAPerson,The minimum age reported for ES/SH/TH enrollments (ESTAgeMin) for these clients cannot be greater than the maximum ES/SH/TH age (ESTAgeMax). Row {row_num} in your LSAPerson file breaks this rule. This is not an issue that can be fixed by looking at your LSAPerson file because client-level information (like a personal ID) is not stored there. You may need vendor assistance to resolve this error.,estagemin>estagemax & estagemax~=-1 & estagemin<98,row_num,estagemin,estagemax,var280_1=abs(estagemin-estagemax),,,,,,,,,,,,,,,,
281,LSAPerson File,Data Error,0,1,LSAPerson,There is a mismatch in your data between the RRHAgeMin field and the HHTypeRRH field. The LSAPerson field RRHAgeMin must equal -1 (not applicable/unknown) if the person was not served in RRH during the report period. Row {row_num} in your LSAPerson file breaks this rule. This is not an issue that can be fixed by looking at your LSAPerson file because client-level information (like a personal ID) is not stored there. You may need vendor assistance to resolve this error.,rrhagemin~=-1 & hhtyperrh=-1,row_num,rrhagemin,hhtyperrh,,,,,,,,,,,,,,,,,
282,LSAPerson File,Data Error,0,1,LSAPerson,There is a mismatch in your data between the RRHAgeMax field and the HHTypeRRH field. The LSAPerson field RRHAgeMax must equal -1 (not applicable/unknown) if the person was not served in RRH during the report period. Row {row_num} in your LSAPerson file breaks this rule. This is not an issue that can be fixed by looking at your LSAPerson file because client-level information (like a personal ID) is not stored there. You may need vendor assistance to resolve this error.,rrhagemax~=-1 & hhtyperrh=-1,row_num,rrhagemax,hhtyperrh,,,,,,,,,,,,,,,,,
283,LSAPerson File,Data Error,0,1,LSAPerson,There is a mismatch in your data between the RRHAgeMin field and the HHTypeRRH field. The LSAPerson field RRHAgeMin cannot equal -1 (not applicable/unknown) if the person was served in RRH during the report period. Row {row_num} in your LSAPerson file breaks this rule. This is not an issue that can be fixed by looking at your LSAPerson file because client-level information (like a personal ID) is not stored there. You may need vendor assistance to resolve this error.,rrhagemin=-1 & hhtyperrh>-1,row_num,rrhagemin,hhtyperrh,,,,,,,,,,,,,,,,,
284,LSAPerson File,Data Error,0,1,LSAPerson,There is a mismatch in your data between the RRHAgeMax field and the HHTypeRRH field. The LSAPerson field RRHAgeMax cannot equal -1 (not applicable/unknown) if the person was served in RRH during the report period. Row {row_num} in your LSAPerson file breaks this rule. This is not an issue that can be fixed by looking at your LSAPerson file because client-level information (like a personal ID) is not stored there. You may need vendor assistance to resolve this error.,rrhagemax=-1 & hhtyperrh>-1,row_num,rrhagemax,hhtyperrh,,,,,,,,,,,,,,,,,
285,LSAPerson File,Data Error,0,1,LSAPerson,The minimum age reported for RRH enrollments (RRHAgeMin) for these clients cannot be greater than the maximum RRH age (RRHAgeMax). Row {row_num} in your LSAPerson file breaks this rule. This is not an issue that can be fixed by looking at your LSAPerson file because client-level information (like a personal ID) is not stored there. You may need vendor assistance to resolve this error.,rrhagemin>rrhagemax & rrhagemax~=-1 & rrhagemin<98,row_num,rrhagemin,rrhagemax,var285_1=abs(rrhagemin-rrhagemax),,,,,,,,,,,,,,,,
286,LSAPerson File,Data Error,0,1,LSAPerson,There is a mismatch in your data between the PSHAgeMin field and the HHTypePSH field. The LSAPerson field PSHAgeMin must equal -1 (not applicable/unknown) if the person was not served in PSH during the report period. Row {row_num} in your LSAPerson file breaks this rule. This is not an issue that can be fixed by looking at your LSAPerson file because client-level information (like a personal ID) is not stored there. You may need vendor assistance to resolve this error.,pshagemin~=-1 & hhtypepsh=-1,row_num,pshagemin,hhtypepsh,,,,,,,,,,,,,,,,,
287,LSAPerson File,Data Error,0,1,LSAPerson,There is a mismatch in your data between the PSHAgeMax field and the HHTypePSH field. The LSAPerson field PSHAgeMax must equal -1 (not applicable/unknown) if the person was not served in PSH during the report period. Row {row_num} in your LSAPerson file breaks this rule. This is not an issue that can be fixed by looking at your LSAPerson file because client-level information (like a personal ID) is not stored there. You may need vendor assistance to resolve this error.,pshagemax~=-1 & hhtypepsh=-1,row_num,pshagemax,hhtypepsh,,,,,,,,,,,,,,,,,
288,LSAPerson File,Data Error,0,1,LSAPerson,There is a mismatch in your data between the PSHAgeMin field and the HHTypePSH field. The LSAPerson field PSHAgeMin cannot equal -1 (not applicable/unknown) if the person was served in PSH during the report period. Row {row_num} in your LSAPerson file breaks this rule. This is not an issue that can be fixed by looking at your LSAPerson file because client-level information (like a personal ID) is not stored there. You may need vendor assistance to resolve this error.,pshagemin=-1 & hhtypepsh>-1,row_num,pshagemin,hhtypepsh,,,,,,,,,,,,,,,,,
289,LSAPerson File,Data Error,0,1,LSAPerson,There is a mismatch in your data between the PSHAgeMax field and the HHTypePSH field. The LSAPerson field PSHAgeMax cannot equal -1 (not applicable/unknown) if the person was served in PSH during the report period. Row {row_num} in your LSAPerson file breaks this rule. This is not an issue that can be fixed by looking at your LSAPerson file because client-level information (like a personal ID) is not stored there. You may need vendor assistance to resolve this error.,pshagemax=-1 & hhtypepsh>-1,row_num,pshagemax,hhtypepsh,,,,,,,,,,,,,,,,,
290,LSAPerson File,Data Error,0,1,LSAPerson,The minimum age reported for PSH enrollments for these clients ({pshagemin}) cannot be greater than the maximum PSH age reported ({pshagemax}). Row {row_num} in your LSAPerson file violates that rule.,pshagemin>pshagemax & pshagemax~=-1 & pshagemin<98,row_num,pshagemin,pshagemax,var290_1=abs(pshagemin-pshagemax),,,,,,,,,,,,,,,,
291,LSAPerson File,Data Error,0,1,LSAPerson,"In row {row_num} of the LSAPerson file, you reported that these clients' ages were unknown (don't know/preferred not to answer or missing/invalid) in at least one of the six age fields (ESTAgeMin, ESTAgeMax, RRHAgeMin, RRHAgeMax, PSHAgeMin, PSHAgeMax). But in at least one of the other age fields, you reported that the age was known. Please correct this discrepancy.","max(estagemin,rrhagemin,pshagemin,estagemax,rrhagemax,pshagemax)>=98 & min(ifn(estagemin=-1,.,estagemin),ifn(rrhagemin=-1,.,rrhagemin),ifn(pshagemin=-1,.,pshagemin),ifn(estagemax=-1,.,estagemax),ifn(rrhagemax=-1,.,rrhagemax),ifn(pshagemax=-1,.,pshagemax))<98",row_num,estagemin,estagemax,rrhagemin,rrhagemax,pshagemin,pshagemax,,,,,,,,,,,,,
292,LSAPerson File,Data Error,1,1,LSAPerson,"If the lowest age reported for these clients is <1, the highest age reported cannot be greater than 1 to 2 because the report period is only one year long. Row {row_num} in your LSAPerson file violates that rule. This is not an issue that can be fixed by looking at your LSAPerson file because client-level information (like a personal ID) is not stored there. You may need vendor assistance to resolve this error.","min(ifn(estagemin=-1,.,estagemin),ifn(rrhagemin=-1,.,rrhagemin),ifn(pshagemin=-1,.,pshagemin))=0 & max(estagemax,rrhagemax,pshagemax)>2 & max(estagemax,rrhagemax,pshagemax)<98",row_num,estagemin,estagemax,rrhagemin,rrhagemax,pshagemin,pshagemax,,,,,,,,,,,,,
293,LSAPerson File,Data Error,1,1,LSAPerson,"If the lowest age reported for these clients is 1 to 2, the highest age reported cannot be greater than 3 to 5 because the report period is only one year long. Row {row_num} in your LSAPerson file violates that rule. This is not an issue that can be fixed by looking at your LSAPerson file because client-level information (like a personal ID) is not stored there. You may need vendor assistance to resolve this error.","min(ifn(estagemin=-1,.,estagemin),ifn(rrhagemin=-1,.,rrhagemin),ifn(pshagemin=-1,.,pshagemin))=2 & max(estagemax,rrhagemax,pshagemax)>5 & max(estagemax,rrhagemax,pshagemax)<98",row_num,estagemin,estagemax,rrhagemin,rrhagemax,pshagemin,pshagemax,,,,,,,,,,,,,
294,LSAPerson File,Data Error,1,1,LSAPerson,"If the lowest age reported for these clients is 3 to 5, the highest age reported cannot be greater than 6 to 17 because the report period is only one year long. Row {row_num} in your LSAPerson file violates that rule. This is not an issue that can be fixed by looking at your LSAPerson file because client-level information (like a personal ID) is not stored there. You may need vendor assistance to resolve this error.","min(ifn(estagemin=-1,.,estagemin),ifn(rrhagemin=-1,.,rrhagemin),ifn(pshagemin=-1,.,pshagemin))=5 & max(estagemax,rrhagemax,pshagemax)>17 & max(estagemax,rrhagemax,pshagemax)<98",row_num,estagemin,estagemax,rrhagemin,rrhagemax,pshagemin,pshagemax,,,,,,,,,,,,,
295,LSAPerson File,Data Error,1,1,LSAPerson,"If the lowest age reported for these clients is 6 to 17, the highest age reported cannot be greater than 18 to 21 because the report period is only one year long. Row {row_num} in your LSAPerson file violates that rule. This is not an issue that can be fixed by looking at your LSAPerson file because client-level information (like a personal ID) is not stored there. You may need vendor assistance to resolve this error.","min(ifn(estagemin=-1,.,estagemin),ifn(rrhagemin=-1,.,rrhagemin),ifn(pshagemin=-1,.,pshagemin))=17 & max(estagemax,rrhagemax,pshagemax)>21 & max(estagemax,rrhagemax,pshagemax)<98",row_num,estagemin,estagemax,rrhagemin,rrhagemax,pshagemin,pshagemax,,,,,,,,,,,,,
296,LSAPerson File,Data Error,1,1,LSAPerson,"If the lowest age reported for these clients is 18 to 21, the highest age reported cannot be greater than 22 to 24 because the report period is only one year long. Row {row_num} in your LSAPerson file violates that rule. This is not an issue that can be fixed by looking at your LSAPerson file because client-level information (like a personal ID) is not stored there. You may need vendor assistance to resolve this error.","min(ifn(estagemin=-1,.,estagemin),ifn(rrhagemin=-1,.,rrhagemin),ifn(pshagemin=-1,.,pshagemin))=21 & max(estagemax,rrhagemax,pshagemax)>24 & max(estagemax,rrhagemax,pshagemax)<98",row_num,estagemin,estagemax,rrhagemin,rrhagemax,pshagemin,pshagemax,,,,,,,,,,,,,
297,LSAPerson File,Data Error,1,1,LSAPerson,"If the lowest age reported for these clients is 22 to 24, the highest age reported cannot be greater than 25 to 34 because the report period is only one year long. Row {row_num} in your LSAPerson file violates that rule. This is not an issue that can be fixed by looking at your LSAPerson file because client-level information (like a personal ID) is not stored there. You may need vendor assistance to resolve this error.","min(ifn(estagemin=-1,.,estagemin),ifn(rrhagemin=-1,.,rrhagemin),ifn(pshagemin=-1,.,pshagemin))=24 & max(estagemax,rrhagemax,pshagemax)>34 & max(estagemax,rrhagemax,pshagemax)<98",row_num,estagemin,estagemax,rrhagemin,rrhagemax,pshagemin,pshagemax,,,,,,,,,,,,,
298,LSAPerson File,Data Error,1,1,LSAPerson,"If the lowest age reported for these clients is 25 to 34, the highest age reported cannot be greater than 35 to 44 because the report period is only one year long. Row {row_num} in your LSAPerson file violates that rule. This is not an issue that can be fixed by looking at your LSAPerson file because client-level information (like a personal ID) is not stored there. You may need vendor assistance to resolve this error.","min(ifn(estagemin=-1,.,estagemin),ifn(rrhagemin=-1,.,rrhagemin),ifn(pshagemin=-1,.,pshagemin))=34 & max(estagemax,rrhagemax,pshagemax)>44 & max(estagemax,rrhagemax,pshagemax)<98",row_num,estagemin,estagemax,rrhagemin,rrhagemax,pshagemin,pshagemax,,,,,,,,,,,,,
299,LSAPerson File,Data Error,1,1,LSAPerson,"If the lowest age reported for these clients is 35 to 44, the highest age reported cannot be greater than 45 to 54 because the report period is only one year long. Row {row_num} in your LSAPerson file violates that rule. This is not an issue that can be fixed by looking at your LSAPerson file because client-level information (like a personal ID) is not stored there. You may need vendor assistance to resolve this error.","min(ifn(estagemin=-1,.,estagemin),ifn(rrhagemin=-1,.,rrhagemin),ifn(pshagemin=-1,.,pshagemin))=44 & max(estagemax,rrhagemax,pshagemax)>54 & max(estagemax,rrhagemax,pshagemax)<98",row_num,estagemin,estagemax,rrhagemin,rrhagemax,pshagemin,pshagemax,,,,,,,,,,,,,
300,LSAPerson File,Data Error,1,1,LSAPerson,"If the lowest age reported for these clients is 45 to 54, the highest age reported cannot be greater than 55 to 64 because the report period is only one year long. Row {row_num} in your LSAPerson file violates that rule. This is not an issue that can be fixed by looking at your LSAPerson file because client-level information (like a personal ID) is not stored there. You may need vendor assistance to resolve this error.","min(ifn(estagemin=-1,.,estagemin),ifn(rrhagemin=-1,.,rrhagemin),ifn(pshagemin=-1,.,pshagemin))=54 & max(estagemax,rrhagemax,pshagemax)>64 & max(estagemax,rrhagemax,pshagemax)<98",row_num,estagemin,estagemax,rrhagemin,rrhagemax,pshagemin,pshagemax,,,,,,,,,,,,,
301,LSAPerson File,Data Error,0,1,LSAPerson,"In the LSAPerson file, the age response cannot be don't know/preferred not to answer or missing/invalid for people served in adult-only or child-only households. Row {row_num} in your LSAPerson file violates that rule.","max(estagemax,rrhagemax,pshagemax) in(98,99) & max(hhtype_any_ao,hhtype_any_co)=1",row_num,estagemax,rrhagemax,pshagemax,hhtypeest,hhtyperrh,hhtypepsh,hhtype_any_ao,hhtype_any_co,,,,,,,,,,,
302,LSAPerson File,Data Error,0,1,LSAPerson,A person served in an adult-only or child-only enrollment for ES/SH/TH cannot have an unknown age. Row {row_num} in your LSAPerson file violates that rule.,"(find(strip(transtrn(put(hhtypeest,32.),'-1','neg')),'1')>0 | find(strip(put(hhtypeest,32.)),'3')>0) & max(estagemin,estagemax)>=98",row_num,hhtypeest,estagemin,estagemax,,,,,,,,,,,,,,,,
303,LSAPerson File,Data Error,0,1,LSAPerson,"If a person was served in an adult-only ES/SH/TH enrollment, then that person's maximum age over the report period for ES/SH/TH must be above 17. Row {row_num} in your LSAPerson file violates that rule as their maximum age over the report period is ({estagemax}).","find(strip(transtrn(put(hhtypeest,32.),'-1','neg')),'1')>0 & estagemax<21 & estagemax>-1",row_num,hhtypeest,estagemin,estagemax,,,,,,,,,,,,,,,,
304,LSAPerson File,Data Error,0,1,LSAPerson,"If a person was served in a child-only ES/SH/TH enrollment, then that person's minimum age over the report period for ES/SH/TH must be below 18. Row {row_num} in your LSAPerson file violates that rule as their minimum age over the report period is ({estagemin}).","find(strip(put(hhtypeest,32.)),'3')>0 & estagemin>17 & estagemin<98",row_num,hhtypeest,estagemin,estagemax,,,,,,,,,,,,,,,,
305,LSAPerson File,Data Error,1,1,LSAPerson,"Since the length of the report period is one year, if a person was served in both an adult-only and child-only ES/SH/TH enrollment, then that person's minimum age for ES/SH/TH must be 6 to 17 and maximum age 18 to 21. Row {row_num} in your LSAPerson file violates that rule as their minimum age for ES/SH/TH is ({estagemin}) and their maximum age is ({estagemax}).","find(strip(transtrn(put(hhtypeest,32.),'-1','neg')),'1')>0 & find(strip(put(hhtypeest,32.)),'3')>0 & (estagemin~=17 | estagemax~=21)",row_num,hhtypeest,estagemin,estagemax,,,,,,,,,,,,,,,,
306,LSAPerson File,Data Error,0,1,LSAPerson,A person served in an adult-only or child-only enrollment for RRH cannot have an unknown age. Row {row_num} in your LSAPerson file violates that rule.,"(find(strip(transtrn(put(hhtyperrh,32.),'-1','neg')),'1')>0 | find(strip(put(hhtyperrh,32.)),'3')>0) & max(rrhagemin,rrhagemax)>=98",row_num,hhtyperrh,rrhagemin,rrhagemax,,,,,,,,,,,,,,,,
307,LSAPerson File,Data Error,0,1,LSAPerson,"If a person was served in an adult-only RRH enrollment, then that person's maximum age over the report period for RRH must be above 17. Row {row_num} in your LSAPerson file violates that rule as their maximum age is ({rrhagemax}).","find(strip(transtrn(put(hhtyperrh,32.),'-1','neg')),'1')>0 & rrhagemax<21 & rrhagemax>-1",row_num,hhtyperrh,rrhagemin,rrhagemax,,,,,,,,,,,,,,,,
308,LSAPerson File,Data Error,0,1,LSAPerson,"If a person was served in a child-only RRH enrollment, then that person's minimum age over the report period for RRH must be below 18. Row {row_num} in your LSAPerson file violates that rule as their minimum age over the report period is ({rrhagemin}).","find(strip(put(hhtyperrh,32.)),'3')>0 & rrhagemin>17 & rrhagemin<98",row_num,hhtyperrh,rrhagemin,rrhagemax,,,,,,,,,,,,,,,,
309,LSAPerson File,Data Error,1,1,LSAPerson,"Since the length of the report period is one year, if a person was served in both an adult-only and child-only RRH enrollment, then that person's minimum age for RRH must be 6 to 17 and maximum age 18 to 21. Row {row_num} in your LSAPerson file violates that rule as their minimum age over the report period is ({rrhagemin}) and their maximum age is ({rrhagemax}).","find(strip(transtrn(put(hhtyperrh,32.),'-1','neg')),'1')>0 & find(strip(put(hhtyperrh,32.)),'3')>0 & (rrhagemin~=17 | rrhagemax~=21)",row_num,hhtyperrh,rrhagemin,rrhagemax,,,,,,,,,,,,,,,,
310,LSAPerson File,Data Error,0,1,LSAPerson,A person served in an adult-only or child-only enrollment for PSH cannot have an unknown age. Row {row_num} in your LSAPerson file violates that rule.,"(find(strip(transtrn(put(hhtypepsh,32.),'-1','neg')),'1')>0 | find(strip(put(hhtypepsh,32.)),'3')>0) & max(pshagemin,pshagemax)>=98",row_num,hhtypepsh,pshagemin,pshagemax,,,,,,,,,,,,,,,,
311,LSAPerson File,Data Error,0,1,LSAPerson,"If a person was served in an adult-only PSH enrollment, then that person's maximum age over the report period for PSH must be above 17. Row {row_num} in your LSAPerson file violates that rule as their maximum age over the report period is ({pshagemax}).","find(strip(transtrn(put(hhtypepsh,32.),'-1','neg')),'1')>0 & pshagemax<21 & pshagemax>-1",row_num,hhtypepsh,pshagemin,pshagemax,,,,,,,,,,,,,,,,
312,LSAPerson File,Data Error,0,1,LSAPerson,"If a person was served in a child-only PSH enrollment, then that person's minimum age over the report period for PSH must be below 18. Row {row_num} in your LSAPerson file violates that rule as their minimum age over the report period is ({pshagemin}).","find(strip(put(hhtypepsh,32.)),'3')>0 & pshagemin>17 & pshagemin<98",row_num,hhtypepsh,pshagemin,pshagemax,,,,,,,,,,,,,,,,
313,LSAPerson File,Data Error,1,1,LSAPerson,"Since the length of the report period is one year, if a person was served in both an adult-only and child-only PSH enrollment, then that person's minimum age for PSH must be 6 to 17 and maximum age 18 to 21. Row {row_num} in your LSAPerson file violates that rule as their minimum age over the report period is ({pshagemin}) and their maximum age is ({pshagemax}).","find(strip(transtrn(put(hhtypepsh,32.),'-1','neg')),'1')>0 & find(strip(put(hhtypepsh,32.)),'3')>0 & (pshagemin~=17 | pshagemax~=21)",row_num,hhtypepsh,pshagemin,pshagemax,,,,,,,,,,,,,,,,
314,LSAPerson File,Data Error,0,1,LSAPerson,"In your LSAPerson file, you reported that clients were served as adults in ES/SH/TH (according to the AIRAdultEST field), yet their maximum age, ({estagemax}), was either unknown or below 18. Please correct this discrepancy.",airadultest>-1 & (estagemax<21 | estagemax>=98) & estagemax>-1,row_num,airadultest,estagemax,,,,,,,,,,,,,,,,,
315,LSAPerson File,Data Error,0,1,LSAPerson,"In your LSAPerson file, you reported that clients were served as adults active in RRH (according to the AIRAdultRRH field), yet their maximum age, ({rrhagemax}), was either unknown or below 18. Please correct this discrepancy.",airadultrrh>-1 & (rrhagemax<21 | rrhagemax>=98) & rrhagemax>-1,row_num,airadultrrh,rrhagemax,,,,,,,,,,,,,,,,,
316,LSAPerson File,Data Error,0,1,LSAPerson,"In your LSAPerson file, you reported that clients were served as adults in PSH (according to the AIRAdultPSH field), yet their maximum age ({pshagemax}) was either unknown or below 18. Please correct this discrepancy.",airadultpsh>-1 & (pshagemax<21 | pshagemax>=98) & pshagemax>-1,row_num,airadultpsh,pshagemax,,,,,,,,,,,,,,,,,
317,LSAPerson File,Data Error,0,1,LSAPerson,"There is a discrepancy between the ESTAgeMin field and the HHAdultAgeAOEST and/or HHAdultAgeACEST fields of your LSAPerson file. If the clients in row {row_num} are 22 or older (as you reported in the ESTAgeMin field), then what you reported in the ES/SH/TH HHAdultAge fields--that the oldest adult in each of these clients' households is between 18 and 21--must be incorrect.",(hhadultageaoest=18 | hhadultageacest=18) & estagemin>21 & estagemin<98,row_num,hhadultageaoest,hhadultageacest,estagemin,,,,,,,,,,,,,,,,
318,LSAPerson File,Data Error,0,1,LSAPerson,"There is a discrepancy between the ESTAgeMin field and the HHAdultAgeAOEST and/or HHAdultAgeACEST fields of your LSAPerson file. If the clients in row {row_num} are 25 or older (as you reported in the ESTAgeMin field), then what you reported in the ES/SH/TH HHAdultAge fields--that the oldest adult in each of these clients' households is between 22 and 24--must be incorrect.",(hhadultageaoest=24 | hhadultageacest=24) & estagemin>24 & estagemin<98,row_num,hhadultageaoest,hhadultageacest,estagemin,,,,,,,,,,,,,,,,
319,LSAPerson File,Data Error,0,1,LSAPerson,"There is a discrepancy between the ESTAgeMax field and the HHAdultAgeAOEST field of your LSAPerson file. If the clients in row {row_num} are under 55 (as you reported in the ESTAgeMax field), then what you reported in the HHAdultAgeAOEST field--that all adults in each of these clients' households are over 54--must be incorrect.",hhadultageaoest=55 & estagemax<64 & estagemax>-1,row_num,hhadultageaoest,estagemax,,,,,,,,,,,,,,,,,
320,LSAPerson File,Data Error,0,1,LSAPerson,"There is a discrepancy between the ESTAgeMax field and the HHAdultAgeACEST field of your LSAPerson file. If the clients in row {row_num} are under 55 (as you reported in the ESTAgeMax field) and were served as adults active in residence in ES/SH/TH AC households (as reported in AIRAdultEST), then what you reported in the HHAdultAgeACEST field--that all adults in each of these clients' ES/SH/TH AC households are over 54--must be incorrect.","hhadultageacest=55 & estagemax<64 & estagemax>-1 & find(strip(put(airadultest,32.)),'2')>0",row_num,hhadultageacest,estagemax,airadultest,,,,,,,,,,,,,,,,
321,LSAPerson File,Data Error,0,1,LSAPerson,"There is a discrepancy between the RRHAgeMin field and the HHAdultAgeAORRH and/or HHAdultAgeACRRH fields of your LSAPerson file. If the clients in row {row_num} are 22 or older (as you reported in the RRHAgeMin field), then what you reported in the RRH HHAdultAge fields--that the oldest adult in each of these clients' households is between 18 and 21--must be incorrect.",(hhadultageaorrh=18 | hhadultageacrrh=18) & rrhagemin>21 & rrhagemin<98,row_num,hhadultageaorrh,hhadultageacrrh,rrhagemin,,,,,,,,,,,,,,,,
322,LSAPerson File,Data Error,0,1,LSAPerson,"There is a discrepancy between the RRHAgeMin field and the HHAdultAgeAORRH and/or HHAdultAgeACRRH fields of your LSAPerson file. If the clients in row {row_num} are 25 or older (as you reported in the RRHAgeMin field), then what you reported in the RRH HHAdultAge fields--that the oldest adult in each of these clients' households is between 22 and 24--must be incorrect.",(hhadultageaorrh=24 | hhadultageacrrh=24) & rrhagemin>24 & rrhagemin<98,row_num,hhadultageaorrh,hhadultageacrrh,rrhagemin,,,,,,,,,,,,,,,,
323,LSAPerson File,Data Error,0,1,LSAPerson,"There is a discrepancy between the RRHAgeMax field and the HHAdultAgeAORRH field of your LSAPerson file. If the clients in row {row_num} are under 55 (as you reported in the RRHAgeMax field), then what you reported in the HHAdultAgeAORRH field--that all adults in each of these clients' households are over 54--must be incorrect.",hhadultageaorrh=55 & rrhagemax<64 & rrhagemax>-1,row_num,hhadultageaorrh,rrhagemax,,,,,,,,,,,,,,,,,
324,LSAPerson File,Data Error,0,1,LSAPerson,"There is a discrepancy between the RRHAgeMax field and the HHAdultAgeACRRH field of your LSAPerson file. If the clients in row {row_num} are under 55 (as you reported in the RRHAgeMax field) and were served as adults active in residence in RRH AC households (as reported in AIRAdultRRH), then what you reported in the HHAdultAgeACRRH field--that all adults in each of these clients' RRH AC households are over 54--must be incorrect.","hhadultageacrrh=55 & rrhagemax<64 & rrhagemax>-1 & find(strip(put(airadultrrh,32.)),'2')>0",row_num,hhadultageacrrh,rrhagemax,airadultrrh,,,,,,,,,,,,,,,,
325,LSAPerson File,Data Error,0,1,LSAPerson,"There is a discrepancy between the PSHAgeMin field and the HHAdultAgeAOPSH and/or HHAdultAgeACPSH fields of your LSAPerson file. If the clients in row {row_num} are 22 or older (as you reported in the PSHAgeMin field), then what you reported in the PSH HHAdultAge fields--that the oldest adult in each of these clients' households is between 18 and 21--must be incorrect.",(hhadultageaopsh=18 | hhadultageacpsh=18) & pshagemin>21 & pshagemin<98,row_num,hhadultageaopsh,hhadultageacpsh,pshagemin,,,,,,,,,,,,,,,,
326,LSAPerson File,Data Error,0,1,LSAPerson,"There is a discrepancy between the PSHAgeMin field and the HHAdultAgeAOPSH and/or HHAdultAgeACPSH fields of your LSAPerson file. If the clients in row {row_num} are 25 or older (as you reported in the PSHAgeMin field), then what you reported in the PSH HHAdultAge fields--that the oldest adult in each of these clients' households is between 22 and 24--must be incorrect.",(hhadultageaopsh=24 | hhadultageacpsh=24) & pshagemin>24 & pshagemin<98,row_num,hhadultageaopsh,hhadultageacpsh,pshagemin,,,,,,,,,,,,,,,,
327,LSAPerson File,Data Error,0,1,LSAPerson,"There is a discrepancy between the PSHAgeMax field and the HHAdultAgeAOPSH field of your LSAPerson file. If the clients in row {row_num} are under 55 (as you reported in the PSHAgeMax field), then what you reported in the HHAdultAgeAOPSH field--that all adults in each of these clients' households are over 54--must be incorrect.",hhadultageaopsh=55 & pshagemax<64 & pshagemax>-1,row_num,hhadultageaopsh,pshagemax,,,,,,,,,,,,,,,,,
328,LSAPerson File,Data Error,0,1,LSAPerson,"There is a discrepancy between the PSHAgeMax field and the HHAdultAgeACPSH field of your LSAPerson file. If the clients in row {row_num} are under 55 (as you reported in the PSHAgeMax field) and were served as adults active in residence in PSH AC households (as reported in AIRAdultPSH), then what you reported in the HHAdultAgeACPSH field--that all adults in each of these clients' PSH AC households are over 54--must be incorrect.","hhadultageacpsh=55 & pshagemax<64 & pshagemax>-1 & find(strip(put(airadultpsh,32.)),'2')>0",row_num,hhadultageacpsh,pshagemax,airadultpsh,,,,,,,,,,,,,,,,
337,LSAPerson File,Data Error,0,1,LSAPerson,"In the LSAPerson file, Veteran Status should equal -1 (not applicable) for people who are not adults. Row {row_num} in your LSAPerson file violates this rule.","vetstatus~=-1 & max(adultest,adultrrh,adultpsh)=-1 & hhtyperrhsonomi = -1 & hhtyperrhsomi = -1",row_num,vetstatus,adultest,adultrrh,adultpsh,hhtyperrhsonomi,hhtyperrhsomi,,,,,,,,,,,,,
338,LSAPerson File,Data Error,0,1,LSAPerson,"In the LSAPerson file, Veteran Status should NOT equal -1 (not applicable) for people who are adults. Row {row_num} in your LSAPerson file violates this rule.","vetstatus=-1 & max(adultest,adultrrh,adultpsh)>-1  & hhtyperrhsonomi = -1 & hhtyperrhsomi = -1",row_num,vetstatus,adultest,adultrrh,adultpsh,hhtyperrhsonomi,hhtyperrhsomi,,,,,,,,,,,,,
339,LSAPerson File,Data Error,0,1,LSAPerson,"In the LSAPerson file, disability status should equal -1 (not applicable) for people who are neither adults nor heads of household. Row {row_num} in your LSAPerson file breaks that rule. This is not an issue that can be fixed by looking at your LSAPerson file because client-level information (like a personal ID) is not stored there. You may need vendor assistance to resolve this error.","disabilitystatus~=-1 & max(adultest,adultrrh,adultpsh,hohest,hohrrh,hohpsh)=-1 & hhtyperrhsonomi = -1 & hhtyperrhsomi = -1",row_num,disabilitystatus,adultest,adultrrh,adultpsh,hohest,hohrrh,hohpsh,hhtyperrhsonomi,hhtyperrhsomi,,,,,,,,,,
340,LSAPerson File,Data Error,0,1,LSAPerson,"In the LSAPerson file, disability status should NOT equal -1 (not applicable) for people who are either adults or heads of household. Row {row_num} in your LSAPerson file breaks that rule. This is not an issue that can be fixed by looking at your LSAPerson file because client-level information (like a personal ID) is not stored there. You may need vendor assistance to resolve this error.","disabilitystatus=-1 & max(adultest,adultrrh,adultpsh,hohest,hohrrh,hohpsh)>-1 & hhtyperrhsonomi = -1 & hhtyperrhsomi = -1",row_num,disabilitystatus,adultest,adultrrh,adultpsh,hohest,hohrrh,hohpsh,hhtyperrhsonomi,hhtyperrhsomi,,,,,,,,,,
341,LSAPerson File,Data Error,0,1,LSAPerson,"In the LSAPerson file, DV status should equal -1 (not applicable) for people who are neither adults nor heads of household. Row {row_num} in your LSAPerson file breaks that rule. This is not an issue that can be fixed by looking at your LSAPerson file because client-level information (like a personal ID) is not stored there. You may need vendor assistance to resolve this error.","dvstatus~=-1 & max(adultest,adultrrh,adultpsh,hohest,hohrrh,hohpsh)=-1 & hhtyperrhsonomi = -1 & hhtyperrhsomi = -1",row_num,dvstatus,adultest,adultrrh,adultpsh,hohest,hohrrh,hohpsh,hhtyperrhsonomi,hhtyperrhsomi,,,,,,,,,,
342,LSAPerson File,Data Error,0,1,LSAPerson,"In the LSAPerson file, DV status should NOT equal -1 (not applicable) for people who are either adults or heads of household. Row {row_num} in your LSAPerson file breaks that rule. This is not an issue that can be fixed by looking at your LSAPerson file because client-level information (like a personal ID) is not stored there. You may need vendor assistance to resolve this error.","dvstatus=-1 & max(adultest,adultrrh,adultpsh,hohest,hohrrh,hohpsh)>-1 & hhtyperrhsonomi = -1 & hhtyperrhsomi = -1",row_num,dvstatus,adultest,adultrrh,adultpsh,hohest,hohrrh,hohpsh,hhtyperrhsonomi,hhtyperrhsomi,,,,,,,,,,
343,LSAPerson File,Data Error,0,1,LSAPerson,"In the LSAPerson file, CH time should equal -1 (not applicable) for people who are neither adults nor heads of household. Row {row_num} in your LSAPerson file breaks that rule. This is not an issue that can be fixed by looking at your LSAPerson file because client-level information (like a personal ID) is not stored there. You may need vendor assistance to resolve this error.","chtime~=-1 & max(adultest,adultrrh,adultpsh,hohest,hohrrh,hohpsh)=-1 & hhtyperrhsonomi = -1 & hhtyperrhsomi = -1",row_num,chtime,adultest,adultrrh,adultpsh,hohest,hohrrh,hohpsh,hhtyperrhsonomi,hhtyperrhsomi,,,,,,,,,,
344,LSAPerson File,Data Error,0,1,LSAPerson,"In the LSAPerson file, CH time should NOT equal -1 (not applicable) for people who are either adults or heads of household. Row {row_num} in your LSAPerson file breaks that rule. This is not an issue that can be fixed by looking at your LSAPerson file because client-level information (like a personal ID) is not stored there. You may need vendor assistance to resolve this error.","chtime=-1 & max(adultest,adultrrh,adultpsh,hohest,hohrrh,hohpsh)>-1 & hhtyperrhsonomi = -1 & hhtyperrhsomi = -1",row_num,chtime,adultest,adultrrh,adultpsh,hohest,hohrrh,hohpsh,hhtyperrhsonomi,hhtyperrhsomi,,,,,,,,,,
345,LSAPerson File,Data Error,0,1,LSAPerson,"In the LSAPerson file, CH time status should equal -1 (not applicable) for people who are neither adults nor heads of household. Row {row_num} in your LSAPerson file breaks that rule. This is not an issue that can be fixed by looking at your LSAPerson file because client-level information (like a personal ID) is not stored there. You may need vendor assistance to resolve this error.","chtimestatus~=-1 & max(adultest,adultrrh,adultpsh,hohest,hohrrh,hohpsh)=-1 & hhtyperrhsonomi = -1 & hhtyperrhsomi = -1",row_num,chtimestatus,adultest,adultrrh,adultpsh,hohest,hohrrh,hohpsh,hhtyperrhsonomi,hhtyperrhsomi,,,,,,,,,,
346,LSAPerson File,Data Error,0,1,LSAPerson,"In the LSAPerson file, CH time status should NOT equal -1 (not applicable) for people who are either adults or heads of household. Row {row_num} in your LSAPerson file breaks that rule. This is not an issue that can be fixed by looking at your LSAPerson file because client-level information (like a personal ID) is not stored there. You may need vendor assistance to resolve this error.","chtimestatus=-1 & max(adultest,adultrrh,adultpsh,hohest,hohrrh,hohpsh)>-1 & chtime not in(-1,0,270) & hhtyperrhsonomi = -1 & hhtyperrhsomi = -1",row_num,chtimestatus,chtime,adultest,adultrrh,adultpsh,hohest,hohrrh,hohpsh,hhtyperrhsonomi,hhtyperrhsomi,,,,,,,,,
347,LSAPerson File,Data Error,0,1,LSAPerson,"If CHTime equals 365 (365+ days), then CHTimeStatus cannot be -1 (not applicable). Row {row_num} in your LSAPerson file violates that rule.","chtime=365 & chtimestatus not in(1,2,3,99)",row_num,chtime,chtimestatus,,,,,,,,,,,,,,,,,
348,LSAPerson File,Data Error,0,1,LSAPerson,"If CHTime equals 400 (12 or more months in three years), the only valid value for CHTimeStatus is 2 (4 or more times in ES/SH/Street). Row {row_num} in your LSAPerson file violates that rule. This is not an issue that can be fixed by looking at your LSAPerson file because client-level information (like a personal ID) is not stored there. You may need vendor assistance to resolve this error. (This rule does NOT mean that if a person was homeless for 12 or more months in the past three years, they MUST have had 4 episodes. Rather, as outlined in the LSA Specifications, CHTime should only use the HMIS data on months homeless and equal 400 if (a) the person did NOT already qualify as chronically homeless based on the combination of enrollment data and ES/SH/Street Prior Living data and (b) the person DOES qualify as chronically homeless based on the months homeless data and number of episodes. If, on the other hand, the person did not qualify as chronically homeless either by (a) or (b), then even if this person was homeless for 12 or more months in the past three years, CHTime would not use that data on months homeless and would not equal 400.)",chtime=400 & chtimestatus~=2,row_num,chtime,chtimestatus,,,,,,,,,,,,,,,,,
349,LSAPerson File,Data Error,0,1,LSAPerson,"If CHTime equals 0 (0-269 days) or 270 (270-364 days), then CHTimeStatus can only equal either -1 (not applicable) or 99 (unknown). Row {row_num} in your LSAPerson file violates that rule.","chtime in(0,270) & chtimestatus not in(-1,99)",row_num,chtime,chtimestatus,,,,,,,,,,,,,,,,,
350,LSAPerson File,Data Error,0,1,LSAPerson,"Clients in row {row_num} in your LSAPerson file are identified as chronically homeless according to the DisabilityStatus, CHTime, and CHTimeStatus fields, yet these clients were not in chronically homeless households. The clients were served in Adult Only households in ES/SH/TH, as indicated in HHTypeEST. If these clients were chronically homeless, then HHChronicEST should also indicate that they were in chronically homeless Adult Only households in ES/SH/TH. This is not an issue that can be fixed by looking at your LSAPerson file because client-level information (like a personal ID) is not stored there. You may need vendor assistance to resolve this error.","disabilitystatus=1 & ((chtime=365 & chtimestatus in(1,2)) | (chtime=400 & chtimestatus=2)) & find(strip(transtrn(put(hhtypeest,32.),'-1','neg')),'1')>0 & find(strip(transtrn(put(hhchronicest,32.),'-1','neg')),'1')=0",row_num,hhchronicest,hhtypeest,disabilitystatus,chtime,chtimestatus,,,,,,,,,,,,,,
351,LSAPerson File,Data Error,0,1,LSAPerson,"Clients in row {row_num} in your LSAPerson file are identified as chronically homeless according to the DisabilityStatus, CHTime, and CHTimeStatus fields, yet these clients were not in chronically homeless households. The clients were served in Adult Child households in ES/SH/TH as indicated in HHTypeEST, and they were served as adults and/or heads of households in these enrollments as reported in the AdultEST and HoHEST fields. If these clients were chronically homeless, then HHChronicEST should also indicate that they were in chronically homeless Adult Child households in ES/SH/TH. This is not an issue that can be fixed by looking at your LSAPerson file because client-level information (like a personal ID) is not stored there. You may need vendor assistance to resolve this error.","disabilitystatus=1 & ((chtime=365 & chtimestatus in(1,2)) | (chtime=400 & chtimestatus=2)) & find(strip(put(hhtypeest,32.)),'2')>0 & max(find(strip(put(hohest,32.)),'2'),find(strip(put(adultest,32.)),'2'))>0 & find(strip(put(hhchronicest,32.)),'2')=0",row_num,hhchronicest,hhtypeest,disabilitystatus,chtime,chtimestatus,adultest,hohest,,,,,,,,,,,,
352,LSAPerson File,Data Error,0,1,LSAPerson,"Clients in row {row_num} in your LSAPerson file are identified as chronically homeless according to the DisabilityStatus, CHTime, and CHTimeStatus fields, yet these clients were not in chronically homeless households. The clients were served in Child Only households in ES/SH/TH as indicated in HHTypeEST, and they were served heads of households in these enrollments as reported in the HoHEST field. If these clients were chronically homeless, then HHChronicEST should also indicate that they were in chronically homeless Child Only households in ES/SH/TH. This is not an issue that can be fixed by looking at your LSAPerson file because client-level information (like a personal ID) is not stored there. You may need vendor assistance to resolve this error.","disabilitystatus=1 & ((chtime=365 & chtimestatus in(1,2)) | (chtime=400 & chtimestatus=2)) & find(strip(put(hhtypeest,32.)),'3')>0 & find(strip(put(hohest,32.)),'3')>0 & find(strip(put(hhchronicest,32.)),'3')=0",row_num,hhchronicest,hhtypeest,disabilitystatus,chtime,chtimestatus,hohest,,,,,,,,,,,,,
353,LSAPerson File,Data Error,0,1,LSAPerson,"Clients in row {row_num} in your LSAPerson file are identified as chronically homeless according to the DisabilityStatus, CHTime, and CHTimeStatus fields, yet these clients were not in chronically homeless households. The clients were served in unclassified (UN) households in ES/SH/TH as indicated in HHTypeEST, and they were served as adults and/or heads of households in these enrollments as reported in the AdultEST and HoHEST fields. If these clients were chronically homeless, then HHChronicEST should also indicate that they were in chronically homeless unclassified (UN) households in ES/SH/TH. This is not an issue that can be fixed by looking at your LSAPerson file because client-level information (like a personal ID) is not stored there. You may need vendor assistance to resolve this error.","disabilitystatus=1 & ((chtime=365 & chtimestatus in(1,2)) | (chtime=400 & chtimestatus=2)) & find(strip(put(hhtypeest,32.)),'9')>0 & max(find(strip(put(hohest,32.)),'9'),find(strip(put(adultest,32.)),'9'))>0 & find(strip(put(hhchronicest,32.)),'9')=0",row_num,hhchronicest,hhtypeest,disabilitystatus,chtime,chtimestatus,adultest,hohest,,,,,,,,,,,,
354,LSAPerson File,Data Error,0,1,LSAPerson,"Clients in row {row_num} in your LSAPerson file are identified as chronically homeless according to the DisabilityStatus, CHTime, and CHTimeStatus fields, yet these clients were not in chronically homeless households. The clients were served in Adult Only households in RRH, as indicated in HHTypeRRH. If these clients were chronically homeless, then HHChronicRRH should also indicate that they were in chronically homeless Adult Only households in RRH. This is not an issue that can be fixed by looking at your LSAPerson file because client-level information (like a personal ID) is not stored there. You may need vendor assistance to resolve this error.","disabilitystatus=1 & ((chtime=365 & chtimestatus in(1,2)) | (chtime=400 & chtimestatus=2)) & find(strip(transtrn(put(hhtyperrh,32.),'-1','neg')),'1')>0 & find(strip(transtrn(put(hhchronicrrh,32.),'-1','neg')),'1')=0",row_num,hhchronicrrh,hhtyperrh,disabilitystatus,chtime,chtimestatus,,,,,,,,,,,,,,
355,LSAPerson File,Data Error,0,1,LSAPerson,"Clients in row {row_num} in your LSAPerson file are identified as chronically homeless according to the DisabilityStatus, CHTime, and CHTimeStatus fields, yet these clients were not in chronically homeless households. The clients were served in Adult Child households in RRH as indicated in HHTypeRRH, and they were served as adults and/or heads of households in these enrollments as reported in the AdultRRH and HoHRRH fields. If these clients were chronically homeless, then HHChronicRRH should also indicate that they were in chronically homeless Adult Child households in RRH. This is not an issue that can be fixed by looking at your LSAPerson file because client-level information (like a personal ID) is not stored there. You may need vendor assistance to resolve this error.","disabilitystatus=1 & ((chtime=365 & chtimestatus in(1,2)) | (chtime=400 & chtimestatus=2)) & find(strip(put(hhtyperrh,32.)),'2')>0 & max(find(strip(put(hohrrh,32.)),'2'),find(strip(put(adultrrh,32.)),'2'))>0 & find(strip(put(hhchronicrrh,32.)),'2')=0",row_num,hhchronicrrh,hhtyperrh,disabilitystatus,chtime,chtimestatus,adultrrh,hohrrh,,,,,,,,,,,,
356,LSAPerson File,Data Error,0,1,LSAPerson,"Clients in row {row_num} in your LSAPerson file are identified as chronically homeless according to the DisabilityStatus, CHTime, and CHTimeStatus fields, yet these clients were not in chronically homeless households. The clients were served in Child Only households in RRH as indicated in HHTypeRRH, and they were served heads of households in these enrollments as reported in the HoHRRH field. If these clients were chronically homeless, then HHChronicRRH should also indicate that they were in chronically homeless Child Only households in RRH. This is not an issue that can be fixed by looking at your LSAPerson file because client-level information (like a personal ID) is not stored there. You may need vendor assistance to resolve this error.","disabilitystatus=1 & ((chtime=365 & chtimestatus in(1,2)) | (chtime=400 & chtimestatus=2)) & find(strip(put(hhtyperrh,32.)),'3')>0 & find(strip(put(hohrrh,32.)),'3')>0 & find(strip(put(hhchronicrrh,32.)),'3')=0",row_num,hhchronicrrh,hhtyperrh,disabilitystatus,chtime,chtimestatus,hohrrh,,,,,,,,,,,,,
357,LSAPerson File,Data Error,0,1,LSAPerson,"Clients in row {row_num} in your LSAPerson file are identified as chronically homeless according to the DisabilityStatus, CHTime, and CHTimeStatus fields, yet these clients were not in chronically homeless households. The clients were served in unclassified (UN) households in RRH as indicated in HHTypeRRH, and they were served as adults and/or heads of households in these enrollments as reported in the AdultRRH and HoHRRH fields. If these clients were chronically homeless, then HHChronicRRH should also indicate that they were in chronically homeless unclassified (UN) households in RRH. This is not an issue that can be fixed by looking at your LSAPerson file because client-level information (like a personal ID) is not stored there. You may need vendor assistance to resolve this error.","disabilitystatus=1 & ((chtime=365 & chtimestatus in(1,2)) | (chtime=400 & chtimestatus=2)) & find(strip(put(hhtyperrh,32.)),'9')>0 & max(find(strip(put(hohrrh,32.)),'9'),find(strip(put(adultrrh,32.)),'9'))>0 & find(strip(put(hhchronicrrh,32.)),'9')=0",row_num,hhchronicrrh,hhtyperrh,disabilitystatus,chtime,chtimestatus,adultrrh,hohrrh,,,,,,,,,,,,
358,LSAPerson File,Data Error,0,1,LSAPerson,"Clients in row {row_num} in your LSAPerson file are identified as chronically homeless according to the DisabilityStatus, CHTime, and CHTimeStatus fields, yet these clients were not in chronically homeless households. The clients were served in Adult Only households in PSH, as indicated in HHTypePSH. If these clients were chronically homeless, then HHChronicPSH should also indicate that they were in chronically homeless Adult Only households in PSH. This is not an issue that can be fixed by looking at your LSAPerson file because client-level information (like a personal ID) is not stored there. You may need vendor assistance to resolve this error.","disabilitystatus=1 & ((chtime=365 & chtimestatus in(1,2)) | (chtime=400 & chtimestatus=2)) & find(strip(transtrn(put(hhtypepsh,32.),'-1','neg')),'1')>0 & find(strip(transtrn(put(hhchronicpsh,32.),'-1','neg')),'1')=0",row_num,hhchronicpsh,hhtypepsh,disabilitystatus,chtime,chtimestatus,,,,,,,,,,,,,,
359,LSAPerson File,Data Error,0,1,LSAPerson,"Clients in row {row_num} in your LSAPerson file are identified as chronically homeless according to the DisabilityStatus, CHTime, and CHTimeStatus fields, yet these clients were not in chronically homeless households. The clients were served in Adult Child households in PSH as indicated in HHTypePSH, and they were served as adults and/or heads of households in these enrollments as reported in the AdultPSH and HoHPSH fields. If these clients were chronically homeless, then HHChronicPSH should also indicate that they were in chronically homeless Adult Child households in PSH. This is not an issue that can be fixed by looking at your LSAPerson file because client-level information (like a personal ID) is not stored there. You may need vendor assistance to resolve this error.","disabilitystatus=1 & ((chtime=365 & chtimestatus in(1,2)) | (chtime=400 & chtimestatus=2)) & find(strip(put(hhtypepsh,32.)),'2')>0 & max(find(strip(put(hohpsh,32.)),'2'),find(strip(put(adultpsh,32.)),'2'))>0 & find(strip(put(hhchronicpsh,32.)),'2')=0",row_num,hhchronicpsh,hhtypepsh,disabilitystatus,chtime,chtimestatus,adultpsh,hohpsh,,,,,,,,,,,,
360,LSAPerson File,Data Error,0,1,LSAPerson,"Clients in row {row_num} in your LSAPerson file are identified as chronically homeless according to the DisabilityStatus, CHTime, and CHTimeStatus fields, yet these clients were not in chronically homeless households. The clients were served in Child Only households in PSH as indicated in HHTypePSH, and they were served heads of households in these enrollments as reported in the HoHPSH field. If these clients were chronically homeless, then HHChronicPSH should also indicate that they were in chronically homeless Child Only households in PSH. This is not an issue that can be fixed by looking at your LSAPerson file because client-level information (like a personal ID) is not stored there. You may need vendor assistance to resolve this error.","disabilitystatus=1 & ((chtime=365 & chtimestatus in(1,2)) | (chtime=400 & chtimestatus=2)) & find(strip(put(hhtypepsh,32.)),'3')>0 & find(strip(put(hohpsh,32.)),'3')>0 & find(strip(put(hhchronicpsh,32.)),'3')=0",row_num,hhchronicpsh,hhtypepsh,disabilitystatus,chtime,chtimestatus,hohpsh,,,,,,,,,,,,,
361,LSAPerson File,Data Error,0,1,LSAPerson,"Clients in row {row_num} in your LSAPerson file are identified as chronically homeless according to the DisabilityStatus, CHTime, and CHTimeStatus fields, yet these clients were not in chronically homeless households. The clients were served in unclassified (UN) households in PSH as indicated in HHTypePSH, and they were served as adults and/or heads of households in these enrollments as reported in the AdultPSH and HoHPSH fields. If these clients were chronically homeless, then HHChronicPSH should also indicate that they were in chronically homeless unclassified (UN) households in PSH. This is not an issue that can be fixed by looking at your LSAPerson file because client-level information (like a personal ID) is not stored there. You may need vendor assistance to resolve this error.","disabilitystatus=1 & ((chtime=365 & chtimestatus in(1,2)) | (chtime=400 & chtimestatus=2)) & find(strip(put(hhtypepsh,32.)),'9')>0 & max(find(strip(put(hohpsh,32.)),'9'),find(strip(put(adultpsh,32.)),'9'))>0 & find(strip(put(hhchronicpsh,32.)),'9')=0",row_num,hhchronicpsh,hhtypepsh,disabilitystatus,chtime,chtimestatus,adultpsh,hohpsh,,,,,,,,,,,,
362,LSAPerson File,Data Error,0,1,LSAPerson,"Clients in row {row_num} in your LSAPerson file are identified as veterans according to the VetStatus field, yet these clients were not in veteran households. The clients were served in Adult Only households in ES/SH/TH, as indicated in HHTypeEST. If these clients were veterans, then HHVetEST should also indicate that they were in veteran Adult Only households in ES/SH/TH. This is not an issue that can be fixed by looking at your LSAPerson file because client-level information (like a personal ID) is not stored there. You may need vendor assistance to resolve this error.","vetstatus=1 & find(strip(transtrn(put(hhtypeest,32.),'-1','neg')),'1')>0 & find(strip(transtrn(put(hhvetest,32.),'-1','neg')),'1')=0",row_num,hhvetest,hhtypeest,vetstatus,,,,,,,,,,,,,,,,
363,LSAPerson File,Data Error,0,1,LSAPerson,"Clients in row {row_num} in your LSAPerson file are identified as veterans according to the VetStatus field, yet you reported that they were not in veteran households. The clients were served in Adult Child households in ES/SH/TH, as indicated in HHTypeEST, and they were served as adults in these enrollments, as reported in AdultEST. If these clients were veterans, then HHVetEST should also indicate that they were in veteran Adult Child households in ES/SH/TH. This is not an issue that can be fixed by looking at your LSAPerson file because client-level information (like a personal ID) is not stored there. You may need vendor assistance to resolve this error.","vetstatus=1 & find(strip(put(hhtypeest,32.)),'2')>0 & find(strip(put(adultest,32.)),'2')>0 & find(strip(put(hhvetest,32.)),'2')=0",row_num,hhvetest,hhtypeest,vetstatus,adultest,,,,,,,,,,,,,,,
364,LSAPerson File,Data Error,0,1,LSAPerson,"Clients in row {row_num} in your LSAPerson file are identified as veterans according to the VetStatus field, yet you reported that they were not in veteran households. The clients were served in unclassified (UN) households in ES/SH/TH, as indicated in HHTypeEST, and they were served as adults in these enrollments, as reported in AdultEST. If these clients were veterans, then HHVetEST should also indicate that they were in veteran unclassified (UN) households in ES/SH/TH. This is not an issue that can be fixed by looking at your LSAPerson file because client-level information (like a personal ID) is not stored there. You may need vendor assistance to resolve this error.","vetstatus=1 & find(strip(put(hhtypeest,32.)),'9')>0 & find(strip(put(adultest,32.)),'9')>0 & find(strip(put(hhvetest,32.)),'9')=0",row_num,hhvetest,hhtypeest,vetstatus,adultest,,,,,,,,,,,,,,,
365,LSAPerson File,Data Error,0,1,LSAPerson,"Clients in row {row_num} in your LSAPerson file are identified as veterans according to the VetStatus field, yet these clients were not in veteran households. The clients were served in Adult Only households in RRH, as indicated in HHTypeRRH. If these clients were veterans, then HHVetRRH should also indicate that they were in veteran Adult Only households in RRH. This is not an issue that can be fixed by looking at your LSAPerson file because client-level information (like a personal ID) is not stored there. You may need vendor assistance to resolve this error.","vetstatus=1 & find(strip(transtrn(put(hhtyperrh,32.),'-1','neg')),'1')>0 & find(strip(transtrn(put(hhvetrrh,32.),'-1','neg')),'1')=0",row_num,hhvetrrh,hhtyperrh,vetstatus,,,,,,,,,,,,,,,,
366,LSAPerson File,Data Error,0,1,LSAPerson,"Clients in row {row_num} in your LSAPerson file are identified as veterans according to the VetStatus field, yet you reported that they were not in veteran households. The clients were served in Adult Child households in RRH, as indicated in HHTypeRRH, and they were served as adults in these enrollments, as reported in AdultRRH. If these clients were veterans, then HHVetRRH should also indicate that they were in veteran Adult Child households in RRH. This is not an issue that can be fixed by looking at your LSAPerson file because client-level information (like a personal ID) is not stored there. You may need vendor assistance to resolve this error.","vetstatus=1 & find(strip(put(hhtyperrh,32.)),'2')>0 & find(strip(put(adultrrh,32.)),'2')>0 & find(strip(put(hhvetrrh,32.)),'2')=0",row_num,hhvetrrh,hhtyperrh,vetstatus,adultrrh,,,,,,,,,,,,,,,
367,LSAPerson File,Data Error,0,1,LSAPerson,"Clients in row {row_num} in your LSAPerson file are identified as veterans according to the VetStatus field, yet you reported that they were not in veteran households. The clients were served in unclassified (UN) households in RRH, as indicated in HHTypeRRH, and they were served as adults in these enrollments, as reported in AdultRRH. If these clients were veterans, then HHVetRRH should also indicate that they were in veteran unclassified (UN) households in RRH. This is not an issue that can be fixed by looking at your LSAPerson file because client-level information (like a personal ID) is not stored there. You may need vendor assistance to resolve this error.","vetstatus=1 & find(strip(put(hhtyperrh,32.)),'9')>0 & find(strip(put(adultrrh,32.)),'9')>0 & find(strip(put(hhvetrrh,32.)),'9')=0",row_num,hhvetrrh,hhtyperrh,vetstatus,adultrrh,,,,,,,,,,,,,,,
368,LSAPerson File,Data Error,0,1,LSAPerson,"Clients in row {row_num} in your LSAPerson file are identified as veterans according to the VetStatus field, yet these clients were not in veteran households. The clients were served in Adult Only households in PSH, as indicated in HHTypePSH. If these clients were veterans, then HHVetPSH should also indicate that they were in veteran Adult Only households in PSH. This is not an issue that can be fixed by looking at your LSAPerson file because client-level information (like a personal ID) is not stored there. You may need vendor assistance to resolve this error.","vetstatus=1 & find(strip(transtrn(put(hhtypepsh,32.),'-1','neg')),'1')>0 & find(strip(transtrn(put(hhvetpsh,32.),'-1','neg')),'1')=0",row_num,hhvetpsh,hhtypepsh,vetstatus,,,,,,,,,,,,,,,,
369,LSAPerson File,Data Error,0,1,LSAPerson,"Clients in row {row_num} in your LSAPerson file are identified as veterans according to the VetStatus field, yet you reported that they were not in veteran households. The clients were served in Adult Child households in PSH, as indicated in HHTypePSH, and they were served as adults in these enrollments, as reported in AdultPSH. If these clients were veterans, then HHVetPSH should also indicate that they were in veteran Adult Child households in PSH. This is not an issue that can be fixed by looking at your LSAPerson file because client-level information (like a personal ID) is not stored there. You may need vendor assistance to resolve this error.","vetstatus=1 & find(strip(put(hhtypepsh,32.)),'2')>0 & find(strip(put(adultpsh,32.)),'2')>0 & find(strip(put(hhvetpsh,32.)),'2')=0",row_num,hhvetpsh,hhtypepsh,vetstatus,adultpsh,,,,,,,,,,,,,,,
370,LSAPerson File,Data Error,0,1,LSAPerson,"Clients in row {row_num} in your LSAPerson file are identified as veterans according to the VetStatus field, yet you reported that they were not in veteran households. The clients were served in unclassified (UN) households in PSH, as indicated in HHTypePSH, and they were served as adults in these enrollments, as reported in AdultPSH. If these clients were veterans, then HHVetPSH should also indicate that they were in veteran unclassified (UN) households in PSH. This is not an issue that can be fixed by looking at your LSAPerson file because client-level information (like a personal ID) is not stored there. You may need vendor assistance to resolve this error.","vetstatus=1 & find(strip(put(hhtypepsh,32.)),'9')>0 & find(strip(put(adultpsh,32.)),'9')>0 & find(strip(put(hhvetpsh,32.)),'9')=0",row_num,hhvetpsh,hhtypepsh,vetstatus,adultpsh,,,,,,,,,,,,,,,
371,LSAPerson File,Data Error,0,1,LSAPerson,"Clients in row {row_num} in your LSAPerson file are identified as disabled according to the DisabilityStatus field, yet these clients were not in households with a disabled member. The clients were served in Adult Only households in ES/SH/TH, as indicated in HHTypeEST. If these clients were disabled, then HHDisabilityEST should also indicate that they were in Adult Only households with a disabled member in ES/SH/TH. This is not an issue that can be fixed by looking at your LSAPerson file because client-level information (like a personal ID) is not stored there. You may need vendor assistance to resolve this error.","disabilitystatus=1 & find(strip(transtrn(put(hhtypeest,32.),'-1','neg')),'1')>0 & find(strip(transtrn(put(hhdisabilityest,32.),'-1','neg')),'1')=0",row_num,hhdisabilityest,hhtypeest,disabilitystatus,,,,,,,,,,,,,,,,
372,LSAPerson File,Data Error,0,1,LSAPerson,"Clients in row {row_num} in your LSAPerson file are identified as disabled according to the DisabilityStatus field, yet these clients were not in households with a disabled member. The clients were served in Adult Child households in ES/SH/TH as indicated in HHTypeEST, and they were served as adults and/or heads of households in these enrollments as reported in the AdultEST and HoHEST fields. If these clients were disabled, then HHDisabilityEST should also indicate that they were in Adult Child households with a disabled member in ES/SH/TH. This is not an issue that can be fixed by looking at your LSAPerson file because client-level information (like a personal ID) is not stored there. You may need vendor assistance to resolve this error.","disabilitystatus=1 & find(strip(put(hhtypeest,32.)),'2')>0 & max(find(strip(put(hohest,32.)),'2'),find(strip(put(adultest,32.)),'2'))>0 & find(strip(put(hhdisabilityest,32.)),'2')=0",row_num,hhdisabilityest,hhtypeest,disabilitystatus,adultest,hohest,,,,,,,,,,,,,,
373,LSAPerson File,Data Error,0,1,LSAPerson,"Clients in row {row_num} in your LSAPerson file are identified as disabled according to the DisabilityStatus field, yet these clients were not in households with a disabled member. The clients were served in Child Only households in ES/SH/TH as indicated in HHTypeEST, and they were served heads of households in these enrollments as reported in the HoHEST field. If these clients were disabled, then HHDisabilityEST should also indicate that they were in Child Only households with a disabled member in ES/SH/TH. This is not an issue that can be fixed by looking at your LSAPerson file because client-level information (like a personal ID) is not stored there. You may need vendor assistance to resolve this error.","disabilitystatus=1 & find(strip(put(hhtypeest,32.)),'3')>0 & find(strip(put(hohest,32.)),'3')>0 & find(strip(put(hhdisabilityest,32.)),'3')=0",row_num,hhdisabilityest,hhtypeest,disabilitystatus,hohest,,,,,,,,,,,,,,,
374,LSAPerson File,Data Error,0,1,LSAPerson,"Clients in row {row_num} in your LSAPerson file are identified as disabled according to the DisabilityStatus field, yet these clients were not in households with a disabled member. The clients were served in unclassified (UN) households in ES/SH/TH as indicated in HHTypeEST, and they were served as adults and/or heads of households in these enrollments as reported in the AdultEST and HoHEST fields. If these clients were disabled, then HHDisabilityEST should also indicate that they were in unclassified (UN) households with a disabled member in ES/SH/TH. This is not an issue that can be fixed by looking at your LSAPerson file because client-level information (like a personal ID) is not stored there. You may need vendor assistance to resolve this error.","disabilitystatus=1 & find(strip(put(hhtypeest,32.)),'9')>0 & max(find(strip(put(hohest,32.)),'9'),find(strip(put(adultest,32.)),'9'))>0 & find(strip(put(hhdisabilityest,32.)),'9')=0",row_num,hhdisabilityest,hhtypeest,disabilitystatus,adultest,hohest,,,,,,,,,,,,,,
375,LSAPerson File,Data Error,0,1,LSAPerson,"Clients in row {row_num} in your LSAPerson file are identified as disabled according to the DisabilityStatus field, yet these clients were not in households with a disabled member. The clients were served in Adult Only households in RRH, as indicated in HHTypeRRH. If these clients were disabled, then HHDisabilityRRH should also indicate that they were in Adult Only households with a disabled member in RRH. This is not an issue that can be fixed by looking at your LSAPerson file because client-level information (like a personal ID) is not stored there. You may need vendor assistance to resolve this error.","disabilitystatus=1 & find(strip(transtrn(put(hhtyperrh,32.),'-1','neg')),'1')>0 & find(strip(transtrn(put(hhdisabilityrrh,32.),'-1','neg')),'1')=0",row_num,hhdisabilityrrh,hhtyperrh,disabilitystatus,,,,,,,,,,,,,,,,
376,LSAPerson File,Data Error,0,1,LSAPerson,"Clients in row {row_num} in your LSAPerson file are identified as disabled according to the DisabilityStatus field, yet these clients were not in households with a disabled member. The clients were served in Adult Child households in RRH as indicated in HHTypeRRH, and they were served as adults and/or heads of households in these enrollments as reported in the AdultRRH and HoHRRH fields. If these clients were disabled, then HHDisabilityRRH should also indicate that they were in Adult Child households with a disabled member in RRH. This is not an issue that can be fixed by looking at your LSAPerson file because client-level information (like a personal ID) is not stored there. You may need vendor assistance to resolve this error.","disabilitystatus=1 & find(strip(put(hhtyperrh,32.)),'2')>0 & max(find(strip(put(hohrrh,32.)),'2'),find(strip(put(adultrrh,32.)),'2'))>0 & find(strip(put(hhdisabilityrrh,32.)),'2')=0",row_num,hhdisabilityrrh,hhtyperrh,disabilitystatus,adultrrh,hohrrh,,,,,,,,,,,,,,
377,LSAPerson File,Data Error,0,1,LSAPerson,"Clients in row {row_num} in your LSAPerson file are identified as disabled according to the DisabilityStatus field, yet these clients were not in households with a disabled member. The clients were served in Child Only households in RRH as indicated in HHTypeRRH, and they were served heads of households in these enrollments as reported in the HoHRRH field. If these clients were disabled, then HHDisabilityRRH should also indicate that they were in Child Only households with a disabled member in RRH. This is not an issue that can be fixed by looking at your LSAPerson file because client-level information (like a personal ID) is not stored there. You may need vendor assistance to resolve this error.","disabilitystatus=1 & find(strip(put(hhtyperrh,32.)),'3')>0 & find(strip(put(hohrrh,32.)),'3')>0 & find(strip(put(hhdisabilityrrh,32.)),'3')=0",row_num,hhdisabilityrrh,hhtyperrh,disabilitystatus,hohrrh,,,,,,,,,,,,,,,
378,LSAPerson File,Data Error,0,1,LSAPerson,"Clients in row {row_num} in your LSAPerson file are identified as disabled according to the DisabilityStatus field, yet these clients were not in households with a disabled member. The clients were served in unclassified (UN) households in RRH as indicated in HHTypeRRH, and they were served as adults and/or heads of households in these enrollments as reported in the AdultRRH and HoHRRH fields. If these clients were disabled, then HHDisabilityRRH should also indicate that they were in unclassified (UN) households with a disabled member in RRH. This is not an issue that can be fixed by looking at your LSAPerson file because client-level information (like a personal ID) is not stored there. You may need vendor assistance to resolve this error.","disabilitystatus=1 & find(strip(put(hhtyperrh,32.)),'9')>0 & max(find(strip(put(hohrrh,32.)),'9'),find(strip(put(adultrrh,32.)),'9'))>0 & find(strip(put(hhdisabilityrrh,32.)),'9')=0",row_num,hhdisabilityrrh,hhtyperrh,disabilitystatus,adultrrh,hohrrh,,,,,,,,,,,,,,
379,LSAPerson File,Data Error,0,1,LSAPerson,"Clients in row {row_num} in your LSAPerson file are identified as disabled according to the DisabilityStatus field, yet these clients were not in households with a disabled member. The clients were served in Adult Only households in PSH, as indicated in HHTypePSH. If these clients were disabled, then HHDisabilityPSH should also indicate that they were in Adult Only households with a disabled member in PSH. This is not an issue that can be fixed by looking at your LSAPerson file because client-level information (like a personal ID) is not stored there. You may need vendor assistance to resolve this error.","disabilitystatus=1 & find(strip(transtrn(put(hhtypepsh,32.),'-1','neg')),'1')>0 & find(strip(transtrn(put(hhdisabilitypsh,32.),'-1','neg')),'1')=0",row_num,hhdisabilitypsh,hhtypepsh,disabilitystatus,,,,,,,,,,,,,,,,
380,LSAPerson File,Data Error,0,1,LSAPerson,"Clients in row {row_num} in your LSAPerson file are identified as disabled according to the DisabilityStatus field, yet these clients were not in households with a disabled member. The clients were served in Adult Child households in PSH as indicated in HHTypePSH, and they were served as adults and/or heads of households in these enrollments as reported in the AdultPSH and HoHPSH fields. If these clients were disabled, then HHDisabilityPSH should also indicate that they were in Adult Child households with a disabled member in PSH. This is not an issue that can be fixed by looking at your LSAPerson file because client-level information (like a personal ID) is not stored there. You may need vendor assistance to resolve this error.","disabilitystatus=1 & find(strip(put(hhtypepsh,32.)),'2')>0 & max(find(strip(put(hohpsh,32.)),'2'),find(strip(put(adultpsh,32.)),'2'))>0 & find(strip(put(hhdisabilitypsh,32.)),'2')=0",row_num,hhdisabilitypsh,hhtypepsh,disabilitystatus,adultpsh,hohpsh,,,,,,,,,,,,,,
381,LSAPerson File,Data Error,0,1,LSAPerson,"Clients in row {row_num} in your LSAPerson file are identified as disabled according to the DisabilityStatus field, yet these clients were not in households with a disabled member. The clients were served in Child Only households in PSH as indicated in HHTypePSH, and they were served heads of households in these enrollments as reported in the HoHPSH field. If these clients were disabled, then HHDisabilityPSH should also indicate that they were in Child Only households with a disabled member in PSH. This is not an issue that can be fixed by looking at your LSAPerson file because client-level information (like a personal ID) is not stored there. You may need vendor assistance to resolve this error.","disabilitystatus=1 & find(strip(put(hhtypepsh,32.)),'3')>0 & find(strip(put(hohpsh,32.)),'3')>0 & find(strip(put(hhdisabilitypsh,32.)),'3')=0",row_num,hhdisabilitypsh,hhtypepsh,disabilitystatus,hohpsh,,,,,,,,,,,,,,,
382,LSAPerson File,Data Error,0,1,LSAPerson,"Clients in row {row_num} in your LSAPerson file are identified as disabled according to the DisabilityStatus field, yet these clients were not in households with a disabled member. The clients were served in unclassified (UN) households in PSH as indicated in HHTypePSH, and they were served as adults and/or heads of households in these enrollments as reported in the AdultPSH and HoHPSH fields. If these clients were disabled, then HHDisabilityPSH should also indicate that they were in unclassified (UN) households with a disabled member in PSH. This is not an issue that can be fixed by looking at your LSAPerson file because client-level information (like a personal ID) is not stored there. You may need vendor assistance to resolve this error.","disabilitystatus=1 & find(strip(put(hhtypepsh,32.)),'9')>0 & max(find(strip(put(hohpsh,32.)),'9'),find(strip(put(adultpsh,32.)),'9'))>0 & find(strip(put(hhdisabilitypsh,32.)),'9')=0",row_num,hhdisabilitypsh,hhtypepsh,disabilitystatus,adultpsh,hohpsh,,,,,,,,,,,,,,
383,LSAPerson File,Data Error,0,1,LSAPerson,"Clients in row {row_num} in your LSAPerson file are identified as currently fleeing DV according to the DVStatus field, yet these clients were not in households with a member fleeing DV. The clients were served in Adult Only households in ES/SH/TH, as indicated in HHTypeEST. If these clients were feeling DV, then HHFleeingDVEST should also indicate that they were in Adult Only households with a member fleeing DV in ES/SH/TH. This is not an issue that can be fixed by looking at your LSAPerson file because client-level information (like a personal ID) is not stored there. You may need vendor assistance to resolve this error.","dvstatus=1 & find(strip(transtrn(put(hhtypeest,32.),'-1','neg')),'1')>0 & find(strip(transtrn(put(hhfleeingdvest,32.),'-1','neg')),'1')=0",row_num,hhfleeingdvest,hhtypeest,dvstatus,,,,,,,,,,,,,,,,
384,LSAPerson File,Data Error,0,1,LSAPerson,"Clients in row {row_num} in your LSAPerson file are identified as fleeing DV according to the DVStatus field, yet these clients were not in households with a member fleeing DV. The clients were served in Adult Child households in ES/SH/TH as indicated in HHTypeEST, and they were served as adults and/or heads of households in these enrollments as reported in the AdultEST and HoHEST fields. If these clients were fleeing DV, then HHFleeingDVEST should also indicate that they were in Adult Child households with a member fleeing DV in ES/SH/TH. This is not an issue that can be fixed by looking at your LSAPerson file because client-level information (like a personal ID) is not stored there. You may need vendor assistance to resolve this error.","dvstatus=1 & find(strip(put(hhtypeest,32.)),'2')>0 & max(find(strip(put(hohest,32.)),'2'),find(strip(put(adultest,32.)),'2'))>0 & find(strip(put(hhfleeingdvest,32.)),'2')=0",row_num,hhfleeingdvest,hhtypeest,dvstatus,adultest,hohest,,,,,,,,,,,,,,
385,LSAPerson File,Data Error,0,1,LSAPerson,"Clients in row {row_num} in your LSAPerson file are identified as fleeing DV to the DVStatus field, yet these clients were not in households with a member fleeing DV. The clients were served in Child Only households in ES/SH/TH as indicated in HHTypeEST, and they were served heads of households in these enrollments as reported in the HoHEST field. If these clients were fleeing DV, then HHFleeingDVEST should also indicate that they were in Child Only households with a member fleenig DV in ES/SH/TH. This is not an issue that can be fixed by looking at your LSAPerson file because client-level information (like a personal ID) is not stored there. You may need vendor assistance to resolve this error.","dvstatus=1 & find(strip(put(hhtypeest,32.)),'3')>0 & find(strip(put(hohest,32.)),'3')>0 & find(strip(put(hhfleeingdvest,32.)),'3')=0",row_num,hhfleeingdvest,hhtypeest,dvstatus,hohest,,,,,,,,,,,,,,,
386,LSAPerson File,Data Error,0,1,LSAPerson,"Clients in row {row_num} in your LSAPerson file are identified as fleeing DV according to the DVStatus field, yet these clients were not in households with a member fleeing DV. The clients were served in unclassified (UN) households in ES/SH/TH as indicated in HHTypeEST, and they were served as adults and/or heads of households in these enrollments as reported in the AdultEST and HoHEST fields. If these clients were fleeing DV, then HHFleeingDVEST should also indicate that they were in unclassified (UN) households with a member fleeing DV in ES/SH/TH. This is not an issue that can be fixed by looking at your LSAPerson file because client-level information (like a personal ID) is not stored there. You may need vendor assistance to resolve this error.","dvstatus=1 & find(strip(put(hhtypeest,32.)),'9')>0 & max(find(strip(put(hohest,32.)),'9'),find(strip(put(adultest,32.)),'9'))>0 & find(strip(put(hhfleeingdvest,32.)),'9')=0",row_num,hhfleeingdvest,hhtypeest,dvstatus,adultest,hohest,,,,,,,,,,,,,,
387,LSAPerson File,Data Error,0,1,LSAPerson,"Clients in row {row_num} in your LSAPerson file are identified as currently fleeing DV according to the DVStatus field, yet these clients were not in households with a member fleeing DV. The clients were served in Adult Only households in RRH, as indicated in HHTypeRRH. If these clients were feeling DV, then HHFleeingDVRRH should also indicate that they were in Adult Only households with a member fleeing DV in RRH. This is not an issue that can be fixed by looking at your LSAPerson file because client-level information (like a personal ID) is not stored there. You may need vendor assistance to resolve this error.","dvstatus=1 & find(strip(transtrn(put(hhtyperrh,32.),'-1','neg')),'1')>0 & find(strip(transtrn(put(hhfleeingdvrrh,32.),'-1','neg')),'1')=0",row_num,hhfleeingdvrrh,hhtyperrh,dvstatus,,,,,,,,,,,,,,,,
388,LSAPerson File,Data Error,0,1,LSAPerson,"Clients in row {row_num} in your LSAPerson file are identified as fleeing DV according to the DVStatus field, yet these clients were not in households with a member fleeing DV. The clients were served in Adult Child households in RRH as indicated in HHTypeRRH, and they were served as adults and/or heads of households in these enrollments as reported in the AdultRRH and HoHRRH fields. If these clients were fleeing DV, then HHFleeingDVRRH should also indicate that they were in Adult Child households with a member fleeing DV in RRH. This is not an issue that can be fixed by looking at your LSAPerson file because client-level information (like a personal ID) is not stored there. You may need vendor assistance to resolve this error.","dvstatus=1 & find(strip(put(hhtyperrh,32.)),'2')>0 & max(find(strip(put(hohrrh,32.)),'2'),find(strip(put(adultrrh,32.)),'2'))>0 & find(strip(put(hhfleeingdvrrh,32.)),'2')=0",row_num,hhfleeingdvrrh,hhtyperrh,dvstatus,adultrrh,hohrrh,,,,,,,,,,,,,,
389,LSAPerson File,Data Error,0,1,LSAPerson,"Clients in row {row_num} in your LSAPerson file are identified as fleeing DV to the DVStatus field, yet these clients were not in households with a member fleeing DV. The clients were served in Child Only households in RRH as indicated in HHTypeRRH, and they were served heads of households in these enrollments as reported in the HoHRRH field. If these clients were fleeing DV, then HHFleeingDVRRH should also indicate that they were in Child Only households with a member fleenig DV in RRH. This is not an issue that can be fixed by looking at your LSAPerson file because client-level information (like a personal ID) is not stored there. You may need vendor assistance to resolve this error.","dvstatus=1 & find(strip(put(hhtyperrh,32.)),'3')>0 & find(strip(put(hohrrh,32.)),'3')>0 & find(strip(put(hhfleeingdvrrh,32.)),'3')=0",row_num,hhfleeingdvrrh,hhtyperrh,dvstatus,hohrrh,,,,,,,,,,,,,,,
390,LSAPerson File,Data Error,0,1,LSAPerson,"Clients in row {row_num} in your LSAPerson file are identified as fleeing DV according to the DVStatus field, yet these clients were not in households with a member fleeing DV. The clients were served in unclassified (UN) households in RRH as indicated in HHTypeRRH, and they were served as adults and/or heads of households in these enrollments as reported in the AdultRRH and HoHRRH fields. If these clients were fleeing DV, then HHFleeingDVRRH should also indicate that they were in unclassified (UN) households with a member fleeing DV in RRH. This is not an issue that can be fixed by looking at your LSAPerson file because client-level information (like a personal ID) is not stored there. You may need vendor assistance to resolve this error.","dvstatus=1 & find(strip(put(hhtyperrh,32.)),'9')>0 & max(find(strip(put(hohrrh,32.)),'9'),find(strip(put(adultrrh,32.)),'9'))>0 & find(strip(put(hhfleeingdvrrh,32.)),'9')=0",row_num,hhfleeingdvrrh,hhtyperrh,dvstatus,adultrrh,hohrrh,,,,,,,,,,,,,,
391,LSAPerson File,Data Error,0,1,LSAPerson,"Clients in row {row_num} in your LSAPerson file are identified as currently fleeing DV according to the DVStatus field, yet these clients were not in households with a member fleeing DV. The clients were served in Adult Only households in PSH, as indicated in HHTypePSH. If these clients were feeling DV, then HHFleeingDVPSH should also indicate that they were in Adult Only households with a member fleeing DV in PSH. This is not an issue that can be fixed by looking at your LSAPerson file because client-level information (like a personal ID) is not stored there. You may need vendor assistance to resolve this error.","dvstatus=1 & find(strip(transtrn(put(hhtypepsh,32.),'-1','neg')),'1')>0 & find(strip(transtrn(put(hhfleeingdvpsh,32.),'-1','neg')),'1')=0",row_num,hhfleeingdvpsh,hhtypepsh,dvstatus,,,,,,,,,,,,,,,,
392,LSAPerson File,Data Error,0,1,LSAPerson,"Clients in row {row_num} in your LSAPerson file are identified as fleeing DV according to the DVStatus field, yet these clients were not in households with a member fleeing DV. The clients were served in Adult Child households in PSH as indicated in HHTypePSH, and they were served as adults and/or heads of households in these enrollments as reported in the AdultPSH and HoHPSH fields. If these clients were fleeing DV, then HHFleeingDVPSH should also indicate that they were in Adult Child households with a member fleeing DV in PSH. This is not an issue that can be fixed by looking at your LSAPerson file because client-level information (like a personal ID) is not stored there. You may need vendor assistance to resolve this error.","dvstatus=1 & find(strip(put(hhtypepsh,32.)),'2')>0 & max(find(strip(put(hohpsh,32.)),'2'),find(strip(put(adultpsh,32.)),'2'))>0 & find(strip(put(hhfleeingdvpsh,32.)),'2')=0",row_num,hhfleeingdvpsh,hhtypepsh,dvstatus,adultpsh,hohpsh,,,,,,,,,,,,,,
393,LSAPerson File,Data Error,0,1,LSAPerson,"Clients in row {row_num} in your LSAPerson file are identified as fleeing DV to the DVStatus field, yet these clients were not in households with a member fleeing DV. The clients were served in Child Only households in PSH as indicated in HHTypePSH, and they were served heads of households in these enrollments as reported in the HoHPSH field. If these clients were fleeing DV, then HHFleeingDVPSH should also indicate that they were in Child Only households with a member fleenig DV in PSH. This is not an issue that can be fixed by looking at your LSAPerson file because client-level information (like a personal ID) is not stored there. You may need vendor assistance to resolve this error.","dvstatus=1 & find(strip(put(hhtypepsh,32.)),'3')>0 & find(strip(put(hohpsh,32.)),'3')>0 & find(strip(put(hhfleeingdvpsh,32.)),'3')=0",row_num,hhfleeingdvpsh,hhtypepsh,dvstatus,hohpsh,,,,,,,,,,,,,,,
394,LSAPerson File,Data Error,0,1,LSAPerson,"Clients in row {row_num} in your LSAPerson file are identified as fleeing DV according to the DVStatus field, yet these clients were not in households with a member fleeing DV. The clients were served in unclassified (UN) households in PSH as indicated in HHTypePSH, and they were served as adults and/or heads of households in these enrollments as reported in the AdultPSH and HoHPSH fields. If these clients were fleeing DV, then HHFleeingDVPSH should also indicate that they were in unclassified (UN) households with a member fleeing DV in PSH. This is not an issue that can be fixed by looking at your LSAPerson file because client-level information (like a personal ID) is not stored there. You may need vendor assistance to resolve this error.","dvstatus=1 & find(strip(put(hhtypepsh,32.)),'9')>0 & max(find(strip(put(hohpsh,32.)),'9'),find(strip(put(adultpsh,32.)),'9'))>0 & find(strip(put(hhfleeingdvpsh,32.)),'9')=0",row_num,hhfleeingdvpsh,hhtypepsh,dvstatus,adultpsh,hohpsh,,,,,,,,,,,,,,
395,LSAPerson File,Upload Error,0,1,LSAPerson,"There is more than one row in your LSAPerson file with the exact same values for all columns. As defined in the LSA specs, there should only be one row per unique combination of characteristics, with RowTotal representing the total number of people with that combination of characteristics.",nrows>1,nrows,rowchars,,,,,,,,,,,,,,,,,,
441,LSAPerson File,Warning,0,0,LSAPerson,You reported veterans who were 6-17 years old in their earliest enrollments during the report period. Please check your HMIS data to see if this is accurate.,allp_agen_17_ad_vet>0,allp_agen_17_ad_vet,,,,,,,,,,,,,,,,,,,
442,LSAHousehold File,Data Error,0,1,LSAHousehold,"There cannot be a household without any people. This row in your LSAHousehold file violates this rule by reporting a household with no adults, no children, and no people with invalid dates of birth (those three categories cover all possible people in the household).",hhadult=0 & hhchild=0 & hhnodob=0,row_num,hhadult,hhchild,hhnodob,hhtype,,,,,,,,,,,,,,,
443,LSAHousehold File,Data Error,0,1,LSAHousehold,"You have misclassified the households described in row {row_num} of your LSAHousehold file. Adult-only (AO) households must have at least one adult and no children. Adult-child (AC) households must have at least one adult and one child. Child-only (CO) households must have no adults and at least one child. Unclassifiable (UN) households are those that have at least one person in the household with an invalid date of birth AND that do not have BOTH adults and children in the household. (For instance, a household with one adult and one person with no DOB is unclassifiable, as is a household with one child and one person with an invalid DOB. But a household with one adult, one child, and one person with an invalid DOB is an AC household because, regardless of the person with an invalid DOB, we already know there is an adult and child in the household.) This is not an issue that can be fixed by looking at your LSAHousehold file since information like HouseholdID is not stored there. You may need vendor assistance to resolve this error.",hhtype~=expected_hhtype & not missing(expected_hhtype),row_num,hhtype_copy,expected_hhtype,hhadult,hhchild,hhnodob,,,,,,,,,,,,,,
444,LSAHousehold File,Data Error,0,1,LSAHousehold,"The LSAHousehold file only covers households served in ES, SH, TH, RRH, or PSH. Yet you reported in row {row_num} that the households in the following row of your LSAHousehold file were not served in any of these project types within the LSA report period. If that is true, then those households do not belong in your LSA data. If it is not true, then your ESTStatus, RRHStatus, and/or PSHStatus fields are incorrect. This is not an issue that can be fixed by looking at your LSAHousehold file since information like HouseholdID is not stored there. You may need vendor assistance to resolve this error.",eststatus<=2 & rrhstatus<=2 & pshstatus<=2 & rrhsostatus<=2,row_num,eststatus,rrhstatus,pshstatus,rrhsostatus,,,,,,,,,,,,,,,
445,LSAHousehold File,Data Error,0,1,LSAHousehold,"The field ESTChronic, which reports whether households served in ES, SH, or TH during the report period were chronically homeless, must be 0 (No) if the household was not served in ES, SH, or TH during the report period (as reported in ESTStatus). Row {row_num} in your LSAHousehold file breaks that rule.",estchronic=1 & eststatus<=2,row_num,estchronic,eststatus,,,,,,,,,,,,,,,,,
446,LSAHousehold File,Data Error,0,1,LSAHousehold,"The field RRHChronic, which reports whether households served in RRH during the report period were chronically homeless, must be 0 (No) if the household was not served in RRH during the report period (as reported in RRHStatus). Row {row_num} in your LSAHousehold file breaks that rule.",rrhchronic=1 & rrhstatus<=2,row_num,rrhchronic,rrhstatus,,,,,,,,,,,,,,,,,
447,LSAHousehold File,Data Error,0,1,LSAHousehold,"The field PSHChronic, which reports whether households served in PSH during the report period were chronically homeless, must be 0 (No) if the household was not served in PSH during the report period (as reported in PSHStatus). Row {row_num} in your LSAHousehold file breaks that rule.",pshchronic=1 & pshstatus<=2,row_num,pshchronic,pshstatus,,,,,,,,,,,,,,,,,
448,LSAHousehold File,Data Error,0,1,LSAHousehold,"The LSAHousehold field HHChronic must be consistent with the information provided by the project-specific versions of HHChronic: ESTChronic, RRHChronic, and PSHChronic. If HHChronic equals 1 (chronically homeless), then at least one of the project-specific versions must also equal 1. If HHChronic equals 0 (no), then all the project-specific versions must equal 0. Row {row_num} in your LSAHousehold file violates this rule. This is not an issue that can be fixed by looking at your LSAHousehold file since information like HouseholdID is not stored there. You may need vendor assistance to resolve this error.","(hhchronic=1 & max(estchronic,rrhchronic,pshchronic)=0 & rrhsostatus<=2) | (hhchronic~=1 & max(estchronic,rrhchronic,pshchronic)=1)",row_num,hhchronic,estchronic,rrhchronic,pshchronic,rrhsostatus,,,,,,,,,,,,,,
449,LSAHousehold File,Data Error,0,1,LSAHousehold,"The field ESTVet, which reports whether households served in ES, SH, or TH during the report period were veteran households, must be 0 (No) if the household was not served in ES, SH, or TH during the report period (as reported in ESTStatus). Row {row_num} in your LSAHousehold file breaks that rule.",estvet=1 & eststatus<=2,row_num,estvet,eststatus,,,,,,,,,,,,,,,,,
450,LSAHousehold File,Data Error,0,1,LSAHousehold,"The field RRHVet, which reports whether households served in RRH during the report period were veteran households, must be 0 (No) if the household was not served in RRH during the report period (as reported in RRHStatus). Row {row_num} in your LSAHousehold file breaks that rule.",rrhvet=1 & rrhstatus<=2,row_num,rrhvet,rrhstatus,,,,,,,,,,,,,,,,,
451,LSAHousehold File,Data Error,0,1,LSAHousehold,"The field PSHVet, which reports whether households served in PSH during the report period were veteran households, must be 0 (No) if the household was not served in PSH during the report period (as reported in PSHStatus). Row {row_num} in your LSAHousehold file breaks that rule.",pshvet=1 & pshstatus<=2,row_num,pshvet,pshstatus,,,,,,,,,,,,,,,,,
452,LSAHousehold File,Data Error,0,1,LSAHousehold,"The LSAHousehold field HHVet must be consistent with the information provided by the project-specific versions of HHVet: ESTVet, RRHVet, and PSHChronic. If HHVet equals 1 (chronically homeless), then at least one of the project-specific versions must also equal 1. If HHVet equals 0 (no), then all the project-specific versions must equal 0. Row {row_num} in your LSAHousehold file violates this rule. This is not an issue that can be fixed by looking at your LSAHousehold file since information like HouseholdID is not stored there. You may need vendor assistance to resolve this error.","hhvet~=max(estvet,rrhvet,pshvet) & rrhsostatus<=2",row_num,hhvet,estvet,rrhvet,pshvet,rrhsostatus,,,,,,,,,,,,,,
453,LSAHousehold File,Data Error,0,1,LSAHousehold,"None of the HHVet fields, identifying veteran households (HHVet, ESTVet, RRHVet, and PSHVet), can equal 1 (Yes) if the household type is CO. Row {row_num} in your LSAHousehold file violates that rule. This is not an issue that can be fixed by looking at your LSAHousehold file since information like HouseholdID is not stored there. You may need vendor assistance to resolve this error.","max(hhvet,estvet,rrhvet,pshvet)=1 & hhtype=3",row_num,hhtype,hhvet,estvet,rrhvet,pshvet,,,,,,,,,,,,,,
454,LSAHousehold File,Data Error,0,1,LSAHousehold,"The field ESTDisability, which reports whether households served in ES, SH, or TH during the report period were households with a disabled member, must be 0 (No) if the household was not served in ES, SH, or TH during the report period (as reported in ESTStatus). Row {row_num} in your LSAHousehold file breaks that rule.",estdisability=1 & eststatus<=2,row_num,estdisability,eststatus,,,,,,,,,,,,,,,,,
455,LSAHousehold File,Data Error,0,1,LSAHousehold,"The field RRHDisability, which reports whether households served in RRH during the report period were households with a disabled member, must be 0 (No) if the household was not served in RRH during the report period (as reported in RRHStatus). Row {row_num} in your LSAHousehold file breaks that rule.",rrhdisability=1 & rrhstatus<=2,row_num,rrhdisability,rrhstatus,,,,,,,,,,,,,,,,,
456,LSAHousehold File,Data Error,0,1,LSAHousehold,"The field PSHDisability, which reports whether households served in PSH during the report period were households with a disabled member, must be 0 (No) if the household was not served in PSH during the report period (as reported in PSHStatus). Row {row_num} in your LSAHousehold file breaks that rule.",pshdisability=1 & pshstatus<=2,row_num,pshdisability,pshstatus,,,,,,,,,,,,,,,,,
457,LSAHousehold File,Data Error,0,1,LSAHousehold,"The LSAHousehold field HHDisability must be consistent with the information provided by the project-specific versions of HHDisability (ESTDisabilty, RRHDisability, and PSHDisability). If HHDisability equals 1 (yes), then at least one of the project-specific versions must equal 1. If HHDisability equals 0 (no), then all of the project-specific versions must equal 0. Row {row_num} in your LSAHousehold file violates this rule. This is not an issue that can be fixed by looking at your LSAHousehold file since information like HouseholdID is not stored there. You may need vendor assistance to resolve this error.","hhdisability~=max(estdisability,rrhdisability,pshdisability) &rrhsostatus<=2",row_num,hhdisability,estdisability,rrhdisability,pshdisability,rrhsostatus,,,,,,,,,,,,,,
458,LSAHousehold File,Data Error,0,1,LSAHousehold,"The LSAHousehold field ESTFleeingDV, which reports whether households served in ES, SH, or TH during the report period were households with a member fleeing DV, must be 0 (No) if the household was not served in ES, SH, or TH during the report period (as reported in ESTStatus). Row {row_num} in your LSAHousehold file breaks that rule.",estfleeingdv=1 & eststatus<=2,row_num,estfleeingdv,eststatus,,,,,,,,,,,,,,,,,
459,LSAHousehold File,Data Error,0,1,LSAHousehold,"The LSAHousehold field RRHFleeingDV, which reports whether households served in RRH during the report period were households with a member fleeing DV, must be 0 (No) if the household was not served in RRH during the report period (as reported in RRHStatus). Row {row_num} in your LSAHousehold file breaks that rule.",rrhfleeingdv=1 & rrhstatus<=2,row_num,rrhfleeingdv,rrhstatus,,,,,,,,,,,,,,,,,
460,LSAHousehold File,Data Error,0,1,LSAHousehold,"The LSAHousehold field PSHFleeingDV, which reports whether households served in PSH during the report period were households with a member fleeing DV, must be 0 (No) if the household was not served in PSH during the report period (as reported in PSHStatus). Row {row_num} in your LSAHousehold file breaks that rule.",pshfleeingdv=1 & pshstatus<=2,row_num,pshfleeingdv,pshstatus,,,,,,,,,,,,,,,,,
461,LSAHousehold File,Data Error,0,1,LSAHousehold,"The LSAHousehold field HHFleeingDV must be consistent with the information provided by the project-specific versions of HHFleeingDV (ESTFleeingDV, RRHFleeingDV, and PSHFleeingDV). If HHFleeingDV equals 1 (yes), then at least one of the project-specific versions must equal 1. If HHFleeingDV equals 0 (no), then all of the project-specific versions must equal 0. If HHFleeingDV equals 2 (survivor not currently fleeing), then the project-specific versions must include 2 but not 1. The following row in your LSAHousehold file violates this rule. This is not an issue that can be fixed by looking at your LSAHousehold file since information like HouseholdID is not stored there. You may need vendor assistance to resolve this error.","( (hhfleeingdv=2 & (max(estfleeingdv,rrhfleeingdv,pshfleeingdv)~=2 | (estfleeingdv=1|rrhfleeingdv=1|pshfleeingdv=1)=1)) | (hhfleeingdv=1 & (estfleeingdv=1|rrhfleeingdv=1|pshfleeingdv=1)=0) | (hhfleeingdv=0 & (estfleeingdv>0|rrhfleeingdv>0|pshfleeingdv>0) ) ) & rrhsostatus <= 2",row_num,hhfleeingdv,estfleeingdv,rrhfleeingdv,pshfleeingdv,rrhsostatus,,,,,,,,,,,,,,
462,LSAHousehold File,Data Error,0,1,LSAHousehold,"None of the AC3Plus fields (ESTAC3Plus, RRHAC3Plus, and PSHAC3Plus) should equal 1 (indicating an AC household with 3+ people) if the household type is not AC. Row {row_num} in your LSAHousehold file violates that rule. This is not an issue that can be fixed by looking at your LSAHousehold file since information like HouseholdID is not stored there. You may need vendor assistance to resolve this error.","max(estac3plus,rrhac3plus,pshac3plus)=1 & hhtype~=2",row_num,hhtype,estac3plus,rrhac3plus,pshac3plus,,,,,,,,,,,,,,,
463,LSAHousehold File,Data Error,0,1,LSAHousehold,"The LSAHousehold field ESTAC3Plus, which identifies AC households with 3 plus people served in ES, SH, or TH during the report period, must be 0 (No) if the household was not served in ES, SH, or TH during the report period (as reported in ESTStatus). Row {row_num} in your LSAHousehold file breaks that rule.",estac3plus=1 & eststatus<=2 & hhtype=2,row_num,estac3plus,eststatus,hhtype,,,,,,,,,,,,,,,,
464,LSAHousehold File,Data Error,0,1,LSAHousehold,"The LSAHousehold field RRHAC3Plus, which identifies AC households with 3 plus people served in RRH during the report period, must be 0 (No) if the household was not served in RRH during the report period (as reported in RRHStatus). Row {row_num} in your LSAHousehold file breaks that rule.",rrhac3plus=1 & rrhstatus<=2 & hhtype=2,row_num,rrhac3plus,rrhstatus,hhtype,,,,,,,,,,,,,,,,
465,LSAHousehold File,Data Error,0,1,LSAHousehold,"The LSAHousehold field PSHAC3Plus, which identifies AC households with 3 plus people served in PSH during the report period, must be 0 (No) if the household was not served in PSH during the report period (as reported in PSHStatus). Row {row_num} in your LSAHousehold file breaks that rule.",pshac3plus=1 & pshstatus<=2 & hhtype=2,row_num,pshac3plus,pshstatus,hhtype,,,,,,,,,,,,,,,,
466,LSAHousehold File,Data Error,0,1,LSAHousehold,"All of the HHAdultAge fields, describing the age groups of adult household members (HHAdultAge, ESTAdultAge, RRHAdultAge, and PSHAdultAge), must equal -1 (not applicable / no adults in household) if the household type is neither AO nor AC. Row {row_num} in your LSAHousehold file violates that rule. This is not an issue that can be fixed by looking at your LSAHousehold file since information like HouseholdID is not stored there. You may need vendor assistance to resolve this error.","max(hhadultage,estadultage,rrhadultage,pshadultage)>-1 & hhtype not in(1,2)",row_num,hhtype,hhadultage,estadultage,rrhadultage,pshadultage,,,,,,,,,,,,,,
467,LSAHousehold File,Data Error,0,1,LSAHousehold,"The LSAHousehold field ESTAdultAge, which describes the age groups of adults in AO or AC households served in ES, SH, or TH during the report period, must be -1 (not applicable / no adults in household) if the household was not served in ES, SH, or TH during the report period (as reported in ESTStatus). Row {row_num} in your LSAHousehold file breaks that rule.","estadultage>-1 & eststatus<=2 & hhtype in(1,2)",row_num,estadultage,eststatus,hhtype,,,,,,,,,,,,,,,,
468,LSAHousehold File,Data Error,0,1,LSAHousehold,"The LSAHousehold field RRHAdultAge, which describes the age groups of adults in AO or AC households served in RRH during the report period, must be -1 (not applicable / no adults in household) if the household was not served in RRH during the report period (as reported in RRHStatus). Row {row_num} in your LSAHousehold file breaks that rule.","rrhadultage>-1 & rrhstatus<=2 & hhtype in(1,2)",row_num,rrhadultage,rrhstatus,hhtype,,,,,,,,,,,,,,,,
469,LSAHousehold File,Data Error,0,1,LSAHousehold,"The LSAHousehold field PSHAdultAge, which describes the age groups of adults in AO or AC households served in PSH during the report period, must be -1 (not applicable / no adults in household) if the household was not served in PSH during the report period (as reported in PSHStatus). Row {row_num} in your LSAHousehold file breaks that rule.","pshadultage>-1 & pshstatus<=2 & hhtype in(1,2)",row_num,pshadultage,pshstatus,hhtype,,,,,,,,,,,,,,,,
470,LSAHousehold File,Data Error,0,1,LSAHousehold,"There is a discrepancy between the HHAdultAge field and the ESTAdultAge, RRHAdultAge, and PSHAdultAge fields in your LSAHousehold file. Each of these fields should be determined by the priority order defined in section 6.2 of the LSA Programming Specifications, as the first value of the following list, in this order: 18 (the oldest adult is 18-21), 24 (the oldest adult is 22-24), 55 (all adults are 55+), 25 (at least one adult over 24 and at least one adult under 55), and -1 (no adults / not applicable). Row {row_num} in your LSAHousehold file violates this rule. This is not an issue that can be fixed by looking at your LSAHousehold file since information like HouseholdID is not stored there. You may need vendor assistance to resolve this error.","max(-1*(hhadultage=-1),1*(hhadultage=25),2*(hhadultage=55),3*(hhadultage=24),4*(hhadultage=18))~=max(-1*(estadultage=-1),1*(estadultage=25),2*(estadultage=55),3*(estadultage=24),4*(estadultage=18),-1*(rrhadultage=-1),1*(rrhadultage=25),2*(rrhadultage=55),3*(rrhadultage=24),4*(rrhadultage=18),-1*(pshadultage=-1),1*(pshadultage=25),2*(pshadultage=55),3*(pshadultage=24),4*(pshadultage=18)) & hhtype in(1,2) & rrhsostatus<=2",row_num,hhadultage,estadultage,rrhadultage,pshadultage,hhtype,rrhsostatus,,,,,,,,,,,,,
471,LSAHousehold File,Data Error,0,1,LSAHousehold,"The LSAHousehold field ESTParent, which reports whether households served in ES, SH, or TH during the report period were parenting households, must be 0 (No) if the household was not served in ES, SH, or TH during the report period (as reported in ESTStatus). Row {row_num} in your LSAHousehold file breaks that rule.",estparent=1 & eststatus<=2,row_num,estparent,eststatus,,,,,,,,,,,,,,,,,
472,LSAHousehold File,Data Error,0,1,LSAHousehold,"The LSAHousehold field RRHParent, which reports whether households served in RRH during the report period were parenting households, must be 0 (No) if the household was not served in RRH during the report period (as reported in RRHStatus). Row {row_num} in your LSAHousehold file breaks that rule.",rrhparent=1 & rrhstatus<=2,row_num,rrhparent,rrhstatus,,,,,,,,,,,,,,,,,
473,LSAHousehold File,Data Error,0,1,LSAHousehold,"The LSAHousehold field PSHParent, which reports whether households served in PSH during the report period were parenting households, must be 0 (No) if the household was not served in PSH during the report period (as reported in PSHStatus). Row {row_num} in your LSAHousehold file breaks that rule.",pshparent=1 & pshstatus<=2,row_num,pshparent,pshstatus,,,,,,,,,,,,,,,,,
474,LSAHousehold File,Data Error,0,1,LSAHousehold,"The LSAHousehold field HHParent must be consistent with the information provided by the project-specific versions of HHParent (ESTParent, RRHParent, and PSHParent). If HHParent equals 1 (yes), then at least one of the project-specific versions must equal 1. If HHParent equals 0 (no), then all of the project-specific versions must equal 0. Row {row_num} in your LSAHousehold file violates that rule. This is not an issue that can be fixed by looking at your LSAHousehold file since information like HouseholdID is not stored there. You may need vendor assistance to resolve this error.","hhparent~=max(estparent,rrhparent,pshparent) & rrhsostatus<=2",row_num,hhparent,estparent,rrhparent,pshparent,rrhsostatus,,,,,,,,,,,,,,
475,LSAHousehold File,Data Error,0,1,LSAHousehold,"The HHParent field, which identifies parenting households (where at least one member is a child of the head of household), cannot equal 1 (Yes) if there are fewer than two people in the household. Row {row_num} in your LSAHousehold file violates that rule, based on the number of people reported in HHAdult, HHChild, and HHNoDOB. This is not an issue that can be fixed by looking at your LSAHousehold file since information like HouseholdID is not stored there. You may need vendor assistance to resolve this error.","hhparent=1 & sum(hhadult,hhchild,hhnodob)<2",row_num,hhparent,hhadult,hhchild,hhnodob,,,,,,,,,,,,,,,
478,LSAHousehold File,Data Error,0,1,LSAHousehold,"The LSAHousehold field RRHMoveIn, which indicates whether a household served in RRH during the report period had a move-in date (i.e., was placed in permanent housing), must be -1 (not applicable) if the household was not served in RRH during the report period (as reported in RRHStatus). Row {row_num} in your LSAHousehold file breaks that rule.",rrhmovein~=-1 & rrhstatus<=2,row_num,rrhmovein,rrhstatus,,,,,,,,,,,,,,,,,
479,LSAHousehold File,Data Error,0,1,LSAHousehold,"The LSAHousehold field RRHMoveIn, which indicates whether a household served in RRH during the report period had a move-in date (i.e., was placed in permanent housing), must NOT be -1 (not applicable) if the household was served in RRH during the report period (as reported in RRHStatus). Row {row_num} in your LSAHousehold file breaks that rule.",rrhmovein=-1 & rrhstatus>2,row_num,rrhmovein,rrhstatus,,,,,,,,,,,,,,,,,
480,LSAHousehold File,Data Error,0,1,LSAHousehold,"The LSAHousehold field PSHMoveIn, which indicates whether a household served in RRH during the report period had a move-in date (i.e., was placed in permanent housing), must be -1 (not applicable) if the household was not served in PSH during the report period (as reported in PSHStatus). Row {row_num} in your LSAHousehold file breaks that rule.",pshmovein~=-1 & pshstatus<=2,row_num,pshmovein,pshstatus,,,,,,,,,,,,,,,,,
481,LSAHousehold File,Data Error,0,1,LSAHousehold,"The LSAHousehold field PSHMoveIn, which indicates whether a household served in PSH during the report period had a move-in date (i.e., was placed in permanent housing), must NOT be -1 (not applicable) if the household was served in PSH during the report period (as reported in PSHStatus). Row {row_num} in your LSAHousehold file breaks that rule.",pshmovein=-1 & pshstatus>2,row_num,pshmovein,pshstatus,,,,,,,,,,,,,,,,,
482,LSAHousehold File,Data Error,0,1,LSAHousehold,"The LSAHousehold field ESDays, which reports days spent in ES or SH during the report period or in the contiguous period prior to the report start, must equal 0 days if the household was not served in ES, SH, or TH during the report period or in the contiguous period prior to the report start (as reported in ESTStatus). Row {row_num} in your LSAHousehold file violates that rule. This is not an issue that can be fixed by looking at your LSAHousehold file since information like HouseholdID is not stored there. You may need vendor assistance to resolve this error.",esdays~=0 & eststatus=0,row_num,esdays,eststatus,,,,,,,,,,,,,,,,,
483,LSAHousehold File,Data Error,0,1,LSAHousehold,"The LSAHousehold field THDays, which reports days spent in TH during the report period or in the contiguous period prior to the report start, must equal 0 days if the household was not served in ES, SH, or TH during the report period or in the contiguous period prior to the report start (as reported in ESTStatus). Row {row_num} in your LSAHousehold file violates that rule. This is not an issue that can be fixed by looking at your LSAHousehold file since information like HouseholdID is not stored there. You may need vendor assistance to resolve this error.",thdays~=0 & eststatus=0,row_num,thdays,eststatus,,,,,,,,,,,,,,,,,
484,LSAHousehold File,Data Error,0,1,LSAHousehold,"If ESTStatus is greater than zero, meaning the household was served in ES/SH/TH, either during the report period or in the contiguous period prior to the report start, AND if both RRHHousedDays and PSHHousedDays are zero, then ESDays and THDays cannot BOTH equal zero days. At least one of those fields, which describe the number of days the household was in ES/SH and TH and not simultaneously housed in RRH or PSH, must be greater than zero. Row {row_num} in your LSAHousehold file violates this rule. This is not an issue that can be fixed by looking at your LSAHousehold file since information like HouseholdID is not stored there. You may need vendor assistance to resolve this error.","max(esdays,thdays)=0 & eststatus>0 & max(rrhhouseddays,pshhouseddays)=0",row_num,eststatus,esdays,thdays,rrhhouseddays,pshhouseddays,,,,,,,,,,,,,,
485,LSAHousehold File,Data Error,0,1,LSAHousehold,"The LSAHousehold field ESTDays, which reports days spent in ES, SH, or TH during the report period or in the contiguous period prior to the report start, must equal 0 days if the household was not served in ES, SH, or TH during the report period or in the contiguous period prior to the report start (as reported in ESTStatus). Row {row_num} in your LSAHousehold file violates that rule. This is not an issue that can be fixed by looking at your LSAHousehold file since information like HouseholdID is not stored there. You may need vendor assistance to resolve this error.",estdays~=0 & eststatus=0,row_num,estdays,eststatus,,,,,,,,,,,,,,,,,
486,LSAHousehold File,Data Error,0,1,LSAHousehold,"The LSAHousehold field ESTDays, which reports days spent in ES, SH, or TH (and not simultaneously housed in RRH or PSH) during the report period or in the contiguous period prior to the report start, must NOT equal 0 days if the household was served in ES, SH, or TH during the report period or in the contiguous period prior to the report start (as reported in ESTStatus) and if both RRHHousedDays and PSHHousedDays equal 0. Row {row_num} in your LSAHousehold file violates that rule. This is not an issue that can be fixed by looking at your LSAHousehold file since information like HouseholdID is not stored there. You may need vendor assistance to resolve this error.","estdays=0 & eststatus>0 & max(rrhhouseddays,pshhouseddays)=0",row_num,estdays,eststatus,rrhhouseddays,pshhouseddays,,,,,,,,,,,,,,,
487,LSAHousehold File,Data Error,0,1,LSAHousehold,The LSAHousehold field ESTDays cannot be lower than the maximum value of ESDays and THDays. Row {row_num} in your LSAHousehold file violates that rule. This is not an issue that can be fixed by looking at your LSAHousehold file since information like HouseholdID is not stored there. You may need vendor assistance to resolve this error.,"estdays<max(esdays,thdays)",row_num,estdays,esdays,thdays,"var487_1=abs(estdays-max(esdays,thdays))",,,,,,,,,,,,,,,
488,LSAHousehold File,Data Error,0,1,LSAHousehold,"Based on what you reported in the ESTStatus, ESDays, THDays, RRHStatus, PSHStatus, and PSHMoveIn fields, you have misclassified the system path in row {row_num} of your LSAHousehold file. This row has ({systempath_copy}) as the system path, but we would expect ({expected_systempath}) for the system path. See section 6.18 of the LSA Programming Specifications. This will likely require vendor assistance to resolve.",systempath~=expected_systempath & not missing(expected_systempath),row_num,systempath_copy,expected_systempath,eststatus,esdays,thdays,rrhstatus,pshstatus,pshmovein,rrhmovein,,,,,,,,,,
489,LSAHousehold File,Data Error,0,1,LSAHousehold,"The LSAHousehold field ESTGeography, which reports the geography type of households served in ES, SH, or TH during the report period, must be -1 (not applicable) if the household was not served in ES, SH, or TH during the report period (as reported in ESTStatus). Row {row_num} in your LSAHousehold file breaks that rule.",estgeography~=-1 & eststatus<=2,row_num,estgeography,eststatus,,,,,,,,,,,,,,,,,
490,LSAHousehold File,Data Error,0,1,LSAHousehold,"The LSAHousehold field ESTGeography, which reports the geography type of households served in ES, SH, or TH during the report period, must NOT be -1 (not applicable) if the household was not served in ES, SH, or TH during the report period (as reported in ESTStatus). Row {row_num} in your LSAHousehold file breaks that rule.",estgeography=-1 & eststatus>2,row_num,estgeography,eststatus,,,,,,,,,,,,,,,,,
491,LSAHousehold File,Data Error,0,1,LSAHousehold,"The LSAHousehold field ESTLivingSit, which reports the prior living situation of households served in ES, SH, or TH during the report period, must be -1 (not applicable) if the household was not served in ES, SH, or TH during the report period (as reported in ESTStatus). Row {row_num} in your LSAHousehold file breaks that rule.",estlivingsit~=-1 & eststatus<=2,row_num,estlivingsit,eststatus,,,,,,,,,,,,,,,,,
492,LSAHousehold File,Data Error,0,1,LSAHousehold,"The LSAHousehold field ESTLivingSit, which reports the prior living situation of households served in ES, SH, or TH during the report period, must NOT be -1 (not applicable) if the household was not served in ES, SH, or TH during the report period (as reported in ESTStatus). Row {row_num} in your LSAHousehold file breaks that rule.",estlivingsit=-1 & eststatus>2,row_num,estlivingsit,eststatus,,,,,,,,,,,,,,,,,
493,LSAHousehold File,Data Error,0,1,LSAHousehold,"The LSAHousehold field ESTDestination, which reports the destinations of households that exited from ES, SH, or TH during the report period, must equal -1 (not applicable) if the household did not exit from ES, SH, or TH during the report period (as reported in ESTStatus). Row {row_num} in your LSAHousehold file violates that rule. This is not an issue that can be fixed by looking at your LSAHousehold file since information like HouseholdID is not stored there. You may need vendor assistance to resolve this error.","estdestination~=-1 & eststatus not in(12,22)",row_num,estdestination,eststatus,,,,,,,,,,,,,,,,,
494,LSAHousehold File,Data Error,0,1,LSAHousehold,"The LSAHousehold field ESTDestination, which reports the destinations of households that exited from ES, SH, or TH during the report period, must NOT equal -1 (not applicable) if the household exited from ES, SH, or TH during the report period (as reported in ESTStatus). Row {row_num} in your LSAHousehold file violates that rule. This is not an issue that can be fixed by looking at your LSAHousehold file since information like HouseholdID is not stored there. You may need vendor assistance to resolve this error.","estdestination=-1 & eststatus in(12,22)",row_num,estdestination,eststatus,,,,,,,,,,,,,,,,,
495,LSAHousehold File,Data Error,0,1,LSAHousehold,"The LSAHousehold field RRHGeography, which reports the geography type of households served in RRH during the report period, must be -1 (not applicable) if the household was not served in RRH during the report period (as reported in RRHStatus). Row {row_num} in your LSAHousehold file breaks that rule.",rrhgeography~=-1 & rrhstatus<=2,row_num,rrhgeography,rrhstatus,,,,,,,,,,,,,,,,,
496,LSAHousehold File,Data Error,0,1,LSAHousehold,"The LSAHousehold field RRHGeography, which reports the geography type of households served in RRH during the report period, must NOT be -1 (not applicable) if the household was not served in RRH during the report period (as reported in RRHStatus). Row {row_num} in your LSAHousehold file breaks that rule.",rrhgeography=-1 & rrhstatus>2,row_num,rrhgeography,rrhstatus,,,,,,,,,,,,,,,,,
497,LSAHousehold File,Data Error,0,1,LSAHousehold,"The LSAHousehold field RRHLivingSit, which reports the prior living situation of households served in RRH during the report period, must be -1 (not applicable) if the household was not served in RRH during the report period (as reported in RRHStatus). Row {row_num} in your LSAHousehold file breaks that rule.",rrhlivingsit~=-1 & rrhstatus<=2,row_num,rrhlivingsit,rrhstatus,,,,,,,,,,,,,,,,,
498,LSAHousehold File,Data Error,0,1,LSAHousehold,"The LSAHousehold field RRHLivingSit, which reports the prior living situation of households served in RRH during the report period, must NOT be -1 (not applicable) if the household was not served in RRH during the report period (as reported in RRHStatus). Row {row_num} in your LSAHousehold file breaks that rule.",rrhlivingsit=-1 & rrhstatus>2,row_num,rrhlivingsit,rrhstatus,,,,,,,,,,,,,,,,,
499,LSAHousehold File,Data Error,0,1,LSAHousehold,"The LSAHousehold field RRHDestination, which reports the destinations of households that exited from RRH during the report period, must equal -1 (not applicable) if the household did not exit from RRH during the report period (as reported in RRHStatus). Row {row_num} in your LSAHousehold file violates that rule. This is not an issue that can be fixed by looking at your LSAHousehold file since information like HouseholdID is not stored there. You may need vendor assistance to resolve this error.","rrhdestination~=-1 & rrhstatus not in(12,22)",row_num,rrhdestination,rrhstatus,,,,,,,,,,,,,,,,,
500,LSAHousehold File,Data Error,0,1,LSAHousehold,"The LSAHousehold field RRHDestination, which reports the destinations of households that exited from RRH during the report period, must NOT equal -1 (not applicable) if the household exited from RRH during the report period (as reported in RRHStatus). Row {row_num} in your LSAHousehold file violates that rule. This is not an issue that can be fixed by looking at your LSAHousehold file since information like HouseholdID is not stored there. You may need vendor assistance to resolve this error.","rrhdestination=-1 & rrhstatus in(12,22)",row_num,rrhdestination,rrhstatus,,,,,,,,,,,,,,,,,
501,LSAHousehold File,Data Error,0,1,LSAHousehold,"The LSAHousehold field PSHGeography, which reports the geography type of households served in PSH during the report period, must be -1 (not applicable) if the household was not served in PSH during the report period (as reported in PSHStatus). Row {row_num} in your LSAHousehold file breaks that rule.",pshgeography~=-1 & pshstatus<=2,row_num,pshgeography,pshstatus,,,,,,,,,,,,,,,,,
502,LSAHousehold File,Data Error,0,1,LSAHousehold,"The LSAHousehold field PSHGeography, which reports the geography type of households served in PSH during the report period, must NOT be -1 (not applicable) if the household was not served in PSH during the report period (as reported in PSHStatus). Row {row_num} in your LSAHousehold file breaks that rule.",pshgeography=-1 & pshstatus>2,row_num,pshgeography,pshstatus,,,,,,,,,,,,,,,,,
503,LSAHousehold File,Data Error,0,1,LSAHousehold,"The LSAHousehold field PSHLivingSit, which reports the prior living situation of households served in PSH during the report period, must be -1 (not applicable) if the household was not served in PSH during the report period (as reported in PSHStatus). Row {row_num} in your LSAHousehold file breaks that rule.",pshlivingsit~=-1 & pshstatus<=2,row_num,pshlivingsit,pshstatus,,,,,,,,,,,,,,,,,
504,LSAHousehold File,Data Error,0,1,LSAHousehold,"The LSAHousehold field PSHLivingSit, which reports the prior living situation of households served in PSH during the report period, must NOT be -1 (not applicable) if the household was not served in PSH during the report period (as reported in PSHStatus). Row {row_num} in your LSAHousehold file breaks that rule.",pshlivingsit=-1 & pshstatus>2,row_num,pshlivingsit,pshstatus,,,,,,,,,,,,,,,,,
505,LSAHousehold File,Data Error,0,1,LSAHousehold,"The LSAHousehold field PSHDestination, which reports the destinations of households that exited from PSH during the report period, must be -1 (not applicable) if the household did not exit from PSH during the report period (as reported in PSHStatus). Row {row_num} in your LSAHousehold file breaks that rule.","pshdestination~=-1 & pshstatus not in(12,22)",row_num,pshdestination,pshstatus,,,,,,,,,,,,,,,,,
506,LSAHousehold File,Data Error,0,1,LSAHousehold,"The LSAHousehold field PSHDestination, which reports the destinations of households that exited from PSH during the report period, must NOT be -1 (not applicable) if the household did not exit from PSH during the report period (as reported in PSHStatus). Row {row_num} in your LSAHousehold file breaks that rule.","pshdestination=-1 & pshstatus in(12,22)",row_num,pshdestination,pshstatus,,,,,,,,,,,,,,,,,
507,LSAHousehold File,Data Error,0,1,LSAHousehold,"The LSAHousehold field RRHPreMoveInDays, which reports days enrolled in RRH prior to placement, must be 0 if the household was not enrolled in RRH during the report period or in the contiguous period before the report start (as reported in RRHStatus). Row {row_num} in your LSAHousehold file breaks that rule.",rrhpremoveindays~=0 & rrhstatus=0,row_num,rrhpremoveindays,rrhstatus,,,,,,,,,,,,,,,,,
508,LSAHousehold File,Data Error,0,1,LSAHousehold,"The LSAHousehold field RRHPSHPreMoveInDays, which reports days enrolled in RRH and/or PSH prior to placement and while not also active in ES/SH/TH, must be 0 if the household was not enrolled in RRH or PSH during the report period or in the contiguous period before the report start (as reported in RRHStatus and PSHStatus). Row {row_num} in your LSAHousehold file breaks that rule.",rrhpshpremoveindays~=0 & rrhstatus=0 & pshstatus=0,row_num,rrhpshpremoveindays,rrhstatus,pshstatus,,,,,,,,,,,,,,,,
509,LSAHousehold File,Data Error,0,1,LSAHousehold,"The LSAHousehold field RRHHousedDays, which reports days housed in RRH, must be 0 if the household was not placed, either during or before the report period (as reported in RRHMoveIn), or if the household was not served in RRH during the report period (as reported in RRHStatus). Row {row_num} in your LSAHousehold file breaks that rule.","rrhhouseddays~=0 & (rrhstatus<=2 | (rrhstatus>2 & rrhmovein not in(1,2)))",row_num,rrhhouseddays,rrhstatus,rrhmovein,,,,,,,,,,,,,,,,
510,LSAHousehold File,Data Error,0,1,LSAHousehold,"The LSAHousehold field RRHHousedDays, which reports days housed in RRH, must NOT be 0 if the household was placed, either during or before the report period (as reported in RRHMoveIn), and if the household was served in RRH during the report period (as reported in RRHStatus), and if the household was not simultaneously housed in PSH (which they could not have for the households you reported in this row since PSHHousedDays=0 here). Row {row_num} in your LSAHousehold file breaks that rule.","rrhhouseddays=0 & rrhstatus>2 & rrhmovein in(1,2) & pshhouseddays=0",row_num,rrhhouseddays,rrhstatus,rrhmovein,pshhouseddays,,,,,,,,,,,,,,,
511,LSAHousehold File,Data Error,0,1,LSAHousehold,"The LSAHousehold field PSHHousedDays, which reports days housed in PSH, must be 0 if the household was not placed, either during or before the report period (as reported in PSHMoveIn), or if the household was not served in PSH during the report period (as reported in PSHStatus). Row {row_num} in your LSAHousehold file breaks that rule.","pshhouseddays~=0 & (pshstatus<=2 | (pshstatus>2 & pshmovein not in(1,2)))",row_num,pshhouseddays,pshstatus,pshmovein,,,,,,,,,,,,,,,,
512,LSAHousehold File,Data Error,0,1,LSAHousehold,"The LSAHousehold field PSHHousedDays, which reports days housed in PSH, must NOT be 0 if the household was not placed, either during or before the report period (as reported in PSHMoveIn), or if the household was not served in PSH during the report period (as reported in PSHStatus). Row {row_num} in your LSAHousehold file breaks that rule.","pshhouseddays=0 & pshstatus>2 & pshmovein in(1,2)",row_num,pshhouseddays,pshstatus,pshmovein,,,,,,,,,,,,,,,,
513,LSAHousehold File,Data Error,0,1,LSAHousehold,The LSAHousehold field SystemHomelessDays cannot be lower than ESTDays. Row {row_num} in your LSAHousehold file breaks that rule.,systemhomelessdays<estdays,row_num,systemhomelessdays,estdays,var513_1=abs(systemhomelessdays-estdays),,,,,,,,,,,,,,,,
514,LSAHousehold File,Data Error,0,1,LSAHousehold,The LSAHousehold field SystemHomelessDays cannot be lower than RRHPSHPreMoveInDays. Row {row_num} in your LSAHousehold file breaks that rule.,systemhomelessdays<rrhpshpremoveindays,row_num,systemhomelessdays,rrhpshpremoveindays,var514_1=abs(systemhomelessdays-rrhpshpremoveindays),,,,,,,,,,,,,,,,
515,LSAHousehold File,Data Error,0,1,LSAHousehold,The LSAHousehold field SystemDaysNotPSHHoused cannot be lower than RRHHousedDays. Row {row_num} in your LSAHousehold file breaks that rule.,systemdaysnotpshhoused<rrhhouseddays,row_num,systemdaysnotpshhoused,rrhhouseddays,var515_1=abs(systemdaysnotpshhoused-rrhhouseddays),,,,,,,,,,,,,,,,
516,LSAHousehold File,Data Error,0,1,LSAHousehold,The LSAHousehold field SystemDaysNotPSHHoused ({systemdaysnotpshhoused}) cannot be lower than SystemHomelessDays ({systemhomelessdays}). Row {row_num} in your LSAHousehold file breaks that rule.,systemdaysnotpshhoused<systemhomelessdays,row_num,systemdaysnotpshhoused,systemhomelessdays,var516_1=abs(systemdaysnotpshhoused-systemhomelessdays),,,,,,,,,,,,,,,,
517,LSAHousehold File,Data Error,0,1,LSAHousehold,The LSAHousehold field TotalHomelessDays cannot be lower than SystemHomelessDays. Row {row_num} in your LSAHousehold file violates that rule. This is not an issue that can be fixed by looking at your LSAHousehold file since information like HouseholdID is not stored there. You may need vendor assistance to resolve this error.,totalhomelessdays<systemhomelessdays,row_num,totalhomelessdays,systemhomelessdays,var517_1=abs(totalhomelessdays-systemhomelessdays),,,,,,,,,,,,,,,,
518,LSAHousehold File,Data Error,0,1,LSAHousehold,The LSAHousehold field TotalHomelessDays cannot be lower than Other3917Days. Row {row_num} in your LSAHousehold file violates that rule. This is not an issue that can be fixed by looking at your LSAHousehold file since information like HouseholdID is not stored there. You may need vendor assistance to resolve this error.,totalhomelessdays<other3917days,row_num,totalhomelessdays,other3917days,var518_1=abs(totalhomelessdays-other3917days),,,,,,,,,,,,,,,,
519,LSAHousehold File,Data Error,0,1,LSAHousehold,"The LSAHousehold field ESTAIR, which identifies the subset of households served in ES, SH, or TH that were in the AIR universe (active in residence during the report period), must equal 0 (No) if the household was not served in ES, SH, or TH during the report period (as reported in ESTStatus). Row {row_num} in your LSAHousehold file violates that rule. This is not an issue that can be fixed by looking at your LSAHousehold file since information like HouseholdID is not stored there. You may need vendor assistance to resolve this error.",estair=1 & eststatus<=2,row_num,estair,eststatus,,,,,,,,,,,,,,,,,
520,LSAHousehold File,Data Error,0,1,LSAHousehold,"The LSAHousehold field RRHAIR, which identifies the subset of households served in RRH that were in the AIR universe (active in residence during the report period), must equal 0 (No) if the household was not served in RRH during the report period (as reported in RRHStatus). Row {row_num} in your LSAHousehold file violates that rule. This is not an issue that can be fixed by looking at your LSAHousehold file since information like HouseholdID is not stored there. You may need vendor assistance to resolve this error.",rrhair=1 & rrhstatus<=2,row_num,rrhair,rrhstatus,,,,,,,,,,,,,,,,,
521,LSAHousehold File,Data Error,0,1,LSAHousehold,"The LSAHousehold field RRHAIR, which identifies the subset of households served in RRH that were in the AIR universe (active in residence during the report period), must equal 0 (No) if the household was still awaiting placement in RRH (as reported in RRHMoveIn). Row {row_num} in your LSAHousehold file violates that rule. This is not an issue that can be fixed by looking at your LSAHousehold file since information like HouseholdID is not stored there. You may need vendor assistance to resolve this error.",rrhair=1 & rrhstatus>2 & rrhmovein=0,row_num,rrhair,rrhstatus,rrhmovein,,,,,,,,,,,,,,,,
522,LSAHousehold File,Data Error,0,1,LSAHousehold,"The LSAHousehold field PSHAIR, which identifies the subset of households served in PSH that were in the AIR universe (active in residence during the report period), must equal 0 (No) if the household was not served in PSH during the report period (as reported in PSHStatus). Row {row_num} in your LSAHousehold file violates that rule. This is not an issue that can be fixed by looking at your LSAHousehold file since information like HouseholdID is not stored there. You may need vendor assistance to resolve this error.",pshair=1 & pshstatus<=2,row_num,pshair,pshstatus,,,,,,,,,,,,,,,,,
523,LSAHousehold File,Data Error,0,1,LSAHousehold,"The LSAHousehold field PSHAIR, which identifies the subset of households served in PSH that were in the AIR universe (active in residence during the report period), must equal 0 (No) if the household was still awaiting placement in PSH (as reported in PSHMoveIn). Row {row_num} in your LSAHousehold file violates that rule. This is not an issue that can be fixed by looking at your LSAHousehold file since information like HouseholdID is not stored there. You may need vendor assistance to resolve this error.",pshair=1 & pshstatus>2 & pshmovein=0,row_num,pshair,pshstatus,pshmovein,,,,,,,,,,,,,,,,
524,LSAHousehold File,Upload Error,0,1,LSAHousehold,"There is more than one row in your LSAHousehold file with the exact same values for all columns. As defined in the LSA specs, there should only be one row per unique combination of characteristics, with RowTotal representing the total number of households with that combination of characteristics.",nrows>1,nrows,rowchars,,,,,,,,,,,,,,,,,,
525,LSAExit File,Data Error,0,1,LSAExit,The HHVet field in the LSAExit file must equal zero (no) if the household type is child-only (CO). The following row {row_num} in your LSAExit file breaks that rule. Please check your HMIS data for any CO households that have a veteran family member.,hhtype=3 & hhvet=1,row_num,hhvet,hhtype,,,,,,,,,,,,,,,,,
528,LSAExit File,Data Error,0,1,LSAExit,"There is a discrepancy between the HHType field and the HHAdultAge field of your LSAExit file. In the HHType field, you reported that the households in this row were neither AO (adult-only) nor AC (adult-child) households. Yet in row {row_num} you reported in the HHAdultAge field that they were AO or AC households. This is not an issue that can be resolved by looking at your LSAExit file, since client level information like Client ID is not stored there. You may need vendor assistance to resolve this error.","hhadultage>-1 & hhtype not in(1,2)",row_num,hhadultage,hhtype,,,,,,,,,,,,,,,,,
529,LSAExit File,Data Error,0,1,LSAExit,"The LSAExit field AC3Plus, which identifies adult-child households with 3 or more children, must be zero (no) if the household type does not equal adult-child (AC). The following row in your LSAExit file breaks that rule.",ac3plus=1 & hhtype~=2,row_num,ac3plus,hhtype,,,,,,,,,,,,,,,,,
530,LSAExit File,Data Error,0,1,LSAExit,The SystemPath field in LSAExit can be -1 (not applicable) only if the household exited from RRH or PSH (as reported in the ExitFrom field). Row {row_num} in your LSAExit file breaks that rule.,"systempath=-1 & exitfrom not in(5,6,7,8)",row_num,systempath,exitfrom,,,,,,,,,,,,,,,,,
536,LSAExit File,Data Error,0,1,LSAExit,"The SystemPath field in LSAExit must include ES/SH or be equal to all other combinations (i.e., any of the following SystemPath values: 1, 3, 5, 7, 9, 10, or 12) if the household exited from ES or SH (as reported in the ExitFrom field). Row {row_num} in your LSAExit file breaks that rule.","exitfrom in(2,4) & systempath not in(1,3,5,7,9,10,12)",row_num,systempath,exitfrom,stat,,,,,,,,,,,,,,,,
537,LSAExit File,Data Error,0,1,LSAExit,"The SystemPath field in LSAExit must include TH or be equal to all other combinations (i.e., any of the following SystemPath values: 2, 3, 5, 7, or 12) if the household exited from TH (as reported in the ExitFrom field). Row {row_num} in your LSAExit file breaks that rule.","exitfrom=3 & systempath not in(2,3,6,7,12)",row_num,systempath,exitfrom,stat,,,,,,,,,,,,,,,,
538,LSAExit File,Data Error,0,1,LSAExit,"The SystemPath field in LSAExit must include RRH or be equal to all other combinations or not applicable (i.e., any of the following SystemPath values: -1, 4, 5, 6, 7, 10, 11, 12) if the household exited from RRH (as reported in the ExitFrom field). Row {row_num} in your LSAExit file breaks that rule.","exitfrom in(5,7) & systempath not in(-1,4,5,6,7,10,11,12)",row_num,systempath,exitfrom,stat,,,,,,,,,,,,,,,,
539,LSAExit File,Data Error,0,1,LSAExit,"The SystemPath field in LSAExit must include PSH or be equal to all other combinations or not applicable (i.e., any of the following SystemPath values: -1, 8, 9, 10, 11, or 12) if the household exited from PSH (as reported in the ExitFrom field). Row {row_num} in your LSAExit file breaks that rule.","exitfrom in(6,8) & systempath not in(-1,8,9,10,11,12)",row_num,systempath,exitfrom,stat,,,,,,,,,,,,,,,,
540,LSAExit File,Upload Error,0,1,LSAExit,"There is more than one row in your LSAExit file with the exact same values for all columns. As defined in the LSA specs, there should only be one row per unique combination of characteristics, with RowTotal representing the total number of households with that combination of characteristics.",nrows>1,nrows,rowchars,,,,,,,,,,,,,,,,,,
616,LSAPerson vs. LSAHousehold,Data Error,0,1,LSAPerson and LSAHousehold,There is a discrepancy between your LSAPerson and LSAHousehold data. The number of heads of households with the following household type and characteristics is different between your LSAPerson and LSAHousehold files. This is not an issue that can be fixed by looking at your LSAPerson and LSAHousehold files because client-level information (like a personal ID) is not stored there. You may need vendor assistance to resolve this error.,xp_tot~=xh_tot,xp_tot,xh_tot,hhtype,active_est,active_air_est,active_rrh,active_air_rrh,active_psh,active_air_psh,hohraceethnicity,note_p_tot,note_h_tot,,,,,,,,
617,LSAPerson vs. LSAHousehold,Data Error,0,1,LSAPerson and LSAHousehold,"There is a discrepancy between your LSAPerson’s ESTChronic field and LSAHousehold’s HHChronicEST field. You reported fewer heads of chronically homeless households in ES/SH/TH with the following household type and characteristics in the LSAPerson file than you reported chronically homeless households in ES/SH/TH with the same household type and characteristics in the LSAHousehold file. Generally, the two numbers should be the same. This is not an issue that can be fixed by looking at your LSAPerson and LSAHousehold files because client-level information (like a personal ID) is not stored there. You may need vendor assistance to resolve this error.",xp_ESTChronic<xh_ESTChronic,xp_ESTChronic,xh_ESTChronic,hhtype,active_est,active_air_est,active_rrh,active_air_rrh,active_psh,active_air_psh,hohraceethnicity,note_p_estchronic,note_h_estchronic,var617_1=abs(xp_ESTChronic-xh_ESTChronic),,,,,,,
618,LSAPerson vs. LSAHousehold,Data Error,0,1,LSAPerson and LSAHousehold,"There is a discrepancy between your LSAPerson and LSAHousehold data. You reported heads of chronically homeless households in ES/SH/TH with the following household type in the LSAPerson file, but you reported zero chronically homeless households in ES/SH/TH with the same household type in the LSAHousehold file. This is not an issue that can be fixed by looking at your LSAPerson and LSAHousehold files because client-level information (like a personal ID) is not stored there. You may need vendor assistance to resolve this error.",xp_ESTChronic>0 & xh_ESTChronic=0,xp_ESTChronic,xh_ESTChronic,hhtype,note_p_estchronic,note_h_estchronic,,,,,,,,,,,,,,,
619,LSAPerson vs. LSAHousehold,Data Error,0,1,LSAPerson and LSAHousehold,"There is a discrepancy between your LSAPerson’s RRHChronic field and LSAHousehold’s HHChronicRRH field. You reported fewer heads of chronically homeless households in RRH with the following household type and characteristics in the LSAPerson file than you reported chronically homeless households in RRH with the same household type and characteristics in the LSAHousehold file. Generally, the two numbers should be the same. This is not an issue that can be fixed by looking at your LSAPerson and LSAHousehold files because client-level information (like a personal ID) is not stored there. You may need vendor assistance to resolve this error.",xp_RRHChronic<xh_RRHChronic,xp_RRHChronic,xh_RRHChronic,hhtype,active_est,active_air_est,active_rrh,active_air_rrh,active_psh,active_air_psh,hohraceethnicity,note_p_rrhchronic,note_h_rrhchronic,var619_1=abs(xp_RRHChronic-xh_RRHChronic),,,,,,,
620,LSAPerson vs. LSAHousehold,Data Error,0,1,LSAPerson and LSAHousehold,"There is a discrepancy between your LSAPerson and LSAHousehold data. You reported heads of chronically homeless households in RRH with the following household type in the LSAPerson file, but you reported zero chronically homeless households in RRH with the same household type in the LSAHousehold file. This is not an issue that can be fixed by looking at your LSAPerson and LSAHousehold files because client-level information (like a personal ID) is not stored there. You may need vendor assistance to resolve this error.",xp_RRHChronic>0 & xh_RRHChronic=0,xp_RRHChronic,xh_RRHChronic,hhtype,note_p_rrhchronic,note_h_rrhchronic,,,,,,,,,,,,,,,
621,LSAPerson vs. LSAHousehold,Data Error,0,1,LSAPerson and LSAHousehold,"There is a discrepancy between your LSAPerson’s PSHChronic field and LSAHousehold’s HHChronicPSH field. You reported fewer heads of chronically homeless households in PSH with the following household type and characteristics in the LSAPerson file than you reported chronically homeless households in PSH with the same household type and characteristics in the LSAHousehold file. Generally, the two numbers should be the same. This is not an issue that can be fixed by looking at your LSAPerson and LSAHousehold files because client-level information (like a personal ID) is not stored there. You may need vendor assistance to resolve this error.",xp_PSHChronic<xh_PSHChronic,xp_PSHChronic,xh_PSHChronic,hhtype,active_est,active_air_est,active_rrh,active_air_rrh,active_psh,active_air_psh,hohraceethnicity,note_p_pshchronic,note_h_pshchronic,var621_1=abs(xp_PSHChronic-xh_PSHChronic),,,,,,,
622,LSAPerson vs. LSAHousehold,Data Error,0,1,LSAPerson and LSAHousehold,"There is a discrepancy between your LSAPerson and LSAHousehold data. You reported heads of chronically homeless households in PSH with the following household type in the LSAPerson file, but you reported zero chronically homeless households in PSH with the same household type in the LSAHousehold file. This is not an issue that can be fixed by looking at your LSAPerson and LSAHousehold files because client-level information (like a personal ID) is not stored there. You may need vendor assistance to resolve this error.",xp_PSHChronic>0 & xh_PSHChronic=0,xp_PSHChronic,xh_PSHChronic,hhtype,note_p_pshchronic,note_h_pshchronic,,,,,,,,,,,,,,,
623,LSAPerson vs. LSAHousehold,Data Error,0,1,LSAPerson and LSAHousehold,"There is a discrepancy between your LSAPerson’s ESTVet field and LSAHousehold’s HHVetEST field. You reported fewer heads of veteran households in ES/SH/TH with the following household type and characteristics in the LSAPerson file than you reported veteran households in ES/SH/TH with the same household type and characteristics in the LSAHousehold file. Generally, the two numbers should be the same. This is not an issue that can be fixed by looking at your LSAPerson and LSAHousehold files because client-level information (like a personal ID) is not stored there. You may need vendor assistance to resolve this error.",xp_ESTVet<xh_ESTVet,xp_ESTVet,xh_ESTVet,hhtype,active_est,active_air_est,active_rrh,active_air_rrh,active_psh,active_air_psh,hohraceethnicity,note_p_estvet,note_h_estvet,var623_1=abs(xp_ESTVet-xh_ESTVet),,,,,,,
624,LSAPerson vs. LSAHousehold,Data Error,0,1,LSAPerson and LSAHousehold,"There is a discrepancy between your LSAPerson and LSAHousehold data. You reported heads of veteran households in ES/SH/TH with the following household type in the LSAPerson file, but you reported zero veteran households in ES/SH/TH with the same household type in the LSAHousehold file. This is not an issue that can be fixed by looking at your LSAPerson and LSAHousehold files because client-level information (like a personal ID) is not stored there. You may need vendor assistance to resolve this error.",xp_ESTVet>0 & xh_ESTVet=0,xp_ESTVet,xh_ESTVet,hhtype,note_p_estvet,note_h_estvet,,,,,,,,,,,,,,,
625,LSAPerson vs. LSAHousehold,Data Error,0,1,LSAPerson and LSAHousehold,"There is a discrepancy between your LSAPerson’s RRHVet field and LSAHousehold’s HHVetRRH field. You reported fewer heads of veteran households in RRH with the following household type and characteristics in the LSAPerson file than you reported veteran households in RRH with the same household type and characteristics in the LSAHousehold file. Generally, the two numbers should be the same. This is not an issue that can be fixed by looking at your LSAPerson and LSAHousehold files because client-level information (like a personal ID) is not stored there. You may need vendor assistance to resolve this error.",xp_RRHVet<xh_RRHVet,xp_RRHVet,xh_RRHVet,hhtype,active_est,active_air_est,active_rrh,active_air_rrh,active_psh,active_air_psh,hohraceethnicity,note_p_rrhvet,note_h_rrhvet,var625_1=abs(xp_RRHVet-xh_RRHVet),,,,,,,
626,LSAPerson vs. LSAHousehold,Data Error,0,1,LSAPerson and LSAHousehold,"There is a discrepancy between your LSAPerson and LSAHousehold data. You reported heads of veteran households in RRH with the following household type in the LSAPerson file, but you reported zero veteran households in RRH with the same household type in the LSAHousehold file. This is not an issue that can be fixed by looking at your LSAPerson and LSAHousehold files because client-level information (like a personal ID) is not stored there. You may need vendor assistance to resolve this error.",xp_RRHVet>0 & xh_RRHVet=0,xp_RRHVet,xh_RRHVet,hhtype,note_p_rrhvet,note_h_rrhvet,,,,,,,,,,,,,,,
627,LSAPerson vs. LSAHousehold,Data Error,0,1,LSAPerson and LSAHousehold,"There is a discrepancy between your LSAPerson’s PSHVet field and LSAHousehold’s HHVetPSH field. You reported fewer heads of veteran households in PSH with the following household type and characteristics in the LSAPerson file than you reported veteran households in PSH with the same household type and characteristics in the LSAHousehold file. Generally, the two numbers should be the same. This is not an issue that can be fixed by looking at your LSAPerson and LSAHousehold files because client-level information (like a personal ID) is not stored there. You may need vendor assistance to resolve this error.",xp_PSHVet<xh_PSHVet,xp_PSHVet,xh_PSHVet,hhtype,active_est,active_air_est,active_rrh,active_air_rrh,active_psh,active_air_psh,hohraceethnicity,note_p_pshvet,note_h_pshvet,var627_1=abs(xp_PSHVet-xh_PSHVet),,,,,,,
628,LSAPerson vs. LSAHousehold,Data Error,0,1,LSAPerson and LSAHousehold,"There is a discrepancy between your LSAPerson and LSAHousehold data. You reported heads of veteran households in PSH with the following household type in the LSAPerson file, but you reported zero veteran households in PSH with the same household type in the LSAHousehold file. This is not an issue that can be fixed by looking at your LSAPerson and LSAHousehold files because client-level information (like a personal ID) is not stored there. You may need vendor assistance to resolve this error.",xp_PSHVet>0 & xh_PSHVet=0,xp_PSHVet,xh_PSHVet,hhtype,note_p_pshvet,note_h_pshvet,,,,,,,,,,,,,,,
629,LSAPerson vs. LSAHousehold,Data Error,0,1,LSAPerson and LSAHousehold,"There is a discrepancy between your LSAPerson’s ESTDisability field and LSAHousehold’s HHDisabilityEST field. You reported fewer heads of households with a disabled member in ES/SH/TH with the following household type and characteristics in the LSAPerson file than you reported households with a disabled member in ES/SH/TH with the same household type and characteristics in the LSAHousehold file. Generally, the two numbers should be the same. This is not an issue that can be fixed by looking at your LSAPerson and LSAHousehold files because client-level information (like a personal ID) is not stored there. You may need vendor assistance to resolve this error.",xp_ESTDisability<xh_ESTDisability,xp_ESTDisability,xh_ESTDisability,hhtype,active_est,active_air_est,active_rrh,active_air_rrh,active_psh,active_air_psh,hohraceethnicity,note_p_estdisability,note_h_estdisability,var629_1=abs(xp_ESTDisability-xh_ESTDisability),,,,,,,
630,LSAPerson vs. LSAHousehold,Data Error,0,1,LSAPerson and LSAHousehold,"There is a discrepancy between your LSAPerson and LSAHousehold data. You reported heads of households with a disabled member in ES/SH/TH with the following household type in the LSAPerson file, but you reported zero households with a disabled member in ES/SH/TH with the same household type in the LSAHousehold file. This is not an issue that can be fixed by looking at your LSAPerson and LSAHousehold files because client-level information (like a personal ID) is not stored there. You may need vendor assistance to resolve this error.",xp_ESTDisability>0 & xh_ESTDisability=0,xp_ESTDisability,xh_ESTDisability,hhtype,note_p_estdisability,note_h_estdisability,,,,,,,,,,,,,,,
631,LSAPerson vs. LSAHousehold,Data Error,0,1,LSAPerson and LSAHousehold,"There is a discrepancy between your LSAPerson’s RRHDisability field and LSAHousehold’s HHDisabilityRRH field. You reported fewer heads of households with a disabled member in RRH with the following household type and characteristics in the LSAPerson file than you reported households with a disabled member in RRH with the same household type and characteristics in the LSAHousehold file. Generally, the two numbers should be the same. This is not an issue that can be fixed by looking at your LSAPerson and LSAHousehold files because client-level information (like a personal ID) is not stored there. You may need vendor assistance to resolve this error.",xp_RRHDisability<xh_RRHDisability,xp_RRHDisability,xh_RRHDisability,hhtype,active_est,active_air_est,active_rrh,active_air_rrh,active_psh,active_air_psh,hohraceethnicity,note_p_rrhdisability,note_h_rrhdisability,var631_1=abs(xp_RRHDisability-xh_RRHDisability),,,,,,,
632,LSAPerson vs. LSAHousehold,Data Error,0,1,LSAPerson and LSAHousehold,"There is a discrepancy between your LSAPerson and LSAHousehold data. You reported heads of households with a disabled member in RRH with the following household type in the LSAPerson file, but you reported zero households with a disabled member in RRH with the same household type in the LSAHousehold file. This is not an issue that can be fixed by looking at your LSAPerson and LSAHousehold files because client-level information (like a personal ID) is not stored there. You may need vendor assistance to resolve this error.",xp_RRHDisability>0 & xh_RRHDisability=0,xp_RRHDisability,xh_RRHDisability,hhtype,note_p_rrhdisability,note_h_rrhdisability,,,,,,,,,,,,,,,
633,LSAPerson vs. LSAHousehold,Data Error,0,1,LSAPerson and LSAHousehold,"There is a discrepancy between your LSAPerson’s PSHDisability field and LSAHousehold’s HHDisabilityPSH field. You reported fewer heads of households with a disabled member in PSH with the following household type and characteristics in the LSAPerson file than you reported households with a disabled member in PSH with the same household type and characteristics in the LSAHousehold file. Generally, the two numbers should be the same. This is not an issue that can be fixed by looking at your LSAPerson and LSAHousehold files because client-level information (like a personal ID) is not stored there. You may need vendor assistance to resolve this error.",xp_PSHDisability<xh_PSHDisability,xp_PSHDisability,xh_PSHDisability,hhtype,active_est,active_air_est,active_rrh,active_air_rrh,active_psh,active_air_psh,hohraceethnicity,note_p_pshdisability,note_h_pshdisability,var633_1=abs(xp_PSHDisability-xh_PSHDisability),,,,,,,
634,LSAPerson vs. LSAHousehold,Data Error,0,1,LSAPerson and LSAHousehold,"There is a discrepancy between your LSAPerson and LSAHousehold data. You reported heads of households with a disabled member in PSH with the following household type in the LSAPerson file, but you reported zero households with a disabled member in PSH with the same household type in the LSAHousehold file. This is not an issue that can be fixed by looking at your LSAPerson and LSAHousehold files because client-level information (like a personal ID) is not stored there. You may need vendor assistance to resolve this error.",xp_PSHDisability>0 & xh_PSHDisability=0,xp_PSHDisability,xh_PSHDisability,hhtype,note_p_pshdisability,note_h_pshdisability,,,,,,,,,,,,,,,
635,LSAPerson vs. LSAHousehold,Data Error,0,1,LSAPerson and LSAHousehold,"There is a discrepancy between your LSAPerson’s ESTFleeingDV field and LSAHousehold’s HHFleeingDVEST field. You reported fewer heads of households with a member fleeing DV in ES/SH/TH with the following household type and characteristics in the LSAPerson file than you reported households with a member fleeing DV in ES/SH/TH with the same household type and characteristics in the LSAHousehold file. Generally, the two numbers should be the same. This is not an issue that can be fixed by looking at your LSAPerson and LSAHousehold files because client-level information (like a personal ID) is not stored there. You may need vendor assistance to resolve this error.",xp_ESTFleeingDV<xh_ESTFleeingDV,xp_ESTFleeingDV,xh_ESTFleeingDV,hhtype,active_est,active_air_est,active_rrh,active_air_rrh,active_psh,active_air_psh,hohraceethnicity,note_p_estfleeingdv,note_h_estfleeingdv,var635_1=abs(xp_ESTFleeingDV-xh_ESTFleeingDV),,,,,,,
636,LSAPerson vs. LSAHousehold,Data Error,0,1,LSAPerson and LSAHousehold,"There is a discrepancy between your LSAPerson and LSAHousehold data. You reported heads of households with a member fleeing DV in ES/SH/TH with the following household type in the LSAPerson file, but you reported zero households with a member fleeing DV in ES/SH/TH with the same household type in the LSAHousehold file. This is not an issue that can be fixed by looking at your LSAPerson and LSAHousehold files because client-level information (like a personal ID) is not stored there. You may need vendor assistance to resolve this error.",xp_ESTFleeingDV>0 & xh_ESTFleeingDV=0,xp_ESTFleeingDV,xh_ESTFleeingDV,hhtype,note_p_estfleeingdv,note_h_estfleeingdv,,,,,,,,,,,,,,,
637,LSAPerson vs. LSAHousehold,Data Error,0,1,LSAPerson and LSAHousehold,"There is a discrepancy between your LSAPerson’s RRHFleeingDV field and LSAHousehold’s HHFleeingDVRRH field. You reported fewer heads of households with a member fleeing DV in RRH with the following household type and characteristics in the LSAPerson file than you reported households with a member fleeing DV in RRH with the same household type and characteristics in the LSAHousehold file. Generally, the two numbers should be the same. This is not an issue that can be fixed by looking at your LSAPerson and LSAHousehold files because client-level information (like a personal ID) is not stored there. You may need vendor assistance to resolve this error.",xp_RRHFleeingDV<xh_RRHFleeingDV,xp_RRHFleeingDV,xh_RRHFleeingDV,hhtype,active_est,active_air_est,active_rrh,active_air_rrh,active_psh,active_air_psh,hohraceethnicity,note_p_rrhfleeingdv,note_h_rrhfleeingdv,var637_1=abs(xp_RRHFleeingDV-xh_RRHFleeingDV),,,,,,,
638,LSAPerson vs. LSAHousehold,Data Error,0,1,LSAPerson and LSAHousehold,"There is a discrepancy between your LSAPerson and LSAHousehold data. You reported heads of households with a member fleeing DV in RRH with the following household type in the LSAPerson file, but you reported zero households with a member fleeing DV in RRH with the same household type in the LSAHousehold file. This is not an issue that can be fixed by looking at your LSAPerson and LSAHousehold files because client-level information (like a personal ID) is not stored there. You may need vendor assistance to resolve this error.",xp_RRHFleeingDV>0 & xh_RRHFleeingDV=0,xp_RRHFleeingDV,xh_RRHFleeingDV,hhtype,note_p_rrhfleeingdv,note_h_rrhfleeingdv,,,,,,,,,,,,,,,
639,LSAPerson vs. LSAHousehold,Data Error,0,1,LSAPerson and LSAHousehold,"There is a discrepancy between your LSAPerson’s PSHFleeingDV field and LSAHousehold’s HHFleeingDVPSH field. You reported fewer heads of households with a member fleeing DV in PSH with the following household type and characteristics in the LSAPerson file than you reported households with a member fleeing DV in PSH with the same household type and characteristics in the LSAHousehold file. Generally, the two numbers should be the same. This is not an issue that can be fixed by looking at your LSAPerson and LSAHousehold files because client-level information (like a personal ID) is not stored there. You may need vendor assistance to resolve this error.",xp_PSHFleeingDV<xh_PSHFleeingDV,xp_PSHFleeingDV,xh_PSHFleeingDV,hhtype,active_est,active_air_est,active_rrh,active_air_rrh,active_psh,active_air_psh,hohraceethnicity,note_p_pshfleeingdv,note_h_pshfleeingdv,var639_1=abs(xp_PSHFleeingDV-xh_PSHFleeingDV),,,,,,,
640,LSAPerson vs. LSAHousehold,Data Error,0,1,LSAPerson and LSAHousehold,"There is a discrepancy between your LSAPerson and LSAHousehold data. You reported heads of households with a member fleeing DV in PSH with the following household type in the LSAPerson file, but you reported zero households with a member fleeing DV in PSH with the same household type in the LSAHousehold file. This is not an issue that can be fixed by looking at your LSAPerson and LSAHousehold files because client-level information (like a personal ID) is not stored there. You may need vendor assistance to resolve this error.",xp_PSHFleeingDV>0 & xh_PSHFleeingDV=0,xp_PSHFleeingDV,xh_PSHFleeingDV,hhtype,note_p_pshfleeingdv,note_h_pshfleeingdv,,,,,,,,,,,,,,,
641,LSAPerson vs. LSAHousehold,Data Error,0,1,LSAPerson and LSAHousehold,"There is a discrepancy between your LSAPerson’s ESTParent field and LSAHousehold’s HHParentEST field. You reported fewer heads of parenting households in ES/SH/TH with the following household type and characteristics in the LSAPerson file than you reported parenting households in ES/SH/TH with the same household type and characteristics in the LSAHousehold file. Generally, the two numbers should be the same. This is not an issue that can be fixed by looking at your LSAPerson and LSAHousehold files because client-level information (like a personal ID) is not stored there. You may need vendor assistance to resolve this error.",xp_ESTParent<xh_ESTParent,xp_ESTParent,xh_ESTParent,hhtype,active_est,active_air_est,active_rrh,active_air_rrh,active_psh,active_air_psh,hohraceethnicity,note_p_estparent,note_h_estparent,var641_1=abs(xp_ESTParent-xh_ESTParent),,,,,,,
642,LSAPerson vs. LSAHousehold,Data Error,0,1,LSAPerson and LSAHousehold,"There is a discrepancy between your LSAPerson and LSAHousehold data. You reported heads of parenting households in ES/SH/TH with the following household type in the LSAPerson file, but you reported zero chronically parenting households in ES/SH/TH with the same household type in the LSAHousehold file. This is not an issue that can be fixed by looking at your LSAPerson and LSAHousehold files because client-level information (like a personal ID) is not stored there. You may need vendor assistance to resolve this error.",xp_ESTParent>0 & xh_ESTParent=0,xp_ESTParent,xh_ESTParent,hhtype,note_p_estparent,note_h_estparent,,,,,,,,,,,,,,,
643,LSAPerson vs. LSAHousehold,Data Error,0,1,LSAPerson and LSAHousehold,"There is a discrepancy between your LSAPerson’s RRHParent field and LSAHousehold’s HHParentRRH field. You reported fewer heads of parenting households in RRH with the following household type and characteristics in the LSAPerson file than you reported parenting households in RRH with the same household type and characteristics in the LSAHousehold file. Generally, the two numbers should be the same. This is not an issue that can be fixed by looking at your LSAPerson and LSAHousehold files because client-level information (like a personal ID) is not stored there. You may need vendor assistance to resolve this error.",xp_RRHParent<xh_RRHParent,xp_RRHParent,xh_RRHParent,hhtype,active_est,active_air_est,active_rrh,active_air_rrh,active_psh,active_air_psh,hohraceethnicity,note_p_rrhparent,note_h_rrhparent,var643_1=abs(xp_RRHParent-xh_RRHParent),,,,,,,
644,LSAPerson vs. LSAHousehold,Data Error,0,1,LSAPerson and LSAHousehold,"There is a discrepancy between your LSAPerson and LSAHousehold data. You reported heads of parenting households in RRH with the following household type in the LSAPerson file, but you reported zero chronically parenting households in RRH with the same household type in the LSAHousehold file. This is not an issue that can be fixed by looking at your LSAPerson and LSAHousehold files because client-level information (like a personal ID) is not stored there. You may need vendor assistance to resolve this error.",xp_RRHParent>0 & xh_RRHParent=0,xp_RRHParent,xh_RRHParent,hhtype,note_p_rrhparent,note_h_rrhparent,,,,,,,,,,,,,,,
645,LSAPerson vs. LSAHousehold,Data Error,0,1,LSAPerson and LSAHousehold,"There is a discrepancy between your LSAPerson’s PSHParent field and LSAHousehold’s HHParentPSH field. You reported fewer heads of parenting households in PSH with the following household type and characteristics in the LSAPerson file than you reported parenting households in PSH with the same household type and characteristics in the LSAHousehold file. Generally, the two numbers should be the same. This is not an issue that can be fixed by looking at your LSAPerson and LSAHousehold files because client-level information (like a personal ID) is not stored there. You may need vendor assistance to resolve this error.",xp_PSHParent<xh_PSHParent,xp_PSHParent,xh_PSHParent,hhtype,active_est,active_air_est,active_rrh,active_air_rrh,active_psh,active_air_psh,hohraceethnicity,note_p_pshparent,note_h_pshparent,var645_1=abs(xp_PSHParent-xh_PSHParent),,,,,,,
646,LSAPerson vs. LSAHousehold,Data Error,0,1,LSAPerson and LSAHousehold,"There is a discrepancy between your LSAPerson and LSAHousehold data. You reported heads of parenting households in PSH with the following household type in the LSAPerson file, but you reported zero chronically parenting households in PSH with the same household type in the LSAHousehold file. This is not an issue that can be fixed by looking at your LSAPerson and LSAHousehold files because client-level information (like a personal ID) is not stored there. You may need vendor assistance to resolve this error.",xp_PSHParent>0 & xh_PSHParent=0,xp_PSHParent,xh_PSHParent,hhtype,note_p_pshparent,note_h_pshparent,,,,,,,,,,,,,,,
647,LSAPerson vs. LSAHousehold,Data Error,0,1,LSAPerson and LSAHousehold,"Adult-Only households in ES/SH/TH: There must be at least as many people as households for adult-only households served during the report period. Here, there is a difference of ({var647_1}). You may need vendor assistance to resolve this error.",est_ao<est_ao_hh,est_ao,est_ao_hh,var647_1=abs(est_ao-est_ao_hh),,,,,,,,,,,,,,,,,
648,LSAPerson vs. LSAHousehold,Data Error,0,1,LSAPerson and LSAHousehold,Adult-Only households in RRH: There must be at least as many people as households for adult-only households served during the report period. Here we see a difference of ({var647_1}).,rrh_ao<rrh_ao_hh,rrh_ao,rrh_ao_hh,var647_1=abs(rrh_ao-rrh_ao_hh),,,,,,,,,,,,,,,,,
649,LSAPerson vs. LSAHousehold,Data Error,0,1,LSAPerson and LSAHousehold,Adult-Only households in PSH: There must be at least as many people as households for adult-only households served during the report period. Here we see a difference of ({var647_1}).,psh_ao<psh_ao_hh,psh_ao,psh_ao_hh,var647_1=abs(psh_ao-psh_ao_hh),,,,,,,,,,,,,,,,,
650,LSAPerson vs. LSAHousehold,Data Error,0,1,LSAPerson and LSAHousehold,Adult-Only households in ES/SH/TH: You have reported zero adult-only households served during the report period and people in these households. Please confirm if this is accurate and provide any reasons you feel explain why no adult-only households were served in ES/SH/TH projects in your CoC.,est_ao>0 & est_ao_hh=0,est_ao,est_ao_hh,,,,,,,,,,,,,,,,,,
651,LSAPerson vs. LSAHousehold,Data Error,0,1,LSAPerson and LSAHousehold,Adult-Only households in RRH: You have reported zero adult-only households served during the report period and people in these households. Please confirm if this is accurate and provide any reasons you feel explain why no adult-only households were served in RRH projects in your CoC.,rrh_ao>0 & rrh_ao_hh=0,rrh_ao,rrh_ao_hh,,,,,,,,,,,,,,,,,,
652,LSAPerson vs. LSAHousehold,Data Error,0,1,LSAPerson and LSAHousehold,Adult-Only households in PSH: You have reported zero adult-only households served during the report period and people in these households. Please confirm if this is accurate and provide any reasons you feel explain why no adult-only households were served in PSH projects in your CoC.,psh_ao>0 & psh_ao_hh=0,psh_ao,psh_ao_hh,,,,,,,,,,,,,,,,,,
656,LSAPerson vs. LSAHousehold,Data Error,0,1,LSAPerson and LSAHousehold,Adult-Child households in ES/SH/TH: There must be at least as many people as households for adult-child households served during the report period. Here we see a difference of ({var656_1}).,est_ac<est_ac_hh,est_ac,est_ac_hh,var656_1=abs(est_ac-est_ac_hh),,,,,,,,,,,,,,,,,
657,LSAPerson vs. LSAHousehold,Data Error,0,1,LSAPerson and LSAHousehold,Adult-Child households in RRH: There must be at least as many people as households for adult-child households served during the report period. Here we see a difference of ({var657_1}).,rrh_ac<rrh_ac_hh,rrh_ac,rrh_ac_hh,var657_1=abs(rrh_ac-rrh_ac_hh),,,,,,,,,,,,,,,,,
658,LSAPerson vs. LSAHousehold,Data Error,0,1,LSAPerson and LSAHousehold,Adult-Child households in PSH: There must be at least as many people as households for adult-child households served during the report period. Here we see a difference of ({var658_1}).,psh_ac<psh_ac_hh,psh_ac,psh_ac_hh,var658_1=abs(psh_ac-psh_ac_hh),,,,,,,,,,,,,,,,,
659,LSAPerson vs. LSAHousehold,Data Error,0,1,LSAPerson and LSAHousehold,Adult-Child households in ES/SH/TH: You have reported zero adult-child households served during the report period and people in these households. Please confirm if this is accurate and provide any reasons you feel explain why no adult-child households were served in ES/SH/TH projects in your CoC.,est_ac>0 & est_ac_hh=0,est_ac,est_ac_hh,,,,,,,,,,,,,,,,,,
660,LSAPerson vs. LSAHousehold,Data Error,0,1,LSAPerson and LSAHousehold,Adult-Child households in RRH: You have reported zero adult-child households served during the report period and people in these households. Please confirm if this is accurate and provide any reasons you feel explain why no adult-child households were served in RRH projects in your CoC.,rrh_ac>0 & rrh_ac_hh=0,rrh_ac,rrh_ac_hh,,,,,,,,,,,,,,,,,,
661,LSAPerson vs. LSAHousehold,Data Error,0,1,LSAPerson and LSAHousehold,Adult-Child households in PSH: You have reported zero adult-child households served during the report period and people in these households. Please confirm if this is accurate and provide any reasons you feel explain why no adult-child households were served in PSH projects in your CoC.,psh_ac>0 & psh_ac_hh=0,psh_ac,psh_ac_hh,,,,,,,,,,,,,,,,,,
668,LSAPerson vs. LSAHousehold,Data Error,0,1,LSAPerson and LSAHousehold,Child-Only households in ES/SH/TH: There must be at least as many people as households for child-only households served during the report period. Here we see a difference of ({var668_1}).,est_co<est_co_hh,est_co,est_co_hh,var668_1=abs(est_co-est_co_hh),,,,,,,,,,,,,,,,,
669,LSAPerson vs. LSAHousehold,Data Error,0,1,LSAPerson and LSAHousehold,Child-Only households in RRH: There must be at least as many people as households for child-only households served during the report period. Here we see a difference of ({var668_1}).,rrh_co<rrh_co_hh,rrh_co,rrh_co_hh,var668_1=abs(rrh_co-rrh_co_hh),,,,,,,,,,,,,,,,,
670,LSAPerson vs. LSAHousehold,Data Error,0,1,LSAPerson and LSAHousehold,Child-Only households in PSH: There must be at least as many people as households for child-only households served during the report period. Here we see a difference of ({var668_1}).,psh_co<psh_co_hh,psh_co,psh_co_hh,var668_1=abs(psh_co-psh_co_hh),,,,,,,,,,,,,,,,,
671,LSAPerson vs. LSAHousehold,Data Error,0,1,LSAPerson and LSAHousehold,Child-Only households in ES/SH/TH: You have reported zero child-only households served during the report period and people in these households. Please confirm if this is accurate and provide any reasons you feel explain why no child-only households were served in ES/SH/TH projects in your CoC.,est_co>0 & est_co_hh=0,est_co,est_co_hh,,,,,,,,,,,,,,,,,,
672,LSAPerson vs. LSAHousehold,Data Error,0,1,LSAPerson and LSAHousehold,Child-Only households in RRH: You have reported zero child-only households served during the report period and people in these households. Please confirm if this is accurate and provide any reasons you feel explain why no child-only households were served in RRH projects in your CoC.,rrh_co>0 & rrh_co_hh=0,rrh_co,rrh_co_hh,,,,,,,,,,,,,,,,,,
673,LSAPerson vs. LSAHousehold,Data Error,0,1,LSAPerson and LSAHousehold,Child-Only households in PSH: You have reported zero child-only households served during the report period and people in these households. Please confirm if this is accurate and provide any reasons you feel explain why no child-only households were served in PSH projects in your CoC.,psh_co>0 & psh_co_hh=0,psh_co,psh_co_hh,,,,,,,,,,,,,,,,,,
674,LSAReport vs. LSAPerson,Data Error,0,1,LSAReport and LSAPerson,There is a discrepancy between your LSAReport and LSAPerson data. The UnduplicatedClient field in the LSAReport file should be greater than or equal to the total number of clients served during the report period in the LSAPerson file.,unduplicatedclient<allp,unduplicatedclient_copy,allp,,,,,,,,,,,,,,,,,,
677,LSACalculated File,Data Error,0,1,LSACalculated,Your LSACalculated file has project-level observations (rows where the Universe column  equals 10) with missing Project IDs. All project-level observations in the LSACalculated file must have a Project ID. There are ({n_missing_projid}) missing project IDs. You may need vendor assistance to resolve this issue.,n_missing_projid>0,n_missing_projid,,,,,,,,,,,,,,,,,,,
678,LSACalculated File,Data Error,0,1,LSACalculated,Your LSACalculated file does not have any of the required project-level data (rows where the Universe column equals 10). This is impacting ({n_rows}) rows in your LSACalculated file. You may need vendor assistance to resolve this issue.,n_proj_obs=0 & n_rows>0,n_proj_obs,n_rows,,,,,,,,,,,,,,,,,,
679,LSACalculated File,Data Error,0,1,LSACalculated,"In the LSACalculated file, Project IDs should only appear in project-level observations (rows where the Universe column equals 10). But your data has Project IDs in other (non-project-level) observations. This is happening ({n_proj_in_nonproj}) times in your LSACalculated file. You may need vendor assistance to resolve this issue.",n_proj_in_nonproj>0,n_proj_in_nonproj,,,,,,,,,,,,,,,,,,,
680,LSACalculated File,Upload Error,0,1,LSACalculated,"There is more than one row in your LSACalculated file with the exact same CoC-level parameters (Cohort, Universe, HHType, Population, SystemPath, and ReportRow). There should only be one row per unique combination of parameters, as defined in the LSA specifications. ",nrows>1 & in_data=1 & in_combos=1,nrows,cohort_str,universe_str,hhtype_str,population_str,systempath_str,reportrow_str,rowchars,in_data,in_combos,,,,,,,,,,
681,LSACalculated File,Data Error,0,1,LSACalculated,The following CoC-level combination of parameters appears in your LSACalculated file and not in the LSA specs. This combination of parameters should not appear in your data. You may need vendor assistance to resolve this issue.,in_data=1 & in_combos=0,cohort_str,universe_str,hhtype_str,population_str,systempath_str,reportrow_str,rowchars,in_data,in_combos,,,,,,,,,,,
682,LSACalculated File,Upload Error,0,1,LSACalculated,"There is more than one row in your LSACalculated file with the exact same project-level parameters (Cohort, Universe, HHType, Population, SystemPath, ProjectID, and ReportRow). There should only be one row per unique combination of parameters, as defined in the LSA specs. ",nrows>1 & in_data=1 & in_combos=1,nrows,cohort_str,universe_str,hhtype_str,population_str,systempath_str,projectid,reportrow_str,rowchars,in_data,in_combos,,,,,,,,,
683,LSACalculated File,Data Error,0,1,LSACalculated,The following project-level combination of parameters appears in your LSACalculated file and not in the LSA specs. This combination of parameters should not appear in your data. You may need vendor assistance to resolve this issue.,in_data=1 & in_combos=0,cohort_str,universe_str,hhtype_str,population_str,systempath_str,projectid,reportrow_str,rowchars,in_data,in_combos,combo_id,,,,,,,,,
684,LSAPerson/LSAHousehold vs. LSACalculated,Data Error,0,1,LSAPerson and LSACalculated,There is a discrepancy between your LSAPerson and LSACalculated data. You reported different numbers of people active in residence for the following population. These two numbers must be the same.,hhchar~=1,population,value_av,value_lc,code_av,code_lc,hhchar,,,,,,,,,,,,,,
685,LSAPerson/LSAHousehold vs. LSACalculated,Data Error,0,1,LSAHousehold and LSACalculated,There is a discrepancy between your LSAHousehold and LSACalculated data. You reported different numbers of households active in residence for the following population. These two numbers must be the same.,hhchar~=1,population,value_av,value_lc,code_av,code_lc,hhchar,,,,,,,,,,,,,,
686,LSAPerson/LSAHousehold vs. LSACalculated,Data Error,0,1,LSAPerson and LSACalculated,"There is a discrepancy between your LSAPerson and LSACalculated data. You reported a smaller number of people active in residence for the following population in your LSAPerson file than you did in your LSACalculated file. Generally, these two numbers should be equivalent, though it is possible for the LSAPerson number to be *larger* than the LSACalculated number. However, it is not possible for the LSAPerson number to be *smaller* than the LSACalculated number, as you have reported.",hhchar=1,population,value_av,value_lc,code_av,code_lc,hhchar,,,,,,,,,,,,,,
687,LSAPerson/LSAHousehold vs. LSACalculated,Data Error,0,1,LSAHousehold and LSACalculated,"There is a discrepancy between your LSAHousehold and LSACalculated data. You reported a smaller number of households active in residence for the following population in your LSAHousehold file than you did in your LSACalculated file. Generally, these two numbers should be equivalent, though it is possible for the LSAHousehold number to be *larger* than the LSACalculated number. However, it is not possible for the LSAHousehold number to be *smaller* than the LSACalculated number, as you have reported.",hhchar=1,population,value_av,value_lc,code_av,code_lc,hhchar,,,,,,,,,,,,,,
688,LSACalculated: Subpopulation is greater than overall population (Project level),Data Error,1,1,LSACalculated,"[htext_long] households in this project {projectname}, served [on/during ctext]: The number of people in [ptext_people_1] ({var02}) is greater than the overall number of people ({var03}). Please review client demographic information (specifically date of birth) and determine if a proportion of the clients aged out of one household type (e.g. AC or CO) and into another household type (e.g. AO).",var02 > var03,projectid,lc_c[c]_u10_h[h]_p[p]_r53,lc_c[c]_u10_h[h]_p0_r53,projectname,var688_1=abs(var02 - var03),,,,,,,,,,,"h{0, 1, 2, 3, 99} .* p{13 15 18 19, 10 11 13-15 18 19 34, 12 13 15 18 19, 15 18 19 35, 13 15 18 19}",c{1 10 11 12 13} .* c{1 10 11 12 13},n/a,n/a,n/a
689,LSACalculated: Subpopulation is greater than overall population (CoC level),Data Error,1,1,LSACalculated,"[htext_long] households in [utext], served [on/during ctext]: The number of people in [ptext_people_1] ({var01}) is greater than the overall number of people ({var02}). Please review client demographic information (specifically date of birth) and determine if a proportion of the clients aged out of one household type (e.g. AC or CO) and into another household type (e.g. AO).",var01 > var02,lc_c[c]_u[u]_h[h]_p[p]_r53,lc_c[c]_u[u]_h[h]_p0_r53,var689_1=abs(var01 - var02),,,,,,,,,,,,,"h{0, 1, 2, 3, 99} .* p{13 15 18 19, 10 11 13-15 18 19 34, 12 13 15 18 19, 15 18 19 35, 13 15 18 19}",c{1 10 11 12 13} .* c{1 10 11 12 13},n/a,n/a,n/a
690,LSACalculated: Subpopulation is greater than overall population (CoC level),Data Error,1,1,LSACalculated,"[htext_long] households in [utext], served [on/during ctext]: The number of [ptext_people_1] ({var01}) is greater than the overall number of people ({var02}). Please review client demographic information (specifically date of birth) and determine if a proportion of the clients aged out of one household type (e.g. AC or CO) and into another household type (e.g. AO).",var01 > var02,lc_c[c]_u[u]_h[h]_p[p]_r55,lc_c[c]_u[u]_h[h]_p0_r53,var689_1=abs(var01 - var02),,,,,,,,,,,,,"h{0, 1, 2, 3, 99} .* p{56-82, 56-71 76-82, 56-82, 56-75, 56-82}",c{1 10 11 12 13} .* c{1 10 11 12 13},n/a,n/a,n/a
691,LSACalculated: Subpopulation is greater than broader population (Project level),Warning,1,1,LSACalculated,"[htext_long] households in this project {projectname}, served [on/during ctext]: The number of [ptext_people_1] ({var02}) is greater than the total number of people in [ptext_people_2] ({var03}). Please review client demographic information (specifically date of birth) and determine if a proportion of the clients aged out of one household type (e.g. AC or CO) and into another household type (e.g. AO).",var02 > var03,projectid,lc_c[c]_u10_h[h]_p1[p]_r55,lc_c[c]_u10_h[h]_p2[p]_r53,projectname,var691_1=abs(var02 - var03),,,,,,,,,,,"h{0, 1, 2, 3, 99} .* p1{50 53, 50 53, 50 53, 53, 53}",p1{50 53} .* p2{13 15},c{1 10 11 12 13} .* c{1 10 11 12 13},n/a,n/a
692,LSACalculated: Subpopulation is greater than broader population (CoC level),Warning,1,0,LSACalculated,"[htext_long] households in [utext], served [on/during ctext]: The number of [ptext_people_1] ({var01}) is greater than the total number of people in [ptext_people_2] ({var02}).",var01 > var02,lc_c[c]_u[u]_h[h]_p1[p]_r55,lc_c[c]_u[u]_h[h]_p2[p]_r53,var691_1=abs(var01 - var02),,,,,,,,,,,,,"h{0, 1, 2, 3, 99} .* p1{50 53 5054 5055, 50 53 5054 5055, 50 53 5054 5055 5154 5155, 53 5254 5255, 53}","p1{50, 53, 5054 5154 5254, 5055 5155 5255} .* p2{13, 15, 18, 19}",c{1 10 11 12 13} .* c{1 10 11 12 13},n/a,n/a
693,LSACalculated: Subpopulation is greater than broader population (CoC level),Warning,1,0,LSACalculated,"[htext_long] households in [utext], served [on/during ctext]: The number of [ptext_people_1] ({var01}) is greater than the total number of people in [ptext_people_2] ({var02}).",var01 > var02,lc_c[c]_u[u]_h2_p1[p]_r55,lc_c[c]_u[u]_h2_p2[p]_r53,var691_1=abs(var01 - var02),,,,,,,,,,,,,p1{5153-5171 1276 1277} * p2{12},c{1 10 11 12 13} .* c{1 10 11 12 13},n/a,n/a,n/a
698,LSACalculated: Subpopulation is greater than broader population (CoC level),Data Error,1,1,LSACalculated,"[htext_long] households in [utext], served [on/during ctext]: The number of [ptext_people_1] ({var01}) is greater than the total number of veterans ({var02}).",var01 > var02,lc_c[c]_u[u]_h[h]_p[p]_r55,lc_c[c]_u[u]_h[h]_p50_r55,var698_1=abs(var01 - var02),,,,,,,,,,,,,h{0-2 99} * p{5053-5071},c{1 10 11 12 13} .* c{1 10 11 12 13},n/a,n/a,n/a
699,LSACalculated: Subpopulation is greater than broader population (CoC level),Data Error,1,1,LSACalculated,"[htext_long] households in [utext], served [on/during ctext]: The number of [ptext_people_1] ({var01}) is greater than the total number of [ptext_people_2] ({var02}).",var01 > var02,lc_c[c]_u[u]_h[h]_p1[p]_r55,lc_c[c]_u[u]_h[h]_p2[p]_r55,var699_1=abs(var01 - var02),,,,,,,,,,,,,h{0-2 99} * p1{5053 5056-5071},p1{5053 5056-5071} .* p2{53 56-71},c{1 10 11 12 13} .* c{1 10 11 12 13},n/a,n/a
700,LSACalculated: Subpopulation is greater than broader population (CoC level),Data Error,1,1,LSACalculated,"[htext_long] households in [utext], served [on/during ctext]: The number of [ptext_people_1] is greater than the total number of [ptext_people_2].",var01 > var02,lc_c[c]_u[u]_h[h]_p1[p]_r55,lc_c[c]_u[u]_h[h]_p2[p]_r55,var699_1=abs(var01 - var02),,,,,,,,,,,,,"h{2, 3} .* p1{5153 5156-5171, 5253 5256-5271}",p1{5153 5156-5171 5253 5256-5271} .* p2{53 56-71 53 56-71},c{1 10 11 12 13} .* c{1 10 11 12 13},n/a,n/a
701,LSACalculated: People < Households (Project level),Warning,1,1,LSACalculated,"[htext_long] households in {projectname}, served [on/during ctext]: The number of people in [ptext_people_1] ({var02}) is less than the number of [ptext_people_1] ({var03}).",var02 < var03,projectid,lc_c[c]_u10_h[h]_p[p]_r53,lc_c[c]_u10_h[h]_p[p]_r54,projectname,var701_1=abs(var02 - var03),,,,,,,,,,,"h{0, 1, 2, 3, 99} .* p{0 13 15 18 19, 0 10 11 13-15 18 19 34, 0 12 13 15 18 19, 0 15 18 19 35, 0 13 15 18 19}",c{1 10 11 12 13} .* c{1 10 11 12 13},n/a,n/a,n/a
702,LSACalculated: People < Households (CoC level),Warning,1,0,LSACalculated,"[htext_long] households in [utext], served [on/during ctext]: The number of people in [ptext_people_1] ({var01}) is less than the number of [ptext_people_1] ({var02}).",var01 < var02,lc_c[c]_u[u]_h[h]_p[p]_r53,lc_c[c]_u[u]_h[h]_p[p]_r54,var701_1=abs(var01 - var02),,,,,,,,,,,,,"h{0, 1, 2, 3, 99} .* p{0 13 15 18 19, 0 10 11 13-15 18 19 34, 0 12 13 15 18 19, 0 15 18 19 35, 0 13 15 18 19}",c{1 10 11 12 13} .* c{1 10 11 12 13},n/a,n/a,n/a
704,LSACalculated: People > 0 and Households = 0 (project level),Data Error,1,1,LSACalculated,"[htext_long] households in this project {projectname}, served [on/during ctext]: The number of people in [ptext_people_1] ({var02}) is greater than zero but there are no [ptext_people_1] ({var03}).",(var02 > 0) & (var03 = 0),projectid,lc_c[c]_u10_h[h]_p[p]_r53,lc_c[c]_u10_h[h]_p[p]_r54,projectname,,,,,,,,,,,,"h{0, 1, 2, 3, 99} .* p{0 13 15 18 19, 0 10 11 13-15 18 19 34, 0 12 13 15 18 19, 0 15 18 19 35, 0 13 15 18 19}",c{1 10 11 12 13} .* c{1 10 11 12 13},n/a,n/a,n/a
705,LSACalculated: People > 0 and Households = 0 (CoC level),Data Error,1,1,LSACalculated,"[htext_long] households in [utext], served [on/during ctext]: The number of people in [ptext_people_1] ({var01}) is greater than zero but there are no [ptext_people_1] ({var02}).",(var01 > 0) & (var02 = 0),lc_c[c]_u[u]_h[h]_p[p]_r53,lc_c[c]_u[u]_h[h]_p[p]_r54,,,,,,,,,,,,,,"h{0, 1, 2, 3, 99} .* p{0 13 15 18 19, 0 10 11 13-15 18 19 34, 0 12 13 15 18 19, 0 15 18 19 35, 0 13 15 18 19}",c{1 10 11 12 13} .* c{1 10 11 12 13},n/a,n/a,n/a
706,LSACalculated: Bed nights < People (Project level),Data Error,1,1,LSACalculated,"[htext_long] households in this project {projectname}, served during the current report period: The number of bed nights reported for [ptext_people_1] ({var02}) is less than the number of people in [ptext_people_1] ({var03}).",var02 < var03,projectid,lc_c1_u10_h[h]_p[p]_r56,lc_c1_u10_h[h]_p[p]_r53,projectname,var706_1=abs(var02 - var03),,,,,,,,,,,"h{0, 1, 2, 3, 99} .* p{0, 0 10 11, 0, 0, 0}",n/a,n/a,n/a,n/a
707,LSACalculated: Bed nights < People (Project level),Data Error,1,1,LSACalculated,"[htext_long] households in this project {projectname}, served during the current report period: The number of bed nights reported for [ptext_people_1] ({var02}) is less than the number of [ptext_people_1] ({var03}).",var02 < var03,projectid,lc_c1_u10_h[h]_p[p]_r57,lc_c1_u10_h[h]_p[p]_r55,projectname,var707_1=abs(var02 - var03),,,,,,,,,,,"h{0, 1, 2, 3, 99} .* p{50 53, 50 53, 50 53, 53, 50 53}",n/a,n/a,n/a,n/a
708,LSACalculated: Bed nights < People (CoC level),Data Error,1,1,LSACalculated,"[htext_long] households in [utext], served during the current report period: The number of bed nights reported for [ptext_people_1] ({var01}) is less than the number of people in [ptext_people_1] ({var02}).",var01 < var02,lc_c1_u[u]_h[h]_p[p]_r56,lc_c1_u[u]_h[h]_p[p]_r53,var706_1=abs(var01 - var02),,,,,,,,,,,,,"h{0, 1, 2, 3, 99} .* p{0, 0 10 11, 0, 0, 0}",n/a,n/a,n/a,n/a
709,LSACalculated: Bed nights < People (CoC level),Data Error,1,1,LSACalculated,"[htext_long] households in [utext], served during the current report period: The number of bed nights reported for [ptext_people_1] ({var01}) is less than the number of [ptext_people_1] ({var02}).",var01 < var02,lc_c1_u[u]_h[h]_p[p]_r57,lc_c1_u[u]_h[h]_p[p]_r55,var707_1=abs(var01 - var02),,,,,,,,,,,,,"h{0, 1, 2, 3, 99} .* p{50 53, 50 53, 50 53, 53, 50 53}",n/a,n/a,n/a,n/a
710,LSACalculated: Bed Nights > 0 and People = 0 (project level),Data Error,1,1,LSACalculated,"[htext_long] households in this project {projectname}, served during the current report period: The number of bed nights reported for [ptext_people_1] ({var02}) is greater than zero but there are no people in [ptext_people_1] ({var03}).",(var02 > 0) & (var03 = 0),projectid,lc_c1_u10_h[h]_p[p]_r56,lc_c1_u10_h[h]_p[p]_r53,projectname,,,,,,,,,,,,"h{0, 1, 2, 3, 99} .* p{0, 0 10 11, 0, 0, 0}",n/a,n/a,n/a,n/a
711,LSACalculated: Bed Nights > 0 and People = 0 (project level),Data Error,1,1,LSACalculated,"[htext_long] households in this project {projectname}, served during the current report period: The number of bed nights reported for [ptext_people_1] ({var02}) is greater than zero but there are no [ptext_people_1] ({var03}).",(var02 > 0) & (var03 = 0),projectid,lc_c1_u10_h[h]_p[p]_r57,lc_c1_u10_h[h]_p[p]_r55,projectname,,,,,,,,,,,,"h{0, 1, 2, 3, 99} .* p{50 53, 50 53, 50 53, 53, 50 53}",n/a,n/a,n/a,n/a
712,LSACalculated: Bed Nights > 0 and People = 0 (CoC level),Data Error,1,1,LSACalculated,"[htext_long] households in [utext], served during the current report period: The number of bed nights reported for [ptext_people_1] ({var01}) is greater than zero but there are no people in [ptext_people_1] ({var02}).",(var01 > 0) & (var02 = 0),lc_c1_u[u]_h[h]_p[p]_r56,lc_c1_u[u]_h[h]_p[p]_r53,,,,,,,,,,,,,,"h{0, 1, 2, 3, 99} .* p{0, 0 10 11, 0, 0, 0}",n/a,n/a,n/a,n/a
713,LSACalculated: Bed Nights > 0 and People = 0 (CoC level),Data Error,1,1,LSACalculated,"[htext_long] households in [utext], served during the current report period: The number of bed nights for [ptext_people_1] ({var01}) is greater than zero but there are no [ptext_people_1] ({var02}).",(var01 > 0) & (var02 = 0),lc_c1_u[u]_h[h]_p[p]_r57,lc_c1_u[u]_h[h]_p[p]_r55,,,,,,,,,,,,,,"h{0, 1, 2, 3, 99} .* p{50 53, 50 53, 50 53, 53, 50 53}",n/a,n/a,n/a,n/a
714,LSACalculated: Snapshot date cohort > Full report period cohort (project level),Data Error,1,1,LSACalculated,"People in [htext_long] [ptext_people_1], in this project {projectname}: The number of people served on [ctext] ({var02}) is greater than the number of people served during the full report period ({var03}).",var02 > var03,projectid,lc_c1[c]_u10_h[h]_p[p]_r53,lc_c2[c]_u10_h[h]_p[p]_r53,projectname,var714_1=abs(var02 - var03),,,,,,,,,,,"h{0, 1, 2, 3, 99} .* p{0 13 15 18 19, 0 10 11 13-15 18 19 34, 0 12 13 15 18 19, 0 15 18 19 35, 0 13 15 18 19}",c1{10-13} * c2{1},n/a,n/a,n/a
715,LSACalculated: Snapshot date cohort > Full report period cohort (project level),Data Error,1,1,LSACalculated,"[ptext_people_1] in [htext_long] households, in this project {projectname}: The number of people served on [ctext] ({var02}) is greater than the number of people served during the full report period ({var03}).",var02 > var03,projectid,lc_c1[c]_u10_h[h]_p[p]_r55,lc_c2[c]_u10_h[h]_p[p]_r55,projectname,var714_1=abs(var02 - var03),,,,,,,,,,,"h{0, 1, 2, 3, 99} .* p{50 53, 50 53 1176 1177, 50 53 1276 1277, 53, 50 53}",c1{10-13} * c2{1},n/a,n/a,n/a
716,LSACalculated: Snapshot date cohort > Full report period cohort (CoC level),Data Error,1,1,LSACalculated,"People in [htext_long] [ptext_people_1], in [utext]: The number of people served on [ctext] ({var01}) is greater than the number of people served during the full report period ({var02}).",var01 > var02,lc_c1[c]_u[u]_h[h]_p[p]_r53,lc_c2[c]_u[u]_h[h]_p[p]_r53,var714_1=abs(var01 - var02),,,,,,,,,,,,,"h{0, 1, 2, 3, 99} .* p{0 13 15 18 19, 0 10 11 13-15 18 19 34, 0 12 13 15 18 19, 0 15 18 19 35, 0 13 15 18 19}",c1{10-13} * c2{1},n/a,n/a,n/a
717,LSACalculated: Snapshot date cohort > Full report period cohort (CoC level),Data Error,1,1,LSACalculated,"[ptext_people_1] in [htext_long] households, in [utext]: The number of people served on [ctext] ({var01}) is greater than the number of people served during the full report period ({var02}).",var01 > var02,lc_c1[c]_u[u]_h[h]_p[p]_r55,lc_c2[c]_u[u]_h[h]_p[p]_r55,var714_1=abs(var01 - var02),,,,,,,,,,,,,"h{0, 1, 2, 3, 99} .* p{50 53 56-82 5053-5071, 50 53 56-71 76-82 5053-5071 1176 1177, 50 53 56-82 5053-5071 5153-5171 1276 1277, 53 56-75 5253-5271, 50 53 56-82 5053-5071}",c1{10-13} * c2{1},n/a,n/a,n/a
718,LSACalculated: People with characteristic = 0 & people in households with that characteristic > 0 (project level),Warning,1,1,LSACalculated,"[htext_long] households in this project {projectname}, during the current report period: The number of [ptext_people_1] is equal to zero but the total number of [ptext_people_2] ({var03}) is greater than zero.",(var02 = 0) & (var03 > 0),projectid,lc_c1_u10_h[h]_p1[p]_r55,lc_c1_u10_h[h]_p2[p]_r53,projectname,,,,,,,,,,,,"h{0, 1, 2, 3, 99} .* p1{50 53, 50 53, 50 53, 53, 53}",p1{50 53} .* p2{13 15},n/a,n/a,n/a
719,LSACalculated: People with characteristic = 0 & people in households with that characteristic > 0 (CoC level),Warning,1,1,LSACalculated,"[htext_long] households in [utext], during the current report period: The number of [ptext_people_1] is equal to zero but the total number of [ptext_people_2] is greater than zero ({var02}).",(var01 = 0) & (var02 > 0),lc_c1_u[u]_h[h]_p1[p]_r55,lc_c1_u[u]_h[h]_p2[p]_r53,,,,,,,,,,,,,,"h{0, 1, 2, 3, 99} .* p1{50 53, 50 53, 50 53, 53, 53}",p1{50 53} .* p2{13 15},n/a,n/a,n/a
720,"LSACalculated: Sum of separate ES, SH, TH counts < combined ES/SH/TH count; bed nights",Data Error,1,1,LSACalculated,"[htext_long] households in ES/SH/TH: The sum ({var720_2}) of the separate CoC-wide ES ({var02}), SH ({var03}), and TH bed nights ({var04}) for [ptext_people_1] served during the current report period is less than the unduplicated, combined CoC-wide ES/SH/TH count of bed nights for these households ({var01}).","sum(var02,var03,var04) < var01",lc_c1_u16_h[h]_p[p]_r56,lc_c1_u11_h[h]_p[p]_r56,lc_c1_u12_h[h]_p[p]_r56,lc_c1_u13_h[h]_p[p]_r56,"var720_1=abs(np.nansum([var02,var03,var04]) - var01)","var720_2=np.nansum([var02,var03,var04])",,,,,,,,,,"h{0, 1, 2, 3, 99} .* p{0, 0 10 11, 0, 0, 0}",n/a,n/a,n/a,n/a
721,"LSACalculated: Sum of separate ES, SH, TH counts > combined ES/SH/TH count, and this difference is bigger within a particular household type than it is among all households; bed nights; overall population",Data Error,1,1,LSACalculated,"[htext_long] households in ES/SH/TH: The sum ({var721_3}) of the separate CoC-wide ES ({var02}), SH ({var03}), and TH ({var04}) bed nights for people in [htext_short] households served during the current report period is greater than the unduplicated, combined CoC-wide ES/SH/TH count of bed nights for these people ({var01}). Crucially, the level of overlap (which is the difference between the sum and the unduplicated, combined count) is greater among [htext_short] households than among all households, which is impossible. Even if there were some clients with overlapping enrollments in ES, SH, and/or TH, the overlap among [htext_short] households cannot be greater than the overlap among all households. This may mean there is a programming error in your LSA Report causing this result. ","(sum(var02,var03,var04) > var01) & ((sum(var02,var03,var04) - var01) > (sum(var06,var07,var08) - var05))",lc_c1_u16_h[h]_p0_r56,lc_c1_u11_h[h]_p0_r56,lc_c1_u12_h[h]_p0_r56,lc_c1_u13_h[h]_p0_r56,lc_c1_u16_h0_p0_r56,lc_c1_u11_h0_p0_r56,lc_c1_u12_h0_p0_r56,lc_c1_u13_h0_p0_r56,"var721_1=abs(np.nansum([var02,var03,var04]) - var01)","var721_2=abs((np.nansum([var02,var03,var04]) - var01) - (np.nansum([var06,var07,var08]) - var05))","var721_3=np.nansum([var02,var03,var04])",,,,,"h{1, 2, 3, 99} .* h{1, 2, 3, 99}",n/a,n/a,n/a,n/a
722,"LSACalculated: Sum of separate ES, SH, TH counts > combined ES/SH/TH count; bed nights",Data Error,1,0,LSACalculated,"All households in ES/SH/TH: The sum ({var722_1}) of the separate CoC-wide ES ({var02}), SH ({var03}), and TH ({var04}) bed nights for people in all households served during the current report period is greater than the unduplicated, combined CoC-wide ES/SH/TH count of bed nights for these people ({var01}). We expect the sum and the unduplicated, combined count to be equal. Here, the sum is much greater than the unduplicated count. There could be a programming error, people may not have been exited properly in HMIS, or a large number of people have overlapping enrollments in HMIS. ","(sum(var02,var03,var04) - var01)/var01 >= .01",lc_c1_u16_h0_p0_r56,lc_c1_u11_h0_p0_r56,lc_c1_u12_h0_p0_r56,lc_c1_u13_h0_p0_r56,"var722_1=np.nansum([var02,var03,var04])","var722_2=abs((np.nansum([var02,var03,var04]) - var01))",,,,,,,,,,n/a,n/a,n/a,n/a,n/a
723,"LSACalculated: Sum of separate ES, SH, TH counts > combined ES/SH/TH count, and this difference is bigger within a particular subpopulation than it is in the overall population; bed nights",Data Error,1,1,LSACalculated,"[htext_long] households in ES/SH/TH: The sum ({var723_3}) of the separate CoC-wide ES ({var02}), SH ({var03}), and TH ({var04}) bed nights for [ptext_people_1] served during the current report period is greater than the unduplicated, combined CoC-wide ES/SH/TH count of bed nights for these households ({var01}). Crucially, the level of overlap  (which is the difference between the sum and the unduplicated, combined count) is greater within this sub-population than in the overall population, which is impossible. Even if there were some clients with overlapping enrollments in ES, SH, and/or TH, the overlap in bed nights among people in a sub-population could not be greater than the overlap in bed nights among all people. This may mean there is a programming error in your LSA Report causing this result.","(sum(var02,var03,var04) > var01) & ((sum(var02,var03,var04) - var01) > (sum(var06,var07,var08) - var05))",lc_c1_u16_h1_p[p]_r56,lc_c1_u11_h1_p[p]_r56,lc_c1_u12_h1_p[p]_r56,lc_c1_u13_h1_p[p]_r56,lc_c1_u16_h1_p0_r56,lc_c1_u11_h1_p0_r56,lc_c1_u12_h1_p0_r56,lc_c1_u13_h1_p0_r56,"var723_1=abs(np.nansum([var02,var03,var04]) - var01)","var723_2=abs((np.nansum([var02,var03,var04]) - var01) - (np.nansum([var06,var07,var08]) - var05))","var723_3=np.nansum([var02,var03,var04])",,,,,p{10 11} .* p{10 11},n/a,n/a,n/a,n/a
724,"LSACalculated: Sum of separate ES, SH, TH counts < combined ES/SH/TH count; households; full report period",Data Error,1,1,LSACalculated,"[htext_long] households in ES/SH/TH: The sum ({var724_2}) of the separate CoC-wide ES ({var02}), SH ({var03}), and TH counts ({var04}) of [ptext_people_1] served during the current report period is less than the unduplicated, combined CoC-wide ES/SH/TH count of these households ({var01}).","sum(var02,var03,var04) < var01",lc_c1_u16_h[h]_p[p]_r54,lc_c1_u11_h[h]_p[p]_r54,lc_c1_u12_h[h]_p[p]_r54,lc_c1_u13_h[h]_p[p]_r54,"var724_1=abs(np.nansum([var02,var03,var04]) - var01)","var724_2=np.nansum([var02,var03,var04])",,,,,,,,,,"h{0, 1, 2, 3, 99} .* p{0 13 15 18 19, 0 10 11 13-15 18 19 34, 0 12 13 15 18 19, 0 15 18 19 35, 0 13 15 18 19}",n/a,n/a,n/a,n/a
725,"LSACalculated: Largest of separate ES, SH, TH counts > combined ES/SH/TH count; households; full report period",Data Error,1,1,LSACalculated,"[htext_long] households in ES/SH/TH: The largest value of the separate CoC-wide ES ({var02}), SH ({var03}), and TH ({var04}) counts of [ptext_people_1] served during the current report period is greater than the unduplicated, combined CoC-wide ES/SH/TH count of these households ({var01}). The combined CoC-wide ES/SH/TH count must be at least as large as the largest of the separate CoC-wide ES, SH, and TH counts.","max(var02,var03,var04) > var01",lc_c1_u16_h[h]_p[p]_r54,lc_c1_u11_h[h]_p[p]_r54,lc_c1_u12_h[h]_p[p]_r54,lc_c1_u13_h[h]_p[p]_r54,"var725_1=abs(max(var02,var03,var04) - var01)",,,,,,,,,,,"h{0, 1, 2, 3, 99} .* p{0 13 15 18 19, 0 10 11 13-15 18 19 34, 0 12 13 15 18 19, 0 15 18 19 35, 0 13 15 18 19}",n/a,n/a,n/a,n/a
726,"LSACalculated: Sum of separate ES, SH, TH counts > combined ES/SH/TH count, and this difference is bigger within a particular subpopulation than it is in the overall population; households; full report period",Data Error,1,1,LSACalculated,"[htext_long] households in ES/SH/TH: The sum ({var726_3}) of the separate CoC-wide ES ({var02}), SH ({var03}), and TH ({var04}) counts of [htext_short] [ptext_people_1] served during the current report period is greater than the unduplicated, combined CoC-wide ES/SH/TH count of these households (var01). Crucially, the level of overlap  (which is the difference between the sum and the unduplicated, combined count) is greater within this sub-population than in the overall population, which is impossible. Even if there were some heads of households with overlapping enrollments in ES, SH, and/or TH, the overlap among households in a sub-population could not be greater than the overlap among all households. This may mean there is a programming error in your LSA Report causing this result.","(sum(var02,var03,var04) > var01) & ((sum(var02,var03,var04) - var01) > (sum(var06,var07,var08) - var05))",lc_c1_u16_h[h]_p[p]_r54,lc_c1_u11_h[h]_p[p]_r54,lc_c1_u12_h[h]_p[p]_r54,lc_c1_u13_h[h]_p[p]_r54,lc_c1_u16_h[h]_p0_r54,lc_c1_u11_h[h]_p0_r54,lc_c1_u12_h[h]_p0_r54,lc_c1_u13_h[h]_p0_r54,"var726_1=abs(np.nansum([var02,var03,var04]) - var01)","var726_2=abs((np.nansum([var02,var03,var04]) - var01) - (np.nansum([var06,var07,var08]) - var05))","var726_3=np.nansum([var02,var03,var04])",,,,,"h{0, 1, 2, 3, 99} .* p{13 15 18 19, 10 11 13-15 18 19 34, 12 13 15 18 19, 15 18 19 35, 13 15 18 19}",n/a,n/a,n/a,n/a
727,"LSACalculated: Sum of separate ES, SH, TH counts < combined ES/SH/TH count; people; full report period",Data Error,1,1,LSACalculated,"[htext_long] households in ES/SH/TH: The sum ({var727_2}) of the separate CoC-wide ES ({var02}), SH ({var03}), and TH counts ({var04}) of people in [htext_short] [ptext_people_1] during the current report period is less than the unduplicated, combined CoC-wide ES/SH/TH count of these people ({var01}).","sum(var02,var03,var04) < var01",lc_c1_u16_h[h]_p[p]_r53,lc_c1_u11_h[h]_p[p]_r53,lc_c1_u12_h[h]_p[p]_r53,lc_c1_u13_h[h]_p[p]_r53,"var727_1=abs(np.nansum([var02,var03,var04]) - var01)","var727_2=np.nansum([var02,var03,var04])",,,,,,,,,,"h{0, 1, 2, 3, 99} .* p{0 13 15 18 19, 0 10 11 13-15 18 19 34, 0 12 13 15 18 19, 0 15 18 19 35, 0 13 15 18 19}",n/a,n/a,n/a,n/a
728,"LSACalculated: Sum of separate ES, SH, TH counts > combined ES/SH/TH count * # of project types; people; full report period",Data Error,1,1,LSACalculated,"[htext_long] households in ES/SH/TH: The sum ({var728_2}) of the separate CoC-wide ES ({var02}), SH ({var03}), and TH ({var04}) counts of people in [htext_short] [ptext_people_1] served during the report period is greater than the unduplicated, combined CoC-wide ES/SH/TH count of these people ({var01}). The sum of the separate CoC-wide ES, SH, and TH counts can be greater than the combined CoC-wide ES/SH/TH count if people were served in two or three of these project types during the period. But in this case, the sum of the separate CoC-wide ES, SH, and TH counts is greater than the largest possible value it could be. That largest possible value is equal to the combined CoC-wide ES/SH/TH value multiplied by the number of project types (1-3, among ES, SH, and TH) serving any of these people. (For example, if the combined CoC-wide ES/SH/TH count of people was 20, and the CoC served clients in all three project types, then the largest possible value for the sum of the separate CoC-wide ES, SH, and TH counts would be 20*3 = 60 since those 20 people could have been served at least once in each of the ES, SH, and TH project types. Similarly, if the CoC served clients in two of the three project types like ES and TH, then the largest possible value would be 20*2 = 40 since those 20 people could have been served at least once in each of the ES and TH project types.)","sum(var02,var03,var04) > (var01 * sum((var02>0),(var03>0),(var04>0)))",lc_c1_u16_h[h]_p[p]_r53,lc_c1_u11_h[h]_p[p]_r53,lc_c1_u12_h[h]_p[p]_r53,lc_c1_u13_h[h]_p[p]_r53,"var728_1=abs(np.nansum([var02,var03,var04]) - (var01 * np.nansum([(var02>0),(var03>0),(var04>0)])))","var728_2=np.nansum([var02,var03,var04])",,,,,,,,,,"h{0, 1, 2, 3, 99} .* p{0 13 15 18 19, 0 10 11 13-15 18 19 34, 0 12 13 15 18 19, 0 15 18 19 35, 0 13 15 18 19}",n/a,n/a,n/a,n/a
729,"LSACalculated: Largest of separate ES, SH, TH counts > combined ES/SH/TH count; people; full report period",Data Error,1,1,LSACalculated,"[htext_long] households in ES/SH/TH: The largest value of the separate CoC-wide ES ({var02}), SH ({var03}), and TH ({var04}) counts of people in [htext_short] [ptext_people_1] served during the current report period is greater than the unduplicated, combined CoC-wide ES/SH/TH count of these people ({var01}). The combined CoC-wide ES/SH/TH count must be at least as large as the largest of the separate CoC-wide ES, SH, and TH counts.","max(var02,var03,var04) > var01",lc_c1_u16_h[h]_p[p]_r53,lc_c1_u11_h[h]_p[p]_r53,lc_c1_u12_h[h]_p[p]_r53,lc_c1_u13_h[h]_p[p]_r53,"var729_1=abs(max(var02,var03,var04) - var01)",,,,,,,,,,,"h{0, 1, 2, 3, 99} .* p{0 13 15 18 19, 0 10 11 13-15 18 19 34, 0 12 13 15 18 19, 0 15 18 19 35, 0 13 15 18 19}",n/a,n/a,n/a,n/a
730,"LSACalculated: Sum of separate ES, SH, TH counts > combined ES/SH/TH count, and this difference is bigger within a particular subpopulation than it is in the overall population; people; full report period",Data Error,1,1,LSACalculated,"[htext_long] households in ES/SH/TH: The sum ({var730_3}) of the separate CoC-wide ES ({var02}), SH ({var03}), and TH ({var04}) counts of people in [ptext_people_1] served during the current report period is greater than the unduplicated, combined CoC-wide ES/SH/TH count of these people ({var01}). Crucially, the level of overlap  (which is the difference between the sum and the unduplicated, combined count) is greater within this sub-population than in the overall population, which is impossible. Even if there were some clients with overlapping enrollments in ES, SH, and/or TH, the overlap among people in a sub-population could not be greater than the overlap among all people. That means there is likely a programming error causing this result.","(sum(var02,var03,var04) > var01) & ((sum(var02,var03,var04) - var01) > (sum(var06,var07,var08) - var05))",lc_c1_u16_h[h]_p[p]_r53,lc_c1_u11_h[h]_p[p]_r53,lc_c1_u12_h[h]_p[p]_r53,lc_c1_u13_h[h]_p[p]_r53,lc_c1_u16_h[h]_p0_r53,lc_c1_u11_h[h]_p0_r53,lc_c1_u12_h[h]_p0_r53,lc_c1_u13_h[h]_p0_r53,"var730_1=abs(np.nansum([var02,var03,var04]) - var01)","var730_2=abs((np.nansum([var02,var03,var04]) - var01) - (np.nansum([var06,var07,var08]) - var05))","var730_3=np.nansum([var02,var03,var04])",,,,,"h{0, 1, 2, 3, 99} .* p{13 15 18 19, 10 11 13-15 18 19 34, 12 13 15 18 19, 15 18 19 35, 13 15 18 19}",n/a,n/a,n/a,n/a
731,"LSACalculated: Sum of separate ES, SH, TH counts < combined ES/SH/TH count; households; quarterly PIT dates",Data Error,1,1,LSACalculated,"[htext_long] households in ES/SH/TH: The sum ({var731_2}) of the separate CoC-wide ES ({var02}), SH ({var03}), and TH ({var04}) counts of [htext_short] [ptext_people_1] served on [ctext] is less than the unduplicated, combined CoC-wide ES/SH/TH count of these households ({var01}).","sum(var02,var03,var04) < var01",lc_c[c]_u16_h[h]_p[p]_r54,lc_c[c]_u11_h[h]_p[p]_r54,lc_c[c]_u12_h[h]_p[p]_r54,lc_c[c]_u13_h[h]_p[p]_r54,"var731_1=abs(np.nansum([var02,var03,var04]) - var01)","var731_2=np.nansum([var02,var03,var04])",,,,,,,,,,"h{0, 1, 2, 3, 99} .* p{0 13 15 18 19, 0 10 11 13-15 18 19 34, 0 12 13 15 18 19, 0 15 18 19 35, 0 13 15 18 19}",c{10-13} .* c{10-13},n/a,n/a,n/a
732,"LSACalculated: Sum of separate ES, SH, TH counts < combined ES/SH/TH count; people; quarterly PIT dates",Data Error,1,1,LSACalculated,"[htext_long] households in ES/SH/TH: The sum({var732_2}) of the separate CoC-wide ES ({var02}), SH ({var03}), and TH counts ({var04}) of people in [htext_short] [ptext_people_1] served on [ctext] is less than the unduplicated, combined CoC-wide ES/SH/TH count of these people ({var01}).","sum(var02,var03,var04) < var01",lc_c[c]_u16_h[h]_p[p]_r53,lc_c[c]_u11_h[h]_p[p]_r53,lc_c[c]_u12_h[h]_p[p]_r53,lc_c[c]_u13_h[h]_p[p]_r53,"var732_1=abs(np.nansum([var02,var03,var04]) - var01)","var732_2=np.nansum([var02,var03,var04])",,,,,,,,,,"h{0, 1, 2, 3, 99} .* p{0 13 15 18 19, 0 10 11 13-15 18 19 34, 0 12 13 15 18 19, 0 15 18 19 35, 0 13 15 18 19}",n/a,c{10-13} .* c{10-13},n/a,n/a
733,"LSACalculated: Sum of separate ES, SH, TH counts of people > combined ES/SH/TH count of people on the quarterly PIT date, and this difference in people on the quarterly PIT date is bigger than the corresponding difference in bed nights during the full report period (CoC level)",Data Error,1,1,LSACalculated,"[htext_long] households in ES/SH/TH: The sum ({var733_3}) of the separate CoC-wide ES ({var02}), SH ({var03}), and TH ({var04}) counts of people in [htext_short] households served on [ctext] is greater than the unduplicated, combined CoC-wide ES/SH/TH count of these people ({var01}). Crucially, the level of overlap  (which is the difference between the sum and the unduplicated, combined count) in the number of people is greater on this particular date than the level of overlap in the number of bed nights over the course of the full report period, which is impossible. Even if there were some clients with overlapping enrollments in ES, SH, and/or TH, the overlap in people on any one date could not be greater than the overlap in bed nights over the full report period (since that one date would be a subset of the full report period). That means there is likely a programming error causing this result.","(sum(var02,var03,var04) > var01) & ((sum(var02,var03,var04) - var01) > (sum(var06,var07,var08) - var05))",lc_c[c]_u16_h[h]_p0_r53,lc_c[c]_u11_h[h]_p0_r53,lc_c[c]_u12_h[h]_p0_r53,lc_c[c]_u13_h[h]_p0_r53,lc_c1_u16_h[h]_p0_r56,lc_c1_u11_h[h]_p0_r56,lc_c1_u12_h[h]_p0_r56,lc_c1_u13_h[h]_p0_r56,"var733_1=abs(np.nansum([var02,var03,var04]) - var01)","var733_2=abs((np.nansum([var02,var03,var04]) - var01) - (np.nansum([var06,var07,var08]) - var05))","var733_3=np.nansum([var02,var03,var04])",,,,,c{10-13} .* c{10-13},n/a,n/a,n/a,n/a
734,"LSACalculated: Sum of separate ES, SH, TH counts > combined ES/SH/TH count, and this difference is bigger within a particular subpopulation than it is in the overall population; people; quarterly PIT dates",Data Error,1,1,LSACalculated,"[htext_long] households in ES/SH/TH: The sum ({var734_3}) of the separate CoC-wide ES ({var02}), SH ({var03}), and TH ({var04}) counts of people in [ptext_people_1] served on [ctext] is greater than the unduplicated, combined CoC-wide ES/SH/TH count of these people ({var01}). Crucially, the level of overlap  (which is the difference between the sum and the unduplicated, combined count) is greater within this sub-population than in the overall population, which is impossible. Even if there were some clients with overlapping enrollments in ES, SH, and/or TH, the overlap among people in a sub-population could not be greater than the overlap among all people. That means there is likely a programming error causing this result.","(sum(var02,var03,var04) > var01) & ((sum(var02,var03,var04) - var01) > (sum(var06,var07,var08) - var05))",lc_c[c]_u16_h[h]_p[p]_r53,lc_c[c]_u11_h[h]_p[p]_r53,lc_c[c]_u12_h[h]_p[p]_r53,lc_c[c]_u13_h[h]_p[p]_r53,lc_c[c]_u16_h[h]_p0_r53,lc_c[c]_u11_h[h]_p0_r53,lc_c[c]_u12_h[h]_p0_r53,lc_c[c]_u13_h[h]_p0_r53,"var734_1=abs(np.nansum([var02,var03,var04]) - var01)","var734_2=abs((np.nansum([var02,var03,var04]) - var01) - (np.nansum([var06,var07,var08]) - var05))","var734_3=np.nansum([var02, var03,var04])",,,,,"h{0, 1, 2, 3, 99} .* p{13 15 18 19, 10 11 13-15 18 19 34, 12 13 15 18 19, 15 18 19 35, 13 15 18 19}",n/a,c{10-13} .* c{10-13},n/a,n/a
735,"LSACalculated: Sum of HHType AO, AC, CO, UN values < all HHs value; bed nights (CoC level)",Data Error,1,1,LSACalculated,"[utext]: The unduplicated total number of bed nights for all households ({var01}), served during the report period in this project type, is greater than the sum ({var735_2}) of bed nights for AO ({var02}), AC ({var03}), CO ({var04}), and UN (unclassifiable) ({var05}) households.","sum(var02,var03[,var04],var05) < var01",lc_c1_u[u]_h0_p0_r56,lc_c1_u[u]_h1_p0_r56,lc_c1_u[u]_h2_p0_r56,lc_c1_u[u]_h3_p0_r56,lc_c1_u[u]_h99_p0_r56,"var735_1=abs(np.nansum([var02,var03,var04,var05]) - var01)","var735_2=np.nansum([var02,var03,var04,var05])",,,,,,,,,n/a,n/a,n/a,n/a,n/a
736,"LSACalculated: Sum of HHType AO, AC, CO, UN values < all HHs value; bed nights (project level)",Data Error,1,1,LSACalculated,"The unduplicated total number of bed nights for all households ({var02}), served during the report period in this project, is greater than the sum ({var736_2}) of bed nights for AO ({var03}), AC ({var04}), CO ({var05}), and UN (unclassifiable) ({var06}) households.","sum(var03,var04[,var05],var06) < var02",projectid,lc_c1_u10_h0_p0_r56,lc_c1_u10_h1_p0_r56,lc_c1_u10_h2_p0_r56,lc_c1_u10_h3_p0_r56,lc_c1_u10_h99_p0_r56,projectname,"var736_1=abs(np.nansum([var03,var04,var05,var06])- var02)","var736_2=np.nansum([var03,var04,var05,var06])",,,,,,,n/a,n/a,n/a,n/a,n/a
737,"LSACalculated: Sum of HHType AO, AC, CO, UN values > all HHs value; bed nights; overall population (CoC level)",Data Error,1,0,LSACalculated,"[utext]: The unduplicated total number of bed nights ({var01}) for people served in this project type during the current report period is less than the sum of bed nights for these people ({var737_2}) reported for AO ({var02}), AC ({var03}), CO ({var04}), and UN ({var05}) (unclassifiable). We expect the sum and the unduplicated total count to be equal. Here, the sum is significantly greater than the unduplicated count. This could point to a programming error or that people were not exited properly in HMIS and had erroneously overlapping enrollments, meaning they were enrolled in two [utext] projects at the same time and while in different household types.","(sum(var02,var03,var04,var05) - var01)/var01 >= .01",lc_c1_u[u]_h0_p0_r56,lc_c1_u[u]_h1_p0_r56,lc_c1_u[u]_h2_p0_r56,lc_c1_u[u]_h3_p0_r56,lc_c1_u[u]_h99_p0_r56,"var737_1=abs(np.nansum([var02,var03,var04,var05]) - var01)","var737_2=np.nansum([var02,var03,var04,var05])",,,,,,,,,u{11-13 15 16} .* u{11-13 15 16},n/a,n/a,n/a,n/a
739,"LSACalculated: Sum of HHType AO, AC, CO, UN values > all HHs value; bed nights; overall population (project level)",Data Error,1,0,LSACalculated,"The unduplicated total number of bed nights ({var02}) for people served in {projectname} during the current report period is less than the sum of bed nights for these people ({var739_2}) reported for AO ({var03}), AC ({var04}), CO ({var05}), and UN ({var06}) (unclassifiable). We expect the sum and the unduplicated total count to be equal. Here, the sum is significantly greater than the unduplicated count. This could point to a programming error or that people were not exited properly in HMIS and had overlapping enrollments in this project, meaning the clients were enrolled multiple times without first exiting their previous enrollment(s) in this project.","(sum(var03,var04,var05,var06) - var02)/var02 >= .01",projectid,lc_c1_u10_h0_p0_r56,lc_c1_u10_h1_p0_r56,lc_c1_u10_h2_p0_r56,lc_c1_u10_h3_p0_r56,lc_c1_u10_h99_p0_r56,projectname,"var739_1=abs(np.nansum([var03,var04,var05,var06]) - var02)","var739_2=np.nansum([var03,var04,var05,var06])",,,,,,,n/a,n/a,n/a,n/a,n/a
740,"LSACalculated: Sum of HHType AO, AC, CO, UN values > all HHs value, and this difference is bigger within a particular subpopulation than it is in the overall population; bed nights (CoC level)",Data Error,1,1,LSACalculated,"[utext]: The unduplicated total number of bed nights for all people in [ptext_people_1] households ({var740_3}), served during the report period in this project type, is less than the sum of bed nights for people of the same population in AO ({var02}), AC ({var03}), CO ({var04}), and UN ({var05}) (unclassifiable) households. Crucially, the difference between the sum and the unduplicated count is greater within this sub-population than in the overall population, which is impossible. Even if some clients were enrolled in multiple [utext] projects at the same time and in different household types, the overlap in bed nights among people in a sub-population could not be greater than the overlap in bed nights among all people. A programming error in your LSA report could be causing this result.","(sum(var02,var03[,var04],var05) > var01) & ((sum(var02,var03[,var04],var05) - var01) > (sum(var07,var08,var09,var10) - var06))",lc_c1_u[u]_h0_p[p]_r57,lc_c1_u[u]_h1_p[p]_r57,lc_c1_u[u]_h2_p[p]_r57,lc_c1_u[u]_h3_p[p]_r57,lc_c1_u[u]_h99_p[p]_r57,lc_c1_u[u]_h0_p0_r56,lc_c1_u[u]_h1_p0_r56,lc_c1_u[u]_h2_p0_r56,lc_c1_u[u]_h3_p0_r56,lc_c1_u[u]_h99_p0_r56,"var740_1=abs((np.nansum([var02,var03,var04,var05]) - var01))","var740_2=abs((np.nansum([var02,var03,var04,var05]) - var01) - (np.nansum([var07,var08,var09,var10]) - var06))","var740_3=np.nansum([var02,var03,var04,var05])",,,p{50 53} .* p{50 53},n/a,n/a,n/a,n/a
741,"LSACalculated: Sum of HHType AO, AC, CO, UN values > all HHs value, and this difference is bigger within a particular subpopulation than it is in the overall population; bed nights (project level)",Data Error,1,1,LSACalculated,"The unduplicated total number of bed nights for all people [ptext_people_1] households ({var741_3}), served during the report period in {projectname}, is less than the sum of bed nights for people of the same population in AO ({var03}), AC ({var04}), CO ({var05}), and UN ({var06}) (unclassifiable) households. Crucially, the difference between the sum and the unduplicated count is greater within this sub-population than in the overall population, which is impossible. Even if some clients had overlapping enrollments in this project while in different household types, the overlap in bed nights among people in a sub-population could not be greater than the overlap in bed nights among all people. A programming error in your LSA report could be causing this result.","(sum(var03,var04[,var05],var06) > var02) & ((sum(var03,var04[,var05],var06) - var02) > (sum(var08,var09,var10,var11) - var07))",projectid,lc_c1_u10_h0_p[p]_r57,lc_c1_u10_h1_p[p]_r57,lc_c1_u10_h2_p[p]_r57,lc_c1_u10_h3_p[p]_r57,lc_c1_u10_h99_p[p]_r57,lc_c1_u10_h0_p0_r56,lc_c1_u10_h1_p0_r56,lc_c1_u10_h2_p0_r56,lc_c1_u10_h3_p0_r56,lc_c1_u10_h99_p0_r56,projectname,"var741_1=abs(np.nansum([var03,var04,var05,var06]) - var02)","var741_2=abs((np.nansum([var03,var04,var05,var06]) - var02) - (np.nansum([var08,var09,var10,var11]) - var07))","var741_3=np.nansum([var03,var04,var05,var06])",p{50 53} .* p{50 53},n/a,n/a,n/a,n/a
742,"LSACalculated: Sum of HHType AO, AC, CO, UN values does not equal all HHs value; households; full report period (CoC level)",Data Error,1,1,LSACalculated,"[utext]: The total number of all [ptext_people_1] ({var01}), served during the report period in this project type, does not equal the sum of these households ({var742_2}) reported for AO ({var02}), AC ({var03}), CO ({var04}), and UN ({var05}) (unclassifiable). Note that this is a count of households, not people. Overlaps in household types (where people were served in multiple household types at different points in time over the course of the report period) do not apply here. This is because heads of household served in different household types are counted as separate households. That is why this comparison is based on a sum.","abs(sum(var02,var03[,var04],var05) - var01)/var01 >= .01",lc_c1_u[u]_h0_p[p]_r54,lc_c1_u[u]_h1_p[p]_r54,lc_c1_u[u]_h2_p[p]_r54,lc_c1_u[u]_h3_p[p]_r54,lc_c1_u[u]_h99_p[p]_r54,"var742_1=abs(np.nansum([var02,var03,var04,var05]) - var01)","var742_2=np.nansum([var02,var03,var04,var05])",,,,,,,,,p{0 13 15 18 19} .* p{0 13 15 18 19},n/a,n/a,n/a,n/a
743,"LSACalculated: Sum of HHType AO, AC, CO, UN values does not equal all HHs value; households; full report period (project level)",Data Error,1,1,LSACalculated,"The total number of all [ptext_people_1] ({var02}), served during the report period in {projectname}, does not equal the sum of these households ({var743_2}) reported for AO ({var03}), AC ({var04}), CO ({var05}), and UN ({var06}) (unclassifiable). Note that this is a count of households, not people. Overlaps in household types (where people served in multiple household types at different points in time over the course of the report period) do not apply here since heads of household served in different household types are counted as separate households. That is why this comparison is based on a sum.","abs(sum(var03,var04[,var05],var06) - var02)/var02 >= .01",projectid,lc_c1_u10_h0_p[p]_r54,lc_c1_u10_h1_p[p]_r54,lc_c1_u10_h2_p[p]_r54,lc_c1_u10_h3_p[p]_r54,lc_c1_u10_h99_p[p]_r54,projectname,"var743_1=abs(np.nansum([var03,var04,var05,var06]) - var02)","var743_2=np.nansum([var03,var04,var05,var06])",,,,,,,p{0 13 15 18 19} .* p{0 13 15 18 19},n/a,n/a,n/a,n/a
744,"LSACalculated: Max of HHType AO, AC, CO, UN values > all HHs value; people; full report period (CoC level)",Data Error,1,1,LSACalculated,"[utext]: The total number of people in [ptext_people_1], served ({var01}) in this project type during the current report period is less than the largest number of these people reported for AO ({var02}), AC ({var03}), CO ({var04}), and UN ({var05}) (unclassifiable). People can be served in multiple household types at different points in time over the course of the report period, but the ALL household type value must be at least as large as the largest AO, AC, CO, or UN value.","max([var02,]var03[,var04],var05) > var01",lc_c1_u[u]_h0_p[p]_r53,lc_c1_u[u]_h1_p[p]_r53,lc_c1_u[u]_h2_p[p]_r53,lc_c1_u[u]_h3_p[p]_r53,lc_c1_u[u]_h99_p[p]_r53,"var744_1=abs(max(var02,var03,var04,var05) - var01)",,,,,,,,,,p{0 13 15 18 19} .* p{0 13 15 18 19},n/a,n/a,n/a,n/a
745,"LSACalculated: Max of HHType AO, AC, CO, UN values > all HHs value; people; full report period (project level)",Data Error,1,1,LSACalculated,"The total number of people in [ptext_people_1], served ({var02}) in {projectname} during the current report period is less than the largest number of these people reported for AO ({var03}), AC ({var04}), CO ({var05}), and UN ({var06}) (unclassifiable). People can be served in multiple household types at different points in time over the course of the report period, but the ALL household type value must be at least as large as the largest AO, AC, CO, or UN value.","max(var03,var04[,var05],var06) > var02",projectid,lc_c1_u10_h0_p[p]_r53,lc_c1_u10_h1_p[p]_r53,lc_c1_u10_h2_p[p]_r53,lc_c1_u10_h3_p[p]_r53,lc_c1_u10_h99_p[p]_r53,projectname,"var745_1=abs(max(var03,var04,var05,var06) - var02)",,,,,,,,p{0 13 15 18 19} .* p{0 13 15 18 19},n/a,n/a,n/a,n/a
746,"LSACalculated: Sum of HHType AO, AC, CO, UN values < all HHs value; people; full report period (CoC level)",Data Error,1,1,LSACalculated,"[utext]: The total number of people in [ptext_people_1] ({var01}), served in this project type during the current report period, is greater than the sum of these people ({var746_2}) reported for [AO,] AC, [CO,] and UN (unclassifiable).","sum([var02,]var03[,var04],var05) < var01",lc_c1_u[u]_h0_p[p]_r53,lc_c1_u[u]_h1_p[p]_r53,lc_c1_u[u]_h2_p[p]_r53,lc_c1_u[u]_h3_p[p]_r53,lc_c1_u[u]_h99_p[p]_r53,"var746_1=abs(np.nansum([var02,var03,var04,var05]) - var01)","var746_2=np.nansum([var02,var03,var04,var05])",,,,,,,,,p{0 13 15 18 19} .* p{0 13 15 18 19},n/a,n/a,n/a,n/a
747,"LSACalculated: Sum of HHType AO, AC, CO, UN values < all HHs value; people; full report period (project level)",Data Error,1,1,LSACalculated,"The total number of people in [ptext_people_1] ({var02}), served in {projectname} during the current report period, is greater than the sum of these people ({var747_2}) reported for AO, AC, [CO,] and UN (unclassifiable).","sum(var03,var04[,var05],var06) < var02",projectid,lc_c1_u10_h0_p[p]_r53,lc_c1_u10_h1_p[p]_r53,lc_c1_u10_h2_p[p]_r53,lc_c1_u10_h3_p[p]_r53,lc_c1_u10_h99_p[p]_r53,projectname,"var747_1=abs(np.nansum([var03,var04,var05,var06]) - var02)","var747_2=np.nansum([var03,var04,var05,var06])",,,,,,,p{0 13 15 18 19} .* p{0 13 15 18 19},n/a,n/a,n/a,n/a
748,"LSACalculated: Sum of HHType AO, AC, CO, UN values does not equal all HHs value; households; quarterly PIT dates (CoC level)",Data Error,1,1,LSACalculated,"[utext]: The total number of all [ptext_people_1] ({var01}), served in this project type on [ctext], does not equal the sum of these households ({var748_1}) reported for AO, AC, [CO,] and UN (unclassifiable).","abs(sum(var02,var03[,var04],var05) - var01)/var01 >= .01",lc_c[c]_u[u]_h0_p[p]_r54,lc_c[c]_u[u]_h1_p[p]_r54,lc_c[c]_u[u]_h2_p[p]_r54,lc_c[c]_u[u]_h3_p[p]_r54,lc_c[c]_u[u]_h99_p[p]_r54,"var748_1=np.nansum([var02,var03,var04,var05])","var748_2=abs(np.nansum([var02,var03,var04,var05]) - var01)",,,,,,,,,p{0 13 15 18 19} .* p{0 13 15 18 19},c{10-13} .* c{10-13},n/a,n/a,n/a
749,"LSACalculated: Sum of HHType AO, AC, CO, UN values does not equal all HHs value; households; quarterly PIT dates (project level)",Data Error,1,1,LSACalculated,"The total number of all [ptext_people_1] ({var02}), served in {projectname} on [ctext], does not equal the sum of these households ({var749_1}) reported for AO, AC, [CO,] and UN (unclassifiable).","abs(sum(var03,var04[,var05],var06) - var02)/var02 >= .01",projectid,lc_c[c]_u10_h0_p[p]_r54,lc_c[c]_u10_h1_p[p]_r54,lc_c[c]_u10_h2_p[p]_r54,lc_c[c]_u10_h3_p[p]_r54,lc_c[c]_u10_h99_p[p]_r54,projectname,"var749_1=np.nansum([var03,var04,var05,var06])","var749_2=abs(np.nansum([var03,var04,var05,var06]) - var02)",,,,,,,p{0 13 15 18 19} .* p{0 13 15 18 19},c{10-13} .* c{10-13},n/a,n/a,n/a
750,"LSACalculated: Sum of HHType AO, AC, CO, UN values > all HHs value, and this difference is bigger within a particular subpopulation than it is in the overall population; people; quarterly PIT dates (CoC level)",Data Error,1,1,LSACalculated,"[utext]: The unduplicated total number of people in [ptext_people_1], served ({var01}) in this project type on [ctext], is less than the sum of these people ({var750_3}) reported for AO ({var02}), AC ({var03}), CO ({var04}), and UN ({var05}) (unclassifiable). Crucially, the difference between the sum and the unduplicated count is greater within this sub-population than in the overall population, which is impossible. Even if there were some clients with overlapping enrollments in multiple [utext] projects while in different household types, the overlap among people in a sub-population could not be greater than the overlap among all people. A programming error in your LSA report could be causing this result.","(sum([var02,]var03[,var04],var05) > var01) & ((sum([var02,]var03[,var04],var05) - var01) > (sum(var07,var08,var09,var10) - var06))",lc_c[c]_u[u]_h0_p[p]_r53,lc_c[c]_u[u]_h1_p[p]_r53,lc_c[c]_u[u]_h2_p[p]_r53,lc_c[c]_u[u]_h3_p[p]_r53,lc_c[c]_u[u]_h99_p[p]_r53,lc_c[c]_u[u]_h0_p0_r53,lc_c[c]_u[u]_h1_p0_r53,lc_c[c]_u[u]_h2_p0_r53,lc_c[c]_u[u]_h3_p0_r53,lc_c[c]_u[u]_h99_p0_r53,"var750_1=abs(np.nansum([var02,var03,var04,var05]) - var01)","var750_2=abs((np.nansum([var02,var03,var04,var05]) - var01) - (np.nansum([var07,var08,var09,var10]) - var06))","var750_3=np.nansum([var02,var03,var04,var05])",,,p{13 15 18 19} .* p{13 15 18 19},c{10-13} .* c{10-13},n/a,n/a,n/a
751,"LSACalculated: Sum of HHType AO, AC, CO, UN values > all HHs value, and this difference is bigger within a particular subpopulation than it is in the overall population; people; quarterly PIT dates (project level)",Data Error,1,1,LSACalculated,"The unduplicated total number of people in [ptext_people_1] ({var02}), served in {projectname} on [ctext], is less than the sum of these people ({var751_3}) reported for AO ({var03}), AC ({var04}), CO ({var05}), and UN ({var06}) (unclassifiable). Crucially, the difference between the sum and the unduplicated count is greater within this sub-population than in the overall population, which is impossible. Even if there were some clients with overlapping enrollments in this project in different household types, the overlap among people in a sub-population could not be greater than the overlap among all people. A programming error in your LSA report could be causing this result.","(sum(var03,var04[,var05],var06) > var02) & ((sum(var03,var04[,var05],var06) - var02) > (sum(var08,var09,var10,var11) - var07))",projectid,lc_c[c]_u10_h0_p[p]_r53,lc_c[c]_u10_h1_p[p]_r53,lc_c[c]_u10_h2_p[p]_r53,lc_c[c]_u10_h3_p[p]_r53,lc_c[c]_u10_h99_p[p]_r53,lc_c[c]_u10_h0_p0_r53,lc_c[c]_u10_h1_p0_r53,lc_c[c]_u10_h2_p0_r53,lc_c[c]_u10_h3_p0_r53,lc_c[c]_u10_h99_p0_r53,projectname,"var751_1=abs(np.nansum([var03,var04,var05,var06])- var02)","var751_2=abs((np.nansum([var03,var04,var05,var06]) - var02) - (np.nansum([var08,var09,var10,var11]) - var07))","var751_3=np.nansum([var03,var04,var05,var06])",p{13 15 18 19} .* p{13 15 18 19},c{10-13} .* c{10-13},n/a,n/a,n/a
752,"LSACalculated: Sum of HHType AO, AC, CO, UN values < all HHs value; people; quarterly PIT dates (CoC level)",Data Error,1,1,LSACalculated,"[utext]: The total number of people in [ptext_people_1] ({var01}), served in this project type on [ctext], is greater than the sum of these people ({var752_2}) reported for [AO,] AC, [CO,] and UN (unclassifiable).","sum([var02,]var03[,var04],var05) < var01",lc_c[c]_u[u]_h0_p[p]_r53,lc_c[c]_u[u]_h1_p[p]_r53,lc_c[c]_u[u]_h2_p[p]_r53,lc_c[c]_u[u]_h3_p[p]_r53,lc_c[c]_u[u]_h99_p[p]_r53,"var752_1=abs(np.nansum([var02,var03,var04,var05]) - var01)","var752_2=np.nansum([var02,var03,var04,var05])",,,,,,,,,p{0 13 15 18 19} .* p{0 13 15 18 19},c{10-13} .* c{10-13},n/a,n/a,n/a
753,"LSACalculated: Sum of HHType AO, AC, CO, UN values < all HHs value; people; quarterly PIT dates (project level)",Data Error,1,1,LSACalculated,"The total number of people in [ptext_people_1] ({var02}), served in ({projectname}) on [ctext], is greater than the sum of these people ({var753_2}) reported for AO, AC, [CO,] and UN (unclassifiable).","sum(var03,var04[,var05],var06) < var02",projectid,lc_c[c]_u10_h0_p[p]_r53,lc_c[c]_u10_h1_p[p]_r53,lc_c[c]_u10_h2_p[p]_r53,lc_c[c]_u10_h3_p[p]_r53,lc_c[c]_u10_h99_p[p]_r53,projectname,"var753_1=abs(np.nansum([var03,var04,var05,var06]) - var02)","var753_2=np.nansum([var03,var04,var05,var06])",,,,,,,p{0 13 15 18 19} .* p{0 13 15 18 19},c{10-13} .* c{10-13},n/a,n/a,n/a
754,"LSACalculated: Sum of HHType AO, AC, CO, UN counts of people > all HHs count of people on the quarterly PIT date, and this difference in people on the quarterly PIT date is bigger than the corresponding difference in bed nights during the full report period; overall population (project level)",Data Error,1,1,LSACalculated,"The unduplicated total number of people served ({var02}) in {projectname}, on [ctext], is less than the sum of these people ({var754_3}) reported for AO ({var03}), AC ({var04}), CO ({var05}), and UN ({var06}) (unclassifiable). Crucially, the difference between the sum and the unduplicated count in the number of people is greater on this date than the level of overlap in the number of bed nights over the course of the full report period, which is impossible. Even if some clients had multiple overlapping enrollments in this project while in different household types, the overlap in people on any one date could not be greater than the overlap in bed nights over the full report period (since that one date would be a subset of the full report period). A programming error in your LSA report could be causing this result.","(sum(var03,var04,var05,var06) > var02) & ((sum(var03,var04,var05,var06) - var02) > (sum(var08,var09,var10,var11) - var07))",projectid,lc_c[c]_u10_h0_p0_r53,lc_c[c]_u10_h1_p0_r53,lc_c[c]_u10_h2_p0_r53,lc_c[c]_u10_h3_p0_r53,lc_c[c]_u10_h99_p0_r53,lc_c1_u10_h0_p0_r56,lc_c1_u10_h1_p0_r56,lc_c1_u10_h2_p0_r56,lc_c1_u10_h3_p0_r56,lc_c1_u10_h99_p0_r56,projectname,"var754_1=abs(np.nansum([var03,var04,var05,var06]) - var02)","var754_2=abs((np.nansum([var03,var04,var05,var06]) - var02) - (np.nansum([var08,var09,var10,var11]) - var07))","var754_3=np.nansum([var03,var04,var05,var06])",c{10-13} .* c{10-13},n/a,n/a,n/a,n/a
755,"LSACalculated: Sum of HHType AO, AC, CO, UN counts of people > all HHs count of people on the quarterly PIT date, and this difference in people on the quarterly PIT date is bigger than the corresponding difference in bed nights during the full report period; overall population (CoC level)",Data Error,1,1,LSACalculated,"[utext]: The unduplicated total number of people served ({var01}) in this project type, on [ctext], is less than the sum of these people ({var755_3}) reported for AO ({var02}), AC ({var03}), CO ({var04}), and UN ({var05}) (unclassifiable). Crucially, the difference between the sum and the unduplicated count in the number of people is greater on this date than the level of overlap in the number of bed nights over the course of the full report period, which is impossible. Even if there were some clients with overlapping enrollments in multiple [utext] projects, while in different household types, the overlap in people on any one date could not be greater than the overlap in bed nights over the full report period (since that one date would be a subset of the full report period). A programming error in your LSA report could be causing this result.","(sum(var02,var03,var04,var05) > var01) & ((sum(var02,var03,var04,var05) - var01) > (sum(var07,var08,var09,var10) - var06))",lc_c[c]_u[u]_h0_p0_r53,lc_c[c]_u[u]_h1_p0_r53,lc_c[c]_u[u]_h2_p0_r53,lc_c[c]_u[u]_h3_p0_r53,lc_c[c]_u[u]_h99_p0_r53,lc_c1_u[u]_h0_p0_r56,lc_c1_u[u]_h1_p0_r56,lc_c1_u[u]_h2_p0_r56,lc_c1_u[u]_h3_p0_r56,lc_c1_u[u]_h99_p0_r56,"var755_1=abs(np.nansum([var02,var03,var04,var05]) - var01)","var755_2=abs((np.nansum([var02,var03,var04,var05]) - var01) - (np.nansum([var07,var08,var09,var10]) - var06))","var755_3=np.nansum([var02,var03,var04,var05])",,,c{10-13} .* c{10-13},n/a,n/a,n/a,n/a
757,"LSACalculated: Project-level sum < CoC total, by project type; bed nights",Data Error,1,1,LSACalculated,[htext_long] households in [utext]: The sum of the project-level counts of bed nights among all [utext] projects ({var01}) is less than the unduplicated CoC-wide [utext] count of bed nights for the following: [ptext_people_1] served during the current report period ({var02}).,var01 < var02,lc_c1_u10_h[h]_p[p]_r56_sm_[uuu],lc_c1_u[u]_h[h]_p[p]_r56,var757_1=abs(var01 - var02),,,,,,,,,,,,,"h{0, 1, 2, 3, 99} .* p{0, 0 10 11, 0, 0, 0}",n/a,n/a,n/a,n/a
758,"LSACalculated: Project-level sum > CoC total, by project type; bed nights; overall population",Data Error,1,0,LSACalculated,"All households in [utext]: The sum of the project-level counts of bed nights among all [utext] projects is greater than the unduplicated CoC-wide [utext] count of bed nights for all people served during the current report period. We expect the sum and the unduplicated count to be equal. Here, the sum is significantly greater than the unduplicated count. If the sum is greater than the unduplicated count, that could indicate either a potential programming error with your LSA Report or that people were not exited properly in HMIS and had overlapping enrollments, meaning they were enrolled in multiple [utext] projects simultaneously.",(var02 == 0 & var01 > 0) | (var01 ~= var02 & (var01 - var02)/var02 >= .01),lc_c1_u10_h0_p0_r56_sm_[uuu],lc_c1_u[u]_h0_p0_r56,var758_1=abs((var01 - var02) - var02),,,,,,,,,,,,,u{11-13 15 16} .* u{11-13 15 16},n/a,n/a,n/a,n/a
760,"LSACalculated: Project-level sum > CoC total, by project type, and this difference is bigger within a particular household type than it is among all households; bed nights; overall population",Data Error,1,1,LSACalculated,"[htext_long] households in [utext]: The sum of the project-level counts of bed nights among all [utext] projects is greater than the unduplicated CoC-wide [utext] count of bed nights for the following: people in [htext_short] households served during the current report period. Crucially, the difference between the sum and the unduplicated count is greater among [htext_short] households than among all households, which is impossible. Even if there were some clients with overlapping enrollments in multiple [utext] projects, the overlap among [htext_short] households could not be greater than the overlap among all households. A programming error in your LSA report could be causing this result.",(var01 > var02) & ((var01 - var02) > (var03 - var04)),lc_c1_u10_h[h]_p0_r56_sm_[uuu],lc_c1_u[u]_h[h]_p0_r56,lc_c1_u10_h0_p0_r56_sm_[uuu],lc_c1_u[u]_h0_p0_r56,var760_1=abs(var01 - var02),var760_2=abs((var01 - var02) - (var03 - var04)),,,,,,,,,,"h{1, 2, 3, 99} .* h{1, 2, 3, 99}",n/a,n/a,n/a,n/a
761,"LSACalculated: Project-level sum > CoC total, by project type, and this difference is bigger within a particular subpopulation than it is in the overall population; bed nights",Data Error,1,1,LSACalculated,"[htext_long] households in [utext]: The sum of the project-level counts of bed nights among all [utext] projects is greater than the unduplicated CoC-wide [utext] count of bed nights for the following sub-population: [ptext_people_1] served during the current report period. Crucially, the difference between the sum and the unduplicated count is greater within this sub-population than in the overall population, which is impossible. Even if there were some clients with overlapping enrollments in [utext] projects, the overlap in bed nights among people in a sub-population could not be greater than the overlap in bed nights among all people. A programming error in your LSA report could be causing this result.",(var01 > var02) & ((var01 - var02) > (var03 - var04)),lc_c1_u10_h1_p[p]_r56_sm_[uuu],lc_c1_u[u]_h1_p[p]_r56,lc_c1_u10_h1_p0_r56_sm_[uuu],lc_c1_u[u]_h1_p0_r56,var761_1=abs(var01 - var02),var761_2=abs((var01 - var02) - (var03 - var04)),,,,,,,,,,p{10 11} .* p{10 11},n/a,n/a,n/a,n/a
762,"LSACalculated: Largest project-level count > CoC total, by project type; households; full report period",Data Error,1,1,LSACalculated,[htext_long] households in [utext]: The largest project-level count among all [utext] projects ({var01}) is greater than the unduplicated CoC-wide [utext] count for the following: [ptext_people_1] served during the current report period ({var02}). The CoC-wide count must be at least as large as the largest project-level count.,var01 > var02,lc_c1_u10_h[h]_p[p]_r54_mx_[uuu],lc_c1_u[u]_h[h]_p[p]_r54,var762_1=abs(var01 - var02),,,,,,,,,,,,,"h{0, 1, 2, 3, 99} .* p{0 13 15 18 19, 0 10 11 13-15 18 19 34, 0 12 13 15 18 19, 0 15 18 19 35, 0 13 15 18 19}",n/a,n/a,n/a,n/a
763,"LSACalculated: Project-level sum < CoC total, by project type; households; full report period",Data Error,1,1,LSACalculated,[htext_long] households in [utext]: The sum of the project-level counts among all [utext] projects ({var01}) is less than the unduplicated CoC-wide [utext] count for the following: [ptext_people_1] served during the current report period ({var02}). The sum of the project-level counts cannot be lower than the CoC-wide count.,var01 < var02,lc_c1_u10_h[h]_p[p]_r54_sm_[uuu],lc_c1_u[u]_h[h]_p[p]_r54,var763_1=abs(var01 - var02),,,,,,,,,,,,,"h{0, 1, 2, 3, 99} .* p{0 13 15 18 19, 0 10 11 13-15 18 19 34, 0 12 13 15 18 19, 0 15 18 19 35, 0 13 15 18 19}",n/a,n/a,n/a,n/a
764,"LSACalculated: Project-level sum > CoC total, by project type, and this difference is bigger within a particular subpopulation than it is in the overall population; households; full report period",Data Error,1,1,LSACalculated,"[htext_long] households in [utext]: The sum of the project-level counts of households among all [utext] projects ({var01}) is greater than the unduplicated CoC-wide [utext] count of households for the following: [htext_short] [ptext_people_1] served during the current report period ({var02}). And, crucially, the level of overlap (i.e., the difference between the sum and the unduplicated count) is greater within this sub-population ({var764_1}) than in the overall population ({var764_3}), which is impossible. Even if there were some heads of households simultaneously enrolled in multiple [utext] projects, the overlap among households in a sub-population could not be greater than the overlap among all households. That means there is likely a programming error causing this result.",(var01 > var02) & ((var01 - var02) > (var03 - var04)),lc_c1_u10_h[h]_p[p]_r54_sm_[uuu],lc_c1_u[u]_h[h]_p[p]_r54,lc_c1_u10_h[h]_p0_r54_sm_[uuu],lc_c1_u[u]_h[h]_p0_r54,var764_1=abs(var01 - var02),var764_2=abs((var01 - var02) - (var03 - var04)),var764_3=abs(var03 - var04),,,,,,,,,"h{0, 1, 2, 3, 99} .* p{13 15 18 19, 10 11 13-15 18 19 34, 12 13 15 18 19, 15 18 19 35, 13 15 18 19}",n/a,n/a,n/a,n/a
765,"LSACalculated: Largest project-level count > CoC total, by project type; people; full report period",Data Error,1,1,LSACalculated,[htext_long] households in [utext]: The largest project-level count ({var01}) among all [utext] projects is greater than the unduplicated CoC-wide [utext] count ({var02}) for the following: people in [ptext_people_1] served during the current report period. The CoC-wide count must be at least as large as the largest project-level count.,var01 > var02,lc_c1_u10_h[h]_p[p]_r53_mx_[uuu],lc_c1_u[u]_h[h]_p[p]_r53,var765_1=abs(var01 - var02),,,,,,,,,,,,,"h{0, 1, 2, 3, 99} .* p{0 13 15 18 19, 0 10 11 13-15 18 19 34, 0 12 13 15 18 19, 0 15 18 19 35, 0 13 15 18 19}",n/a,n/a,n/a,n/a
766,"LSACalculated: Project-level sum < CoC total, by project type; people; full report period",Data Error,1,1,LSACalculated,[htext_long] households in [utext]: The sum of the project-level counts ({var01}) among all [utext] projects is less than the unduplicated CoC-wide [utext] count ({var02}) for the following: people in [ptext_people_1] served [on/during ctext]. The sum of the project-level counts cannot be lower than the CoC-wide count.,var01 < var02,lc_c1_u10_h[h]_p[p]_r53_sm_[uuu],lc_c1_u[u]_h[h]_p[p]_r53,var766_1=abs(var01 - var02),,,,,,,,,,,,,"h{0, 1, 2, 3, 99} .* p{0 13 15 18 19, 0 10 11 13-15 18 19 34, 0 12 13 15 18 19, 0 15 18 19 35, 0 13 15 18 19}",n/a,n/a,n/a,n/a
767,"LSACalculated: Project-level sum > CoC total * # of projects, by project type; people; full report period",Data Error,1,1,LSACalculated,"[htext_long] households in [utext]: The sum ({var01}) of the project-level counts among all [utext] projects is greater than the unduplicated CoC-wide [utext] count ({var767_2}) for the following population: people in [ptext_people_1] served during the current report period. It is possible for the sum of the project-level counts to be greater than the CoC-wide count if people were served in multiple projects during the period. However, in this case, the sum of the project-level counts is greater than the largest possible value it could be. That largest possible value is equal to the CoC-wide value multiplied by the number of projects (of this project type) serving any of these people. (For instance, if the CoC-wide count for this project type was 20, and if there were 4 projects of this type that served at least one of these people, then the largest possible value for the sum of the project-level counts would be 20*4=80 since those 20 people could have been served in each of the 4 projects.)",var01 > (var02 * var03),lc_c1_u10_h[h]_p[p]_r53_sm_[uuu],lc_c1_u[u]_h[h]_p[p]_r53,lc_c1_u10_h[h]_p[p]_r53_x_sm_[uuu],var767_1=abs(var01 - (var02 * var03)),var767_2=abs(var02 * var03),,,,,,,,,,,"h{0, 1, 2, 3, 99} .* p{0 13 15 18 19, 0 10 11 13-15 18 19 34, 0 12 13 15 18 19, 0 15 18 19 35, 0 13 15 18 19}",n/a,n/a,n/a,n/a
768,"LSACalculated: Project-level sum > CoC total, by project type, and this difference is bigger within a particular subpopulation than it is in the overall population; people; full report period",Data Error,1,1,LSACalculated,"[htext_long] households in [utext]: The sum of the project-level counts of people among all [utext] projects is greater than the unduplicated CoC-wide [utext] count of people for the following population: people in [htext_short] [ptext_people_1] served during the current report period. It is possible for the sum of the project-level counts to be greater than the CoC-wide count if people were served in multiple projects during the period. However, the level of overlap (which is the difference between the sum and the unduplicated count) is greater within this sub-population than in the overall population, which is impossible. Even if there were clients enrolled in multiple [utext] projects over the course of the reporting period, the overlap among people in a sub-population could not be greater than the overlap among all people. You may need vendor assistance to resolve this error.",(var01 > var02) & ((var01 - var02) > (var03 - var04)),lc_c1_u10_h[h]_p[p]_r53_sm_[uuu],lc_c1_u[u]_h[h]_p[p]_r53,lc_c1_u10_h[h]_p0_r53_sm_[uuu],lc_c1_u[u]_h[h]_p0_r53,var768_1=abs(var01 - var02),var768_2=abs((var01 - var02) - (var03 - var04)),,,,,,,,,,"h{0, 1, 2, 3, 99} .* p{13 15 18 19, 10 11 13-15 18 19 34, 12 13 15 18 19, 15 18 19 35, 13 15 18 19}",n/a,n/a,n/a,n/a
769,"LSACalculated: Project-level sum < CoC total, by project type; households; quarterly PIT dates",Data Error,1,1,LSACalculated,[htext_long] households in [utext]: The sum ({var01}) of the project-level counts of households among all [utext] projects is less than the unduplicated CoC-wide [utext] count ({var02}) of households for the following population: [htext_short] [ptext_people_1] served on [ctext]. The sum of the project-level counts cannot be lower than the CoC-wide count.,var01 < var02,lc_c[c]_u10_h[h]_p[p]_r54_sm_[uuu],lc_c[c]_u[u]_h[h]_p[p]_r54,var769_1=abs(var01 - var02),,,,,,,,,,,,,"h{0, 1, 2, 3, 99} .* p{0 13 15 18 19, 0 10 11 13-15 18 19 34, 0 12 13 15 18 19, 0 15 18 19 35, 0 13 15 18 19}",n/a,c{10-13} .* c{10-13},n/a,n/a
770,"LSACalculated: Project-level sum < CoC total, by project type; people; quarterly PIT dates",Data Error,1,1,LSACalculated,[htext_long] households in [utext]: The sum ({var01}) of the project-level counts of people among all [utext] projects is less than the unduplicated CoC-wide [utext] count ({var02}) of people for the following population: people in [ptext_people_1] served on [ctext]. The sum of the project-level counts cannot be lower than the CoC-wide count.,var01 < var02,lc_c[c]_u10_h[h]_p[p]_r53_sm_[uuu],lc_c[c]_u[u]_h[h]_p[p]_r53,var770_1=abs(var01 - var02),,,,,,,,,,,,,"h{0, 1, 2, 3, 99} .* p{0 13 15 18 19, 0 10 11 13-15 18 19 34, 0 12 13 15 18 19, 0 15 18 19 35, 0 13 15 18 19}",n/a,c{10-13} .* c{10-13},n/a,n/a
771,"LSACalculated: Project-level sum of people > CoC total on the quarterly PIT date, by project type, and this difference in people on the quarterly PIT date is bigger than the corresponding difference in bed nights during the full report period; overall population",Data Error,1,1,LSACalculated,"[htext_long] households in [utext]: The sum of the project-level counts of people among all [utext] projects is greater than the unduplicated CoC-wide [utext] count of people for the following: all people in [htext_short] households served on [ctext]. Crucially, the level of overlap (which is the difference between the sum and the unduplicated count) in the number of people is greater on this date than the level of overlap in the number of bed nights over the course of the full report period, which is impossible. Even if some clients had overlapping enrollments in multiple [utext] projects, the overlap in people on any single date could not be greater than the overlap in bed nights over the full report period. There may be a programming error in your LSA Report causing this result.",(var01 > var02) & ((var01 - var02) > (var03 - var04)),lc_c[c]_u10_h[h]_p0_r53_sm_[uuu],lc_c[c]_u[u]_h[h]_p0_r53,lc_c1_u10_h[h]_p0_r56_sm_[uuu],lc_c1_u[u]_h[h]_p0_r56,var771_1=abs(var01 - var02),var771_2=abs((var01 - var02) - (var03 - var04)),,,,,,,,,,c{10-13} .* c{10-13},n/a,n/a,n/a,n/a
772,"LSACalculated: Project-level sum > CoC total, by project type, and this difference is bigger within a particular subpopulation than it is in the overall population; people; quarterly PIT dates",Data Error,1,1,LSACalculated,"[htext_long] households in [utext]: The sum of the project-level counts of people among all [utext] projects is greater than the unduplicated CoC-wide [utext] count of people for the following population: people in [htext_short] [ptext_people_1] served on [ctext]. Crucially, the level of overlap (which is the difference between the sum and the unduplicated count) is greater within this sub-population than in the overall population, which is impossible. Even if some clients had overlapping enrollments in multiple [utext] projects, the overlap among people in a sub-population could not be greater than the overlap among all people. There may be a programming error in your LSA Report causing this result.",(var01 > var02) & ((var01 - var02) > (var03 - var04)),lc_c[c]_u10_h[h]_p[p]_r53_sm_[uuu],lc_c[c]_u[u]_h[h]_p[p]_r53,lc_c[c]_u10_h[h]_p0_r53_sm_[uuu],lc_c[c]_u[u]_h[h]_p0_r53,var772_1=abs(var01 - var02),var772_2=abs((var01 - var02) - (var03 - var04)),,,,,,,,,,"h{0, 1, 2, 3, 99} .* p{13 15 18 19, 10 11 13-15 18 19 34, 12 13 15 18 19, 15 18 19 35, 13 15 18 19}",c{10-13} .* c{10-13},n/a,n/a,n/a
774,"LSACalculated: Bed nights > report nights * people, for people who are not members of the identified population (project level)",Data Error,1,1,LSACalculated,"[htext_long] households in {projectname} during the report period: The number of bed nights for people who are NOT a [ptext_people_1] is greater than the product of the number of nights in the report period and the number of people who are NOT a [ptext_people_1], which is impossible. (Bed nights and people counts were calculated for people who are not in the sub-population by subtracting the counts of people who ARE in the sub-population from the counts of the overall population.)",((var04 - var03) > (var02 * (var05 - var06))) & not missing(var02) & (var05 >= var06) & (var04 >= var03) & (var03 > 0) & (var06 > 0),projectid,ReportNights,lc_c1_u10_h[h]_p[p]_r57,lc_c1_u10_h[h]_p0_r56,lc_c1_u10_h[h]_p0_r53,lc_c1_u10_h[h]_p[p]_r55,projectname,var774_1=abs((var03 - var04) - (var02 * (var05 - var06))),var774_2=abs(var05 - var06),var774_3=abs(var03 - var04),,,,,,"h{0, 1, 2, 3, 99} .* p{50 53, 50 53, 50 53, 53, 50 53}",n/a,n/a,n/a,n/a
776,"LSACalculated: Bed nights > report nights * people, for people who are not members of the identified population (CoC level)",Data Error,1,1,LSACalculated,"[htext_long] households in [utext] during the report period: The number of bed nights for people who are NOT a [ptext_people_1] is greater than the product of the number of nights in the report period and the number of people who are NOT a [ptext_people_1], which is impossible. (Bed nights and people counts were calculated for people who are not in the sub-population by subtracting the counts for people who ARE in the sub-population from the counts of the overall population.)",((var03 - var02) > (var01 * (var04 - var05))) & not missing(var01) & (var04 >= var05) & (var03 >= var02) & (var02 > 0) & (var05 > 0),ReportNights,lc_c1_u[u]_h[h]_p[p]_r57,lc_c1_u[u]_h[h]_p0_r56,lc_c1_u[u]_h[h]_p0_r53,lc_c1_u[u]_h[h]_p[p]_r55,var776_1=abs((var02 - var03) - (var01 * (var04 - var05))),var776_2=abs(var04 - var05),var776_3=abs(var02 - var03),,,,,,,,"h{0, 1, 2, 3, 99} .* p{50 53, 50 53, 50 53, 53, 50 53}",n/a,n/a,n/a,n/a
777,LSACalculated: Average length of stay (CoC level),Data Error,1,1,LSACalculated,"People in [htext_long] [ptext_people_1] in [utext]: The average length of stay (total bed nights divided by total people) cannot be greater than the length of the report period. Currently, the average length of stay is ({var02}) which is greater than the length of the report period by ({var777_1}) days.",(var01 > var02) & not missing(var02) & expected_reportstart=reportstart & expected_reportend=reportend,lc_c1_u[u]_h[h]_p[p]_r56_avg,ReportNights,var777_1=abs(var01 - var02),,,,,,,,,,,,,"h{0, 1, 2, 3, 99} .* p{0, 0 10 11, 0, 0, 0}",n/a,n/a,n/a,n/a
778,LSACalculated: Average length of stay (project level),Data Error,1,1,LSACalculated,"People in [htext_long] [ptext_people_1] in {projectname}: The average length of stay (total bed nights divided by total people) cannot be greater than the length of the report period. Currently, the average length of stay is ({var02}) which is greater than the length of the report period by ({var778_1}) days.",(var02 > var03) & not missing(var03) & expected_reportstart=reportstart & expected_reportend=reportend,projectid,lc_c1_u10_h[h]_p[p]_r56_avg,ReportNights,projectname,var778_1=abs(var02 - var03),,,,,,,,,,,"h{0, 1, 2, 3, 99} .* p{0, 0 10 11, 0, 0, 0}",n/a,n/a,n/a,n/a
780,Missing Projects,Data Error,0,1,Project and LSACalculated,"Project ID {projectid} was found in your LSACalculated file but was not found among the list of continuum projects (among ES, TH, SH, PSH, and RRH projects) in your Project file.",not missing(projectid),projectid,,,,,,,,,,,,,,,,,,,
781,Missing Projects,Data Error,0,0,"Project, Inventory, and LSACalculated","The following Project ID {projectid} was found in your LSACalculated file, but there were no inventory records associated with this project in your Inventory file that fall within the reporting period and where the CoC Code in the Inventory file is the same as your CoC's code in the HDX.",in_lc_ry=1,projectid,in_lc_ry,,,,,,,,,,,,,,,,,,
783,Inventory File,Data Error,0,0,"Project, Inventory, and LSACalculated","This project, {projectname}, served people, but it has no active beds during the report period in the Inventory file. Please check the inventory data for this project in HMIS.",fx_tot_ppl_all_all>0 & bx_avg_beds_tot_all=0 & in_error2=0,projectid,projectname,fx_tot_ppl_all_all,hmisparticipatingproject,bx_avg_beds_tot_all,in_error2,,,,,,,,,,,,,,
784,Inventory File,Data Error,0,0,Inventory,The Inventory End Date cannot be before the Inventory Start Date.,inventoryenddate<inventorystartdate & not missing(inventoryenddate),inventoryid,inventorystartdate,inventoryenddate,projectid,,,,,,,,,,,,,,,,
785,Inventory File,Data Error,0,0,Inventory,The number of units cannot be greater than the number of beds.,unitinventory>bedinventory,inventoryid,bedinventory,unitinventory,projectid,var785_1=abs(unitinventory-bedinventory),,,,,,,,,,,,,,,
786,Inventory File,Data Error,0,0,Inventory,"There is a discrepancy in your Inventory data. The total number of beds must equal the sum of the dedicated and non-dedicated beds, by population. The sum of the following fields must equal the BedInventory field: CHVetBedInventory, YouthVetBedInventory, VetBedInventory, CHYouthBedInventory, YouthBedInventory, CHBedInventory, OtherBedInventory. All non-dedicated beds should be entered into HMIS under the ""Other"" bed inventory category.","sum(chvetbedinventory,youthvetbedinventory,vetbedinventory,chyouthbedinventory,youthbedinventory,chbedinventory,otherbedinventory,0)~=sum(bedinventory,0)",inventoryid,bedinventory,chvetbedinventory,youthvetbedinventory,vetbedinventory,chyouthbedinventory,youthbedinventory,chbedinventory,otherbedinventory,projectid,,,,,,,,,,
787,Inventory File,Data Error,0,0,Inventory,"There cannot be veteran beds for households with only children. This inventory record has veteran beds in at least one of these three fields: CHVetBedInventory, YouthVetBedInventory, and VetBedInventory. Please check inventory record number ({inventoryid}) in your HMIS.","sum(chvetbedinventory,youthvetbedinventory,vetbedinventory,0)>0 & householdtype=4",inventoryid,householdtype,chvetbedinventory,youthvetbedinventory,vetbedinventory,projectid,,,,,,,,,,,,,,
788,Inventory File,Data Error,0,0,Inventory,"This inventory record for the emergency shelter project, {projectname}, is missing a value for ES Bed Type. The ES Bed Type field is required for emergency shelter inventory records.","projecttype in(0,1) & in_inv=1 & missing(esbedtype)",inventoryid,projectid,projectname,projecttype,esbedtype,,,,,,,,,,,,,,,
789,Inventory File,Data Error,0,0,Inventory,"This inventory record for the emergency shelter project, {projectname}, is missing a value for Availability. The Availability field is required for emergency shelter inventory records.","projecttype in(0,1) & in_inv=1 & missing(availability)",inventoryid,projectid,projectname,projecttype,availability,,,,,,,,,,,,,,,
791,Inventory File,Data Error,0,0,Inventory,Seasonal inventory records need to have an end date. This record for seasonal bed inventory is missing an end date.,"projecttype in(0,1) & availability=2 & missing(inventoryenddate)",inventoryid,projectid,projectname,availability,inventorystartdate,inventoryenddate,projecttype,,,,,,,,,,,,,
793,Inventory File,Data Error,0,0,Inventory,This inventory record ({inventoryid}) for a safe haven project has beds for households with adults and children. Safe havens are expected to only have beds for households without children or households with only children. Please check the inventoy record(s) for the {projectname} project.,bedinventory>0 & householdtype=3 & projecttype=8,inventoryid,projectid,projectname,projecttype,householdtype,bedinventory,,,,,,,,,,,,,,
794,Inventory File,Warning,0,0,Inventory,"Please check the inventory start and end dates for this seasonal inventory record. Since seasonal beds are not available year-round, the start and end dates should not be as far apart as they are in this record.","projecttype in(0,1) & availability=2 & not missing(inventoryenddate) & inventoryenddate>=inventorystartdate & inventoryenddate-inventorystartdate>=365",inventoryid,projectid,projectname,availability,inventorystartdate,inventoryenddate,projecttype,,,,,,,,,,,,,
795,Inventory File,Warning,0,0,Inventory,"Do the veteran beds in this inventory record count (as they should) BOTH beds dedicated to veterans themselves and beds dedicated to their household members? If this project receives funding from VA sources, the number of dedicated veteran beds would typically match the total number of beds in an inventory record.","sum(chvetbedinventory,youthvetbedinventory,vetbedinventory,0)<bedinventory & sum(chvetbedinventory,youthvetbedinventory,vetbedinventory,0)=unitinventory & sum(chvetbedinventory,youthvetbedinventory,vetbedinventory,0)>0",inventoryid,projectid,projectname,householdtype,bedinventory,unitinventory,chvetbedinventory,youthvetbedinventory,vetbedinventory,"var795_1=abs(np.nansum([chvetbedinventory,youthvetbedinventory,vetbedinventory]) - bedinventory)",,,,,,,,,,
796,Inventory File,Warning,0,0,Inventory,"Do the youth beds in this inventory record count (as they should) BOTH beds dedicated to youth head of households and beds dedicated to their household members? If this project receives funding from RHY sources, the number of dedicated youth beds would typically match the total number of beds in an inventory record.","householdtype~=4 & sum(youthvetbedinventory,chyouthbedinventory,youthbedinventory,0)<bedinventory & sum(youthvetbedinventory,chyouthbedinventory,youthbedinventory,0)=unitinventory & sum(youthvetbedinventory,chyouthbedinventory,youthbedinventory,0)>0",inventoryid,projectid,projectname,householdtype,bedinventory,unitinventory,youthvetbedinventory,chyouthbedinventory,youthbedinventory,"var796_1=abs(np.nansum([youthvetbedinventory,chyouthbedinventory,youthbedinventory]) - bedinventory)",,,,,,,,,,
797,Inventory File,Warning,0,0,Inventory,"Do the chronically homeless beds in this inventory record count (as they should) BOTH beds dedicated to chronically homeless people themselves and beds dedicated to their household members? If this project receives CoC funding, the number of dedicated chronically homeless beds would typically match the total number of beds in an inventory record.","projecttype=3 & sum(chvetbedinventory,chyouthbedinventory,chbedinventory,0)<bedinventory & sum(chvetbedinventory,chyouthbedinventory,chbedinventory,0)=unitinventory & sum(chvetbedinventory,chyouthbedinventory,chbedinventory,0)>0",inventoryid,projectid,projectname,householdtype,bedinventory,unitinventory,chvetbedinventory,chyouthbedinventory,chbedinventory,projecttype,"var797_1=abs(np.nansum([chvetbedinventory,chyouthbedinventory,chbedinventory]) - bedinventory)",,,,,,,,,
799,Project vs. Inventory,Data Error,1,0,Project and Inventory,The earliest inventory start date you reported for {projectname} is earlier than the project's operating start date which is ({operatingstartdate}). Please review the inventory for this project and update the earliest inventory start date to at least match the operating start date for this project.,adj_invstartdt_min<adj_operatingstartdate & not missing(adj_invstartdt_min),projectid,projectname,operatingstartdate,invstartdt_min,adj_invstartdt_min,adj_operatingstartdate,adj_invstartdt_min,,,,,,,,,,,,,
800,Project vs. Inventory,Data Error,1,0,Project and Inventory,"The latest inventory end date you reported for this project is later than the project's operating end date. There could also be an inventory record with a null/missing end date, implying the inventory record is still active, but the project has already closed according to the operating end date.",adj_invenddt_max>adj_operatingenddate & not missing(adj_operatingenddate) & not missing(invstartdt_min),projectid,projectname,operatingenddate,invenddt_max2,adj_operatingenddate,invstartdt_min,var800_1=abs(adj_invenddt_max-adj_operatingenddate),adj_operatingenddate,adj_invenddt_max,,,,,,,,,,,
801,Project File,Data Error,0,0,Project,"This project, {projectname}, is missing a Housing Type.",missing(housingtype) & rrhsubtype~=1,projectid,projectname,housingtype,rrhsubtype,,,,,,,,,,,,,,,,
804,Geography,Data Error,0,0,ProjectCoC,"This project, {projectname}, is missing from your ProjectCoC file.",in_geo=0,projectid,projectname,in_geo,,,,,,,,,,,,,,,,,
805,Geography,Data Error,0,0,ProjectCoC,"The project, {projectname}, appears in your ProjectCoC file, but in none of the records do the CoC Codes match your CoC. Please check the CoC code(s) associated with this project and ensure they match your CoC.",max_in_coc=0,projectid,projectname,max_in_coc,,,,,,,,,,,,,,,,,
806,Geography,Data Error,0,0,ProjectCoC,This project record is missing a zip code.,in_geo=1 & in_coc=1 & missing(zip),projectid,projectcocid,projectname,in_geo,in_coc,zip,,,,,,,,,,,,,,
807,Geography,Data Error,0,0,ProjectCoC,Zip code {zip} for {projectname} is unrecognized. It may be invalid.,"in_coc=1 & prxmatch('/^\d{5}$/',strip(zip))=1 & missing(geographytype_expected)",projectid,projectcocid,projectname,zip,address1,address2,city,state,geographytype_expected,in_coc,,,,,,,,,,
808,Geography,Data Error,0,1,ProjectCoC,"The Geography Type you reported for this zip code ({zip}) does not align with the crosswalk published by HUD. The Geography Type reported is {geographytype}, but what we expect is {geographytype_expected}.",geographytype~=geographytype_expected & not missing(geographytype_expected),projectid,projectcocid,projectname,zip,geographytype,geographytype_expected,,,,,,,,,,,,,,
809,Geography,Data Error,0,0,LSAHousehold,All households served must have a geography type. There is at least one household with an unknown ES/SH/TH geography type. That likely means the projects that served these households are either missing a zip code or have invalid zip codes.,est_all_geo_un_hh>0,est_all_geo_un_hh,,,,,,,,,,,,,,,,,,,
810,Geography,Data Error,0,0,LSAHousehold,All households served must have a geography type. There is at least one household with an unknown RRH geography type. That likely means the projects that served these households are either missing a zip code or have invalid zip codes.,rrh_all_geo_un_hh>0,rrh_all_geo_un_hh,,,,,,,,,,,,,,,,,,,
811,Geography,Data Error,0,0,LSAHousehold,All households served must have a geography type. There is at least one household with an unknown PSH geography type. That likely means the projects that served these households are either missing a zip code or have invalid zip codes.,psh_all_geo_un_hh>0,psh_all_geo_un_hh,,,,,,,,,,,,,,,,,,,
812,Geography,Data Error,0,0,ProjectCoC,This project record is missing a geocode. Please check the geocode data for {projectname}.,in_geo=1 & in_coc=1 & missing(geocode),projectid,projectcocid,projectname,in_geo,in_coc,geocode,,,,,,,,,,,,,,
813,Geography,Data Error,0,0,ProjectCoC,The geocode {geocode} for this project {projectname} is invalid.,"in_geo=1 & in_coc=1 & prxmatch('/^\d{6}$/',strip(geocode))=1 & (mod(input(geocode,32.),111111)=0 | fipstate(substr(geocode,1,2))='--') & found_geocode=0",projectid,projectcocid,projectname,geocode,found_geocode,,,,,,,,,,,,,,,
814,Geography,Data Error,0,0,ProjectCoC,The geocode {geocode} for {projectname} is unrecognized. It may be invalid or out of date.,"in_geo=1 & in_coc=1 & prxmatch('/^\d{6}$/',strip(geocode))=1 & mod(input(geocode,32.),111111)~=0 & fipstate(substr(geocode,1,2))~='--' & found_geocode=0",projectid,projectcocid,projectname,geocode,found_geocode,,,,,,,,,,,,,,,
815,Geography,Warning,0,0,ProjectCoC,This project's zip code is outside of your CoC's state.,in_geo=1 & in_coc=1 & not missing(geographytype_expected) & coc_state~=zip_state & cross_state_exception_zip=0,projectid,projectcocid,projectname,zip,zip_state,in_geo,in_coc,geographytype_expected,coc_state,cross_state_exception_zip,,,,,,,,,,
816,Geography,Warning,0,0,ProjectCoC,{projectname}'s geocode ({geocode}) is outside of your CoC's state.,in_geo=1 & in_coc=1 & found_geocode=1 & coc_state~=geocode_state & cross_state_exception_geo=0,projectid,projectcocid,projectname,geocode,geocode_state,geoname,in_geo,in_coc,found_geocode,coc_state,cross_state_exception_geo,,,,,,,,,
848,LSACalculated: DQ counts,Data Error,1,0,LSACalculated,"You reported that there were households active in {projectname} but whose enrollment was not associated with any CoC, meaning the enrollment was missing the client location CoC code. Note that client location is only collected for the Head of Household of the enrollment. {var02} households have this issue, which is significant. Because of the importance of the client location, this issue could potentially have a large impact on usability.",var02 >= 5,projectid,lc_c1_u10_h0_p0_r905,projectname,projecttype,,,,,,,,,,,,n/a,n/a,n/a,n/a,n/a
853,Unclassified Households / Missing Age,Warning,0,0,LSAPerson,"There is a large* number of people active in residence in ES/SH/TH in unclassifiable households. This means there were many clients with missing ages. The household type is very important for the LSA and overall data quality. Please check whether you have used all available information to fill in the clients' ages (including case manager files outside of HMIS, if they are available). (*We flag cases where either the actual number or the proportion of unclassifiable households is high.)",pct_m_r_hhtype_p_est>=0.05 | est_un_r>=100,pct_m_r_hhtype_p_est,est_un_r,est_all_r,pct_m_r_agex_est_all,est_all_r_agex_un,,,,,,,,,,,,,,,
854,Unclassified Households / Missing Age,Warning,0,0,LSAPerson,All households in ES/SH/TH: Age has a high missing/unknown data rate.,pct_m_r_agex_est_all>=0.05 & est_all_r>=50 & not (pct_m_r_hhtype_p_est>=0.05 | est_un_r>=100),pct_m_r_agex_est_all,est_all_r_agex_un,est_all_r,pct_m_r_hhtype_p_est,,est_un_r,,,,,,,,,,,,,,
855,Unclassified Households / Missing Age,Warning,0,0,LSAPerson and LSAHousehold,"There is a large* number of people active in residence in RRH in unclassifiable households. This means there were many clients with missing ages. The household type is very important for the LSA and overall data quality. Please check whether you have used all available information to fill in the clients' ages (including case manager files outside of HMIS, if they are available). (*We flag cases where either the actual number or the proportion of unclassifiable households is high.)",pct_m_r_hhtype_p_rrh>=0.05 | rrh_un_r>=100,pct_m_r_hhtype_p_rrh,rrh_un_r,rrh_all_r,pct_m_r_agex_rrh_all,rrh_all_r_agex_un,,,,,,,,,,,,,,,
856,Unclassified Households / Missing Age,Warning,0,0,LSAPerson,All households in RRH: Age has a high missing/unknown data rate.,pct_m_r_agex_rrh_all>=0.05 & rrh_all_r>=50 & not (pct_m_r_hhtype_p_rrh>=0.05 | rrh_un_r>=100),pct_m_r_agex_rrh_all,rrh_all_r_agex_un,rrh_all_r,pct_m_r_hhtype_p_rrh,,rrh_un_r,,,,,,,,,,,,,,
857,Unclassified Households / Missing Age,Warning,0,0,LSAPerson and LSAHousehold,"There is a large* number of people active in residence in PSH in unclassifiable households. This means there were many clients with missing ages. The household type is very important for the LSA and overall data quality. Please check whether you have used all available information to fill in the clients' ages (including case manager files outside of HMIS, if they are available). (*We flag cases where either the actual number or the proportion of unclassifiable households is high.)",pct_m_r_hhtype_p_psh>=0.05 | psh_un_r>=100,pct_m_r_hhtype_p_psh,psh_un_r,psh_all_r,pct_m_r_agex_psh_all,psh_all_r_agex_un,,,,,,,,,,,,,,,
858,Unclassified Households / Missing Age,Warning,0,0,LSAPerson,All households in PSH: Age has a high missing/unknown data rate.,pct_m_r_agex_psh_all>=0.05 & psh_all_r>=50 & not (pct_m_r_hhtype_p_psh>=0.05 | psh_un_r>=100),pct_m_r_agex_psh_all,psh_all_r_agex_un,psh_all_r,pct_m_r_hhtype_p_psh,,psh_un_r,,,,,,,,,,,,,,
859,Unclassified Households / Missing Age,Warning,0,0,LSACalculated,"You reported a large* number of people active in residence in this project were in unclassifiable households. This means there were many clients with missing ages, which makes it difficult to determine household type (adult-only, adult-child, child-only). Household type is very important for the LSA and has an outsized importance for data quality. Please explain and verify whether you have used all available information to fill in the clients' ages, including case manager files outside of HMIS, if they are available. (*We are flagging cases where either the number in absolute terms or the proportion in relative terms is high.)",(fx_tot_ppl_pct_un>=0.1 & fx_tot_ppl_all_all>=100) | fx_tot_ppl_all_un>=50,projectid,projectname,fx_tot_ppl_pct_un,fx_tot_ppl_all_un,fx_tot_ppl_all_all,,,,,,,,,,,,,,,
860,Non-Homeless Projects,Warning,0,0,Project,"Based on the project name {projectname}, this seems to be a Compensated Work Therapy Transitional Residence (CWT/TR) project. HUD and the VA have determined that CWT/TR projects should not be classified as homeless projects. If this project is indeed a CWT/TR project, please either remove this project from your HMIS or recode the ContinuumProject field at the project level in HMIS from Yes (1) to No (0). (Doing either should remove BOTH the project and its client enrollment records from your next LSA upload.)",name_va_cwttr=1,projectid,projectname,organizationname,name_va_cwttr,,,,,,,,,,,,,,,,
861,Non-Homeless Projects,Warning,0,0,Project,"Based on the project name {projectname}, this seems to be a VA Domiciliary (VADOM) project. HUD and the VA have determined that VADOM projects should not be classified as homeless projects. If this project is indeed a VADOM project, please either remove this project from your HMIS or recode the ContinuumProject field at the project level in HMIS from Yes (1) to No (0). (Doing either should remove BOTH the project and its client enrollment records from your next LSA upload.)",name_va_vadom=1,projectid,projectname,organizationname,name_va_vadom,,,,,,,,,,,,,,,,
862,Funding Source vs. Project Type,Data Error,0,0,Funder,"You reported that this project received ESG-ES funding. If so, the project should be classified as ES.","fund_mckv_esg_es=1 & projecttype not in(0,1,2) & continuumproject=1",projectid,projecttype,ids_mckv_esg_es,dts_mckv_esg_es,fund_mckv_esg_es,continuumproject,,,,,,,,,,,,,,
863,Funding Source vs. Project Type,Data Error,0,0,Funder,"You reported that this project received ESG-RRH funding. If so, the project should be classified as RRH.",fund_mckv_esg_rrh=1 & projecttype~=13 & continuumproject=1,projectid,projecttype,ids_mckv_esg_rrh,dts_mckv_esg_rrh,fund_mckv_esg_rrh,continuumproject,,,,,,,,,,,,,,
864,Funding Source vs. Project Type,Data Error,0,0,Funder,"You reported that this project received CoC-SH funding. If so, the project should be classified as SH.",fund_mckv_coc_sh=1 & projecttype~=8 & continuumproject=1,projectid,projecttype,ids_mckv_coc_sh,dts_mckv_coc_sh,fund_mckv_coc_sh,continuumproject,,,,,,,,,,,,,,
865,Funding Source vs. Project Type,Data Error,0,0,Funder,"You reported that this project received CoC-TH funding. If so, the project should be classified as TH.",fund_mckv_coc_th=1 & projecttype~=2 & continuumproject=1,projectid,projecttype,ids_mckv_coc_th,dts_mckv_coc_th,fund_mckv_coc_th,continuumproject,,,,,,,,,,,,,,
866,Funding Source vs. Project Type,Data Error,0,0,Funder,"You reported that this project received CoC-PSH funding. If so, the project should be classified as PSH.",fund_mckv_coc_psh=1 & projecttype~=3 & continuumproject=1,projectid,projecttype,ids_mckv_coc_psh,dts_mckv_coc_psh,fund_mckv_coc_psh,continuumproject,,,,,,,,,,,,,,
867,Funding Source vs. Project Type,Data Error,0,0,Funder,"You reported that this project received CoC-RRH funding. If so, the project should be classified as RRH.",fund_mckv_coc_rrh=1 & projecttype~=13 & continuumproject=1,projectid,projecttype,ids_mckv_coc_rrh,dts_mckv_coc_rrh,fund_mckv_coc_rrh,continuumproject,,,,,,,,,,,,,,
868,Funding Source vs. Project Type,Data Error,0,0,Funder,"You reported that this project received CoC Joint TH-RRH funding. If so, the project should be classified as either TH or RRH.","fund_mckv_coc_jtr=1 & projecttype not in(2,13) & continuumproject=1",projectid,projecttype,ids_mckv_coc_jtr,dts_mckv_coc_jtr,fund_mckv_coc_jtr,continuumproject,,,,,,,,,,,,,,
869,Funding Source vs. Project Type,Data Error,0,0,Funder,"You reported that this project received VASH funding. If so, the project should be classified as PSH.",fund_add_vash=1 & projecttype~=3 & continuumproject=1,projectid,projecttype,ids_add_vash,dts_add_vash,fund_add_vash,continuumproject,,,,,,,,,,,,,,
870,Funding Source vs. Project Type,Data Error,0,0,Funder,"You reported that this project received SSVF funding. If so, the project should be classified as ES or RRH.","fund_add_ssvf=1 & projecttype not in(13,1,0) & continuumproject=1",projectid,projecttype,ids_add_ssvf,dts_add_ssvf,fund_add_ssvf,continuumproject,,,,,,,,,,,,,,
871,Funding Source vs. Project Type,Data Error,0,0,Funder,"You reported that this project received GPD-Bridge Housing funding. If so, the project should be classified as TH.",fund_add_gpd_bh=1 & projecttype~=2 & continuumproject=1,projectid,projecttype,ids_add_gpd_bh,dts_add_gpd_bh,fund_add_gpd_bh,continuumproject,,,,,,,,,,,,,,
872,Funding Source vs. Project Type,Data Error,0,0,Funder,"You reported that this project received GPD-Low Demand funding. If so, the project should be classified as SH.",fund_add_gpd_ld=1 & projecttype~=8 & continuumproject=1,projectid,projecttype,ids_add_gpd_ld,dts_add_gpd_ld,fund_add_gpd_ld,continuumproject,,,,,,,,,,,,,,
873,Funding Source vs. Project Type,Data Error,0,0,Funder,"You reported that this project received GPD-Hospital to Housing funding. If so, the project should be classified as TH.",fund_add_gpd_hh=1 & projecttype~=2 & continuumproject=1,projectid,projecttype,ids_add_gpd_hh,dts_add_gpd_hh,fund_add_gpd_hh,continuumproject,,,,,,,,,,,,,,
874,Funding Source vs. Project Type,Data Error,0,0,Funder,"You reported that this project received GPD-Clinical Treatment funding. If so, the project should be classified as TH.",fund_add_gpd_ct=1 & projecttype~=2 & continuumproject=1,projectid,projecttype,ids_add_gpd_ct,dts_add_gpd_ct,fund_add_gpd_ct,continuumproject,,,,,,,,,,,,,,
875,Funding Source vs. Project Type,Data Error,0,0,Funder,"You reported that this project received GPD-Service Intensive Transitional Housing funding. If so, the project should be classified as TH.",fund_add_gpd_sith=1 & projecttype~=2 & continuumproject=1,projectid,projecttype,ids_add_gpd_sith,dts_add_gpd_sith,fund_add_gpd_sith,continuumproject,,,,,,,,,,,,,,
876,Funding Source vs. Project Type,Data Error,0,0,Funder,"You reported that this project received GPD-Transition in Place funding. If so, the project should be classified as OPH (PH, no services).",fund_add_gpd_tip=1 & projecttype not in(9) & continuumproject=1,projectid,projecttype,ids_add_gpd_tip,dts_add_gpd_tip,fund_add_gpd_tip,continuumproject,,,,,,,,,,,,,,
877,Funding Source vs. Project Type,Data Error,0,0,Funder,"You reported that this project received HCHV-CRS funding. If so, the project should be classified as ES.","fund_add_hchv_crs=1 & projecttype not in(0,1) & continuumproject=1",projectid,projecttype,ids_add_hchv_crs,dts_add_hchv_crs,fund_add_hchv_crs,continuumproject,,,,,,,,,,,,,,
878,Funding Source vs. Project Type,Data Error,0,0,Funder,"You reported that this project received HCHV-SH funding. If so, the project should be classified as SH.",fund_add_hchv_sh=1 & projecttype~=8 & continuumproject=1,projectid,projecttype,ids_add_hchv_sh,dts_add_hchv_sh,fund_add_hchv_sh,continuumproject,,,,,,,,,,,,,,
879,Funding Source vs. Project Type,Data Error,0,0,Funder,"You reported that this project received RHY-Basic Center Program funding. If so, the project should be classified as ES.",fund_add_rhy_bcp=1 & projecttype~=1 & projecttype~=0 & continuumproject=1,projectid,projecttype,ids_add_rhy_bcp,dts_add_rhy_bcp,fund_add_rhy_bcp,continuumproject,,,,,,,,,,,,,,
880,Funding Source vs. Project Type,Data Error,0,0,Funder,"You reported that this project received RHY-Transitional Living Program funding. If so, the project should be classified as TH.",fund_add_rhy_tlp=1 & projecttype~=2 & continuumproject=1,projectid,projecttype,ids_add_rhy_tlp,dts_add_rhy_tlp,fund_add_rhy_tlp,continuumproject,,,,,,,,,,,,,,
881,Funding Source vs. Project Type,Data Error,0,0,Funder,"You reported that this project received RHY-Maternity Group Home funding. If so, the project should be classified as TH.",fund_add_rhy_mgh=1 & projecttype~=2 & continuumproject=1,projectid,projecttype,ids_add_rhy_mgh,dts_add_rhy_mgh,fund_add_rhy_mgh,continuumproject,,,,,,,,,,,,,,
882,Funding Source vs. Project Type,Data Error,0,0,Funder,"You reported that this project received HOPWA-Hotel/Motel Vouchers funding. If so, the project should be classified as ES.",fund_add_hopwa_vouchers=1 & projecttype~=1 & projecttype~=0 & continuumproject=1,projectid,projecttype,ids_add_hopwa_vouchers,dts_add_hopwa_vouchers,fund_add_hopwa_vouchers,continuumproject,,,,,,,,,,,,,,
883,Funding Source vs. Project Type,Data Error,0,0,Funder,"You reported that this project received HOPWA-Permanent Housing (facility-based or TBRA) funding. If so, the project should be classified as PSH.",fund_add_hopwa_ph=1 & projecttype~=3 & continuumproject=1,projectid,projecttype,ids_add_hopwa_ph,dts_add_hopwa_ph,fund_add_hopwa_ph,continuumproject,,,,,,,,,,,,,,
884,Funding Source vs. Project Type,Data Error,0,0,Funder,"You reported that this project received HOPWA-Short-Term Supportive Facility funding. If so, the project should be classified as ES.",fund_add_hopwa_st=1 & projecttype~=1 & projecttype~=0 & continuumproject=1,projectid,projecttype,ids_add_hopwa_st,dts_add_hopwa_st,fund_add_hopwa_st,continuumproject,,,,,,,,,,,,,,
885,Funding Source vs. Project Type,Data Error,0,0,Funder,"You reported that this project received HOPWA-Transitional Housing (facility-based or TBRA) funding. If so, the project should be classified as TH.",fund_add_hopwa_th=1 & projecttype~=2 & continuumproject=1,projectid,projecttype,ids_add_hopwa_th,dts_add_hopwa_th,fund_add_hopwa_th,continuumproject,,,,,,,,,,,,,,
886,Funding Source vs. Project Type,Data Error,0,0,Funder,"You reported that this project receives funding from multiple sources, including at least two sources associated with different project types. Please verify your funding sources. If this project does, in fact, receive funding from multiple sources associated with different project types, then please separate the project into multiple projects with different Project IDs (and update the client records accordingly).",sum(of expected_ptype_:)>1 & continuumproject=1,projectid,projecttype,all_txt_funder,continuumproject,expected_ptype_sh,expected_ptype_psh,expected_ptype_oph,expected_ptype_th,expected_ptype_rrh,,,,,,,,,,,
887,Funding Source vs. Dedicated Beds,Warning,0,0,Funder and Inventory,"According to HMIS, this project receives funding from VA sources, but there are no dedicated veteran beds in the project's active inventory.",fund_va=1 & bx_avg_beds_vettot_all=0 & bx_avg_beds_tot_all>0,projectid,projectname,all_txt_funder_va,bx_avg_beds_vettot_all,fund_mckv_esg_cv,bx_avg_beds_tot_all,fund_va,,,,,,,,,,,,,
888,Funding Source vs. Dedicated Beds,Warning,0,0,Funder and Inventory,"According to HMIS, this project receives funding from RHY sources, but there are no youth beds (either total CO beds or dedicated youth beds for AO or AC households) in the project's active inventory.",fund_rhy=1 & bx_avg_beds_ythtot_all=0 & bx_avg_beds_tot_all>0,projectid,projectname,all_txt_funder_rhy,fund_rhy,bx_avg_beds_ythtot_all,bx_avg_beds_tot_all,,,,,,,,,,,,,,
889,Funding Source vs. Dedicated Beds,Warning,0,0,Funder and Inventory,"According to HMIS, this project receives funding from VA sources, but there are fewer veteran beds than total beds in this inventory record. Many times we see the number of dedicated veteran beds in an inventory record match the number of units instead of the total number of beds. Veteran beds should count BOTH beds dedicated to veterans themselves and their non-veteran household members, which is usually the total number of beds in a given inventory record. A dedicated veteran bed must serve people in veteran households, but if there were no such households who qualified for the project in the local area, someone else (in a non-veteran household) may use that bed. Even if there were some clients not in veteran households who used the bed, as long as it was dedicated to veteran households, it should still be counted in the veteran bed inventory fields in your inventory data.",fund_va=1 & bx_avg_beds_vettot_all>0 & beds_tot>beds_vettot & beds_vettot~=unitinventory,projectid,projectname,inventoryid,householdtype,beds_tot,beds_vettot,all_txt_funder_va,var889_1=abs(beds_tot-beds_vettot),fund_va,bx_avg_beds_vettot_all,unitinventory,,,,,,,,,
890,Funding Source vs. Dedicated Beds,Warning,0,0,Funder and Inventory,"According to HMIS, this project receives funding from RHY sources, but there are fewer youth beds than total beds in this inventory record. Many times we see the number of dedicated youth beds in an inventory record match the number of units instead of the total number of beds. Youth beds should count BOTH beds dedicated to the head of household and their household members, which is usually the total number of beds in a given inventory record. A dedicated youth bed must serve people in youth households, but if there were no such households who qualified for the project in the local area, someone else (in a non-veteran household) may use that bed. Even if there were some clients not in youth households who used the bed, as long as it was dedicated to youth households, it should still be counted in the youth bed inventory fields in your inventory data.",householdtype~=4 & fund_rhy=1 & bx_avg_beds_ythtot_all>0 & beds_tot>beds_ythtot & beds_ythtot~=unitinventory,projectid,projectname,inventoryid,householdtype,beds_tot,beds_ythtot,all_txt_funder_rhy,var890_1=abs(beds_tot-beds_ythtot),fund_rhy,bx_avg_beds_ythtot_all,unitinventory,,,,,,,,,
891,Funding Source vs. Project Name,Warning,0,0,"Project, Funder, and Inventory","Based on the project name for {projectname}, this seems to be a Health Care for Homeless Veterans (HCHV) project, but this project is not associated with HCHV funding (either CRS Contract Residential Services or Community Contract Safe Haven Program) in HMIS for the report period. Please check the funding source(s) for this project in HMIS or confirm that it is not an HCHV project.",name_va_hchv=1 & fund_add_hchv~=1,projectid,projectname,organizationname,projecttype,bx_avg_beds_pct_vet_all,name_va_hchv,fund_add_hchv,,,,,,,,,,,,,
892,Funding Source vs. Project Name,Warning,0,0,"Project, Funder, and Inventory","Based on the project name for {projectname}, this seems to be a GPD project, but this project is not associated with GPD funding in HMIS for the report period. Please check the funding source(s) for this project in HMIS or confirm that it is not a GPD project.",name_va_gpd=1 & fund_add_gpd~=1,projectid,projectname,organizationname,projecttype,bx_avg_beds_pct_vet_all,name_va_gpd,fund_add_gpd,,,,,,,,,,,,,
893,Funding Source vs. Project Name,Warning,0,0,"Project, Funder, and Inventory","Based on the project name for {projectname}, this seems to be a VASH project, but this project is not associated with VASH funding in HMIS for the report period. Please check the funding source(s) for this project in HMIS or confirm that it is not a VASH project.",name_va_vash=1 & fund_add_vash~=1,projectid,projectname,organizationname,projecttype,bx_avg_beds_pct_vet_all,name_va_vash,fund_add_vash,,,,,,,,,,,,,
894,Funding Source vs. Project Name,Warning,0,0,"Project, Funder, and Inventory","Based on the project name for {projectname}, this seems to be a SSVF project, but this project is not associated with SSVF funding in HMIS for the report period. Please check the funding source(s) for this project in HMIS or confirm that it is not a SSVF project.",name_va_ssvf=1 & fund_add_ssvf~=1,projectid,projectname,organizationname,projecttype,bx_avg_beds_pct_vet_all,name_va_ssvf,fund_add_ssvf,,,,,,,,,,,,,
895,Safe Havens,Data Error,0,0,LSACalculated,You reported that people in adult-child households were served in safe havens. We expect safe havens to only serve adult-only and child-only households.,fx_tot_ppl_all_ac_sh>0,fx_tot_ppl_all_ac_sh,,,,,,,,,,,,,,,,,,,
896,Safe Havens,Data Error,0,0,LSACalculated,"You reported that people in adult-child households were served in {projectname}, a safe haven project. We expect safe havens to only serve adult-only and child-only households.",fx_tot_ppl_all_ac>0 & projecttype=8,projectid,projectname,projecttype,fx_tot_ppl_all_ac,,,,,,,,,,,,,,,,
897,Victim Services Providers,Warning,0,0,"Project, Inventory, and LSACalculated","You reported that this victim services provider, ({organizationname}), participated in HMIS in {projectname} during the report period. Please confirm. Victim services providers are generally prohibited from participating in HMIS. The victim services provider status is set at the organization level in HMIS.",victimserviceprovider=1 & hmisparticipatingproject=1,projectid,projectname,victimserviceprovider,hmisparticipatingproject,fx_tot_ppl_all_all,organizationid,organizationname,,,,,,,,,,,,,
898,Victim Services Providers,Warning,0,0,"Project, Inventory, and LSACalculated","You reported that this DV-targeting project participated in HMIS and served people during the report period. Please confirm. DV-targeting projects are generally prohibited from entering client-level data in HMIS. The target population for a project is set at the project-level in HMIS. According to the HMIS Data Standards, for a project with a DV target population, “at least 75% of persons served by the project must be survivors of domestic violence.”",targetpopulation=1 & fx_tot_ppl_all_all>0 & hmisparticipatingproject=1,projectid,projectname,targetpopulation,hmisparticipatingproject,fx_tot_ppl_all_all,,,,,,,,,,,,,,,
900,Victim Services Providers,Warning,0,0,"Project, Inventory, and LSACalculated","You reported that the DV-targeting project, {projectname}, participated in HMIS (meaning the HMIS Participating Project status is set to ""yes"" for this project) and that no one was served by the project during the report period, in HMIS. Please confirm. DV-targeting projects are generally prohibited from participating in HMIS. According to the HMIS Data Standards, if the project has a target population of domestic violence survivors, at least 75% of persons served by the project must be survivors of domestic violence.",targetpopulation=1 & fx_tot_ppl_all_all=0 & hmisparticipatingproject=1,projectid,projectname,targetpopulation,hmisparticipatingproject,fx_tot_ppl_all_all,,,,,,,,,,,,,,,
901,Comparisons with the HIC/PIT: People Counts,Warning,1,0,LSACalculated and HIC,"You have reported fewer people active in residence in ES projects during the full report period in your LSA than you reported among HMIS participating ES projects on your ##curr_yr## HIC. Since the LSA report period includes the date on which you conducted your PIT/HIC, there should be at least as many people reported in the LSA as there were in HMIS-participating projects on the HIC. Here the difference is {var901_1} people.",projecttype_str='ES' & fx_tot_ppl_all<pit_count & not missing(fx_tot_ppl_all),fx_tot_ppl_all,pit_count,projecttype_str,var901_1=abs(fx_tot_ppl_all-pit_count),,,,,,,,,,,,,,,,
902,Comparisons with the HIC/PIT: People Counts,Warning,1,0,LSACalculated and HIC,"You have reported fewer people active in residence in SH projects during the full report period in your LSA than you reported among HMIS participating SH projects on your ##curr_yr## HIC. Since the LSA report period includes the date on which you conducted your PIT/HIC, there should be at least as many people reported in the LSA as there were in HMIS-participating projects on the HIC. Here the difference is {var902_1} people.",projecttype_str='SH' & fx_tot_ppl_all<pit_count & not missing(fx_tot_ppl_all),fx_tot_ppl_all,pit_count,projecttype_str,var902_1=abs(fx_tot_ppl_all-pit_count),,,,,,,,,,,,,,,,
903,Comparisons with the HIC/PIT: People Counts,Warning,1,0,LSACalculated and HIC,"You have reported fewer people active in residence in TH projects during the full report period in your LSACalculated file than you reported among HMIS-participating TH projects on your ##curr_yr## HIC. Since the LSA report period includes the date on which you conducted your PIT/HIC, there should be at least as many people reported in the LSA as there were in HMIS-participating projects on the HIC. Please identify in your note which number is correct and describe any potential reasons for the discrepancy. If the number of clients reported on the HIC is identified as correct, then this implies there is incorrect data entry in HMIS and enrollment data needs to be updated.",projecttype_str='TH' & fx_tot_ppl_all<pit_count & not missing(fx_tot_ppl_all),fx_tot_ppl_all,pit_count,projecttype_str,var903_1=abs(fx_tot_ppl_all-pit_count),,,,,,,,,,,,,,,,
904,Comparisons with the HIC/PIT: People Counts,Warning,1,0,LSACalculated and HIC,"You have reported fewer people active in residence in RRH projects during the full report period in your LSA than you reported among HMIS participating RRH projects on your ##curr_yr## HIC. Since the LSA report period includes the date on which you conducted your PIT/HIC, there should be at least as many people reported in the LSA as there were in HMIS-participating projects on the HIC. Here the difference is {var904_1} people.",projecttype_str='RRH' & fx_tot_ppl_all<pit_count & not missing(fx_tot_ppl_all),fx_tot_ppl_all,pit_count,projecttype_str,var904_1=abs(fx_tot_ppl_all-pit_count),,,,,,,,,,,,,,,,
905,Comparisons with the HIC/PIT: People Counts,Warning,1,0,LSACalculated and HIC,"You have reported fewer people active in residence in PSH projects during the full report period in your LSACalculated file than you reported among HMIS-participating PSH projects on your ##curr_yr## HIC. Since the LSA report period includes the date on which you conducted your PIT/HIC, there should be at least as many people reported in the LSA as there were in HMIS-participating projects on the HIC. Please identify in your note which number is correct and describe any potential reasons for the discrepancy. If the number of clients reported on the HIC is identified as correct, then this implies there is incorrect data entry in HMIS and enrollment data needs to be updated.",projecttype_str='PSH' & fx_tot_ppl_all<pit_count & not missing(fx_tot_ppl_all),fx_tot_ppl_all,pit_count,projecttype_str,var905_1=abs(fx_tot_ppl_all-pit_count),,,,,,,,,,,,,,,,
906,Comparisons with Prior LSA,Warning,1,0,LSACalculated,"All households in ES: There is a large difference in the number of people you reported were active in residence between your ##comp_yr## LSA ({p_fx_tot_ppl_all_all_es}) and your ##curr_yr## LSA ({fx_tot_ppl_all_all_es}). Please describe any reasons that may have contributed to this difference. (For reference, we are not only displaying the number of people served in both years, but also several other measures which may help understand the change: the number of beds reported on your HIC, the LSA average number of people served per night during the report period, and the LSA average length of stay during the report period.)","not missing(p_fx_tot_ppl_all_all_es) & mean(fx_tot_ppl_all_all_es,p_fx_tot_ppl_all_all_es)>0 & abs(divide(sum(fx_tot_ppl_all_all_es,-1*p_fx_tot_ppl_all_all_es),mean(fx_tot_ppl_all_all_es,p_fx_tot_ppl_all_all_es))) > put(max(fx_tot_ppl_all_all_es,p_fx_tot_ppl_all_all_es),threshf.) & abs(sum(fx_tot_ppl_all_all_es,-1*p_fx_tot_ppl_all_all_es))>=&thresh_abs_num.",p_fx_tot_ppl_all_all_es,fx_tot_ppl_all_all_es,fx_avg_beds_tot_all_es_compyr,fx_avg_beds_tot_all_es,p_fx_los_all_all_es,fx_los_all_all_es,,,,,,,,,,,,,,
907,Comparisons with Prior LSA,Warning,1,0,LSACalculated,"Adult-Only households in ES: There is a large difference in the number of people you reported were active in residence between your ##comp_yr## LSA ({p_fx_tot_ppl_all_ao_es}) and your ##curr_yr## LSA ({fx_tot_ppl_all_ao_es}). Please describe any reasons that may have contributed to this difference. (For reference, we are not only displaying the number of people served in both years, but also several other measures which may help understand the change: the number of beds reported on your HIC, the LSA average number of people served per night during the report period, and the LSA average length of stay during the report period.)","not missing(p_fx_tot_ppl_all_ao_es) & mean(fx_tot_ppl_all_ao_es,p_fx_tot_ppl_all_ao_es)>0 & abs(divide(sum(fx_tot_ppl_all_ao_es,-1*p_fx_tot_ppl_all_ao_es),mean(fx_tot_ppl_all_ao_es,p_fx_tot_ppl_all_ao_es))) > put(max(fx_tot_ppl_all_ao_es,p_fx_tot_ppl_all_ao_es),threshf.) & abs(sum(fx_tot_ppl_all_ao_es,-1*p_fx_tot_ppl_all_ao_es))>=&thresh_abs_num.",p_fx_tot_ppl_all_ao_es,fx_tot_ppl_all_ao_es,fx_avg_beds_tot_ao_es_compyr,fx_avg_beds_tot_ao_es,p_ha_beds_sov_h_es,ha_beds_sov_h_es,p_fx_los_all_ao_es,fx_los_all_ao_es,,,,,,,,,,,,
908,Comparisons with Prior LSA,Warning,1,0,LSACalculated,"Adult-Child households in ES: There is a large difference in the number of people you reported were active in residence between your ##comp_yr## LSA ({p_fx_tot_ppl_all_ac_es}) and your ##curr_yr## LSA ({fx_tot_ppl_all_ac_es}). Please describe any reasons that may have contributed to this difference. (For reference, we are not only displaying the number of people served in both years, but also several other measures which may help understand the change: the number of beds reported on your HIC, the LSA average number of people served per night during the report period, and the LSA average length of stay during the report period.)","not missing(p_fx_tot_ppl_all_ac_es) & mean(fx_tot_ppl_all_ac_es,p_fx_tot_ppl_all_ac_es)>0 & abs(divide(sum(fx_tot_ppl_all_ac_es,-1*p_fx_tot_ppl_all_ac_es),mean(fx_tot_ppl_all_ac_es,p_fx_tot_ppl_all_ac_es))) > put(max(fx_tot_ppl_all_ac_es,p_fx_tot_ppl_all_ac_es),threshf.) & abs(sum(fx_tot_ppl_all_ac_es,-1*p_fx_tot_ppl_all_ac_es))>=&thresh_abs_num.",p_fx_tot_ppl_all_ac_es,fx_tot_ppl_all_ac_es,fx_avg_beds_tot_ac_es_compyr,fx_avg_beds_tot_ac_es,p_ha_beds_sov_h_es,ha_beds_sov_h_es,p_fx_los_all_ac_es,fx_los_all_ac_es,,,,,,,,,,,,
909,Comparisons with Prior LSA,Warning,1,0,LSACalculated,"Child-Only households in ES: There is a large difference in the number of people you reported were active in residence between your ##comp_yr## LSA ({p_fx_tot_ppl_all_co_es}) and your ##curr_yr## LSA ({fx_tot_ppl_all_co_es}). Please describe any reasons that may have contributed to this difference. (For reference, we are not only displaying the number of people served in both years, but also several other measures which may help understand the change: the number of beds reported on your HIC, the LSA average number of people served per night during the report period, and the LSA average length of stay during the report period.)","not missing(p_fx_tot_ppl_all_co_es) & mean(fx_tot_ppl_all_co_es,p_fx_tot_ppl_all_co_es)>0 & abs(divide(sum(fx_tot_ppl_all_co_es,-1*p_fx_tot_ppl_all_co_es),mean(fx_tot_ppl_all_co_es,p_fx_tot_ppl_all_co_es))) > put(max(fx_tot_ppl_all_co_es,p_fx_tot_ppl_all_co_es),threshf.) & abs(sum(fx_tot_ppl_all_co_es,-1*p_fx_tot_ppl_all_co_es))>=&thresh_abs_num.",p_fx_tot_ppl_all_co_es,fx_tot_ppl_all_co_es,fx_avg_beds_tot_co_es_compyr,fx_avg_beds_tot_co_es,p_ha_beds_sov_h_es,ha_beds_sov_h_es,p_fx_los_all_co_es,fx_los_all_co_es,,,,,,,,,,,,
910,Comparisons with Prior LSA,Warning,1,0,LSACalculated,"All households in SH: There is a large difference in the number of people you reported were active in residence between your ##comp_yr## LSA ({p_fx_tot_ppl_all_all_sh}) and your ##curr_yr## LSA ({fx_tot_ppl_all_all_sh}). Please describe any reasons that may have contributed to this difference. (For reference, we are not only displaying the number of people served in both years, but also several other measures which may help understand the change: the number of beds reported on your HIC, the LSA average number of people served per night during the report period, and the LSA average length of stay during the report period.)","not missing(p_fx_tot_ppl_all_all_sh) & mean(fx_tot_ppl_all_all_sh,p_fx_tot_ppl_all_all_sh)>0 & abs(divide(sum(fx_tot_ppl_all_all_sh,-1*p_fx_tot_ppl_all_all_sh),mean(fx_tot_ppl_all_all_sh,p_fx_tot_ppl_all_all_sh))) > put(max(fx_tot_ppl_all_all_sh,p_fx_tot_ppl_all_all_sh),threshf.) & abs(sum(fx_tot_ppl_all_all_sh,-1*p_fx_tot_ppl_all_all_sh))>=&thresh_abs_num.",p_fx_tot_ppl_all_all_sh,fx_tot_ppl_all_all_sh,fx_avg_beds_tot_all_sh_compyr,fx_avg_beds_tot_all_sh,p_fx_los_all_all_sh,fx_los_all_all_sh,,,,,,,,,,,,,,
911,Comparisons with Prior LSA,Warning,1,0,LSACalculated,"All households in TH: There is a large difference in the number of people you reported were active in residence between your ##comp_yr## LSA ({p_fx_tot_ppl_all_all_th}) and your ##curr_yr## LSA ({fx_tot_ppl_all_all_th}). Please describe any reasons that may have contributed to this difference. (For reference, we are not only displaying the number of people served in both years, but also several other measures which may help understand the change: the number of beds reported on your HIC, the LSA average number of people served per night during the report period, and the LSA average length of stay during the report period.)","not missing(p_fx_tot_ppl_all_all_th) & mean(fx_tot_ppl_all_all_th,p_fx_tot_ppl_all_all_th)>0 & abs(divide(sum(fx_tot_ppl_all_all_th,-1*p_fx_tot_ppl_all_all_th),mean(fx_tot_ppl_all_all_th,p_fx_tot_ppl_all_all_th))) > put(max(fx_tot_ppl_all_all_th,p_fx_tot_ppl_all_all_th),threshf.) & abs(sum(fx_tot_ppl_all_all_th,-1*p_fx_tot_ppl_all_all_th))>=&thresh_abs_num.",p_fx_tot_ppl_all_all_th,fx_tot_ppl_all_all_th,fx_avg_beds_tot_all_th_compyr,fx_avg_beds_tot_all_th,p_fx_los_all_all_th,fx_los_all_all_th,,,,,,,,,,,,,,
912,Comparisons with Prior LSA,Warning,1,0,LSACalculated,"Adult-Only households in TH: There is a large difference in the number of people you reported were active in residence between your ##comp_yr## LSA ({p_fx_tot_ppl_all_ao_th}) and your ##curr_yr## LSA ({fx_tot_ppl_all_ao_th}). Please describe any reasons that may have contributed to this difference. (For reference, we are not only displaying the number of people served in both years, but also several other measures which may help understand the change: the number of beds reported on your HIC, the LSA average number of people served per night during the report period, and the LSA average length of stay during the report period.)","not missing(p_fx_tot_ppl_all_ao_th) & mean(fx_tot_ppl_all_ao_th,p_fx_tot_ppl_all_ao_th)>0 & abs(divide(sum(fx_tot_ppl_all_ao_th,-1*p_fx_tot_ppl_all_ao_th),mean(fx_tot_ppl_all_ao_th,p_fx_tot_ppl_all_ao_th))) > put(max(fx_tot_ppl_all_ao_th,p_fx_tot_ppl_all_ao_th),threshf.) & abs(sum(fx_tot_ppl_all_ao_th,-1*p_fx_tot_ppl_all_ao_th))>=&thresh_abs_num.",p_fx_tot_ppl_all_ao_th,fx_tot_ppl_all_ao_th,fx_avg_beds_tot_ao_th_compyr,fx_avg_beds_tot_ao_th,p_fx_los_all_ao_th,fx_los_all_ao_th,,,,,,,,,,,,,,
913,Comparisons with Prior LSA,Warning,1,0,LSACalculated,"Adult-Child households in TH: There is a large difference in the number of people you reported were active in residence between your ##comp_yr## LSA ({p_fx_tot_ppl_all_ac_th}) and your ##curr_yr## LSA ({fx_tot_ppl_all_ac_th}). Please describe any reasons that may have contributed to this difference. (For reference, we are not only displaying the number of people served in both years, but also several other measures which may help understand the change: the number of beds reported on your HIC, the LSA average number of people served per night during the report period, and the LSA average length of stay during the report period.)","not missing(p_fx_tot_ppl_all_ac_th) & mean(fx_tot_ppl_all_ac_th,p_fx_tot_ppl_all_ac_th)>0 & abs(divide(sum(fx_tot_ppl_all_ac_th,-1*p_fx_tot_ppl_all_ac_th),mean(fx_tot_ppl_all_ac_th,p_fx_tot_ppl_all_ac_th))) > put(max(fx_tot_ppl_all_ac_th,p_fx_tot_ppl_all_ac_th),threshf.) & abs(sum(fx_tot_ppl_all_ac_th,-1*p_fx_tot_ppl_all_ac_th))>=&thresh_abs_num.",p_fx_tot_ppl_all_ac_th,fx_tot_ppl_all_ac_th,fx_avg_beds_tot_ac_th_compyr,fx_avg_beds_tot_ac_th,p_fx_los_all_ac_th,fx_los_all_ac_th,,,,,,,,,,,,,,
914,Comparisons with Prior LSA,Warning,1,0,LSACalculated,"Child-Only households in TH: There is a large difference in the number of people you reported were active in residence between your ##comp_yr## LSA ({p_fx_tot_ppl_all_co_th}) and your ##curr_yr## LSA ({fx_tot_ppl_all_co_th}). Please describe any reasons that may have contributed to this difference. (For reference, we are not only displaying the number of people served in both years, but also several other measures which may help understand the change: the number of beds reported on your HIC, the LSA average number of people served per night during the report period, and the LSA average length of stay during the report period.)","not missing(p_fx_tot_ppl_all_co_th) & mean(fx_tot_ppl_all_co_th,p_fx_tot_ppl_all_co_th)>0 & abs(divide(sum(fx_tot_ppl_all_co_th,-1*p_fx_tot_ppl_all_co_th),mean(fx_tot_ppl_all_co_th,p_fx_tot_ppl_all_co_th))) > put(max(fx_tot_ppl_all_co_th,p_fx_tot_ppl_all_co_th),threshf.) & abs(sum(fx_tot_ppl_all_co_th,-1*p_fx_tot_ppl_all_co_th))>=&thresh_abs_num.",p_fx_tot_ppl_all_co_th,fx_tot_ppl_all_co_th,fx_avg_beds_tot_co_th_compyr,fx_avg_beds_tot_co_th,p_fx_los_all_co_th,fx_los_all_co_th,,,,,,,,,,,,,,
915,Comparisons with Prior LSA,Warning,1,0,LSACalculated,"All households in RRH: There is a large difference in the number of people you reported were active in residence between your ##comp_yr## LSA ({p_fx_tot_ppl_all_all_rrh}) and your ##curr_yr## LSA ({fx_tot_ppl_all_all_rrh}). Please describe any reasons that may have contributed to this difference. (For reference, we are not only displaying the number of people served in both years, but also several other measures which may help understand the change: the number of beds reported on your HIC, the LSA average number of people served per night during the report period, and the LSA average length of stay during the report period.)","not missing(p_fx_tot_ppl_all_all_rrh) & mean(fx_tot_ppl_all_all_rrh,p_fx_tot_ppl_all_all_rrh)>0 & abs(divide(sum(fx_tot_ppl_all_all_rrh,-1*p_fx_tot_ppl_all_all_rrh),mean(fx_tot_ppl_all_all_rrh,p_fx_tot_ppl_all_all_rrh))) > put(max(fx_tot_ppl_all_all_rrh,p_fx_tot_ppl_all_all_rrh),threshf.) & abs(sum(fx_tot_ppl_all_all_rrh,-1*p_fx_tot_ppl_all_all_rrh))>=&thresh_abs_num.",p_fx_tot_ppl_all_all_rrh,fx_tot_ppl_all_all_rrh,fx_avg_beds_tot_all_rrh_compyr,fx_avg_beds_tot_all_rrh,p_fx_los_all_all_rrh,fx_los_all_all_rrh,,,,,,,,,,,,,,
916,Comparisons with Prior LSA,Warning,1,0,LSACalculated,"Adult-Only households in RRH: There is a large difference in the number of people you reported were active in residence between your ##comp_yr## LSA ({p_fx_tot_ppl_all_ao_rrh}) and your ##curr_yr## LSA ({fx_tot_ppl_all_ao_rrh}). Please describe any reasons that may have contributed to this difference. (For reference, we are not only displaying the number of people served in both years, but also several other measures which may help understand the change: the number of beds reported on your HIC, the LSA average number of people served per night during the report period, and the LSA average length of stay during the report period.)","not missing(p_fx_tot_ppl_all_ao_rrh) & mean(fx_tot_ppl_all_ao_rrh,p_fx_tot_ppl_all_ao_rrh)>0 & abs(divide(sum(fx_tot_ppl_all_ao_rrh,-1*p_fx_tot_ppl_all_ao_rrh),mean(fx_tot_ppl_all_ao_rrh,p_fx_tot_ppl_all_ao_rrh))) > put(max(fx_tot_ppl_all_ao_rrh,p_fx_tot_ppl_all_ao_rrh),threshf.) & abs(sum(fx_tot_ppl_all_ao_rrh,-1*p_fx_tot_ppl_all_ao_rrh))>=&thresh_abs_num.",p_fx_tot_ppl_all_ao_rrh,fx_tot_ppl_all_ao_rrh,fx_avg_beds_tot_ao_rrh_compyr,fx_avg_beds_tot_ao_rrh,p_fx_los_all_ao_rrh,fx_los_all_ao_rrh,,,,,,,,,,,,,,
917,Comparisons with Prior LSA,Warning,1,0,LSACalculated,"Adult-Child households in RRH: There is a large difference in the number of people you reported were active in residence between your ##comp_yr## LSA ({p_fx_tot_ppl_all_ac_rrh}) and your ##curr_yr## LSA ({fx_tot_ppl_all_ac_rrh}). Please describe any reasons that may have contributed to this difference. (For reference, we are not only displaying the number of people served in both years, but also several other measures which may help understand the change: the number of beds reported on your HIC, the LSA average number of people served per night during the report period, and the LSA average length of stay during the report period.)","not missing(p_fx_tot_ppl_all_ac_rrh) & mean(fx_tot_ppl_all_ac_rrh,p_fx_tot_ppl_all_ac_rrh)>0 & abs(divide(sum(fx_tot_ppl_all_ac_rrh,-1*p_fx_tot_ppl_all_ac_rrh),mean(fx_tot_ppl_all_ac_rrh,p_fx_tot_ppl_all_ac_rrh))) > put(max(fx_tot_ppl_all_ac_rrh,p_fx_tot_ppl_all_ac_rrh),threshf.) & abs(sum(fx_tot_ppl_all_ac_rrh,-1*p_fx_tot_ppl_all_ac_rrh))>=&thresh_abs_num.",p_fx_tot_ppl_all_ac_rrh,fx_tot_ppl_all_ac_rrh,fx_avg_beds_tot_ac_rrh_compyr,fx_avg_beds_tot_ac_rrh,p_fx_los_all_ac_rrh,fx_los_all_ac_rrh,,,,,,,,,,,,,,
918,Comparisons with Prior LSA,Warning,1,0,LSACalculated,"Child-Only households in RRH: There is a large difference in the number of people you reported were active in residence between your ##comp_yr## LSA ({p_fx_tot_ppl_all_co_rrh}) and your ##curr_yr## LSA ({fx_tot_ppl_all_co_rrh}). Please describe any reasons that may have contributed to this difference. (For reference, we are not only displaying the number of people served in both years, but also several other measures which may help understand the change: the number of beds reported on your HIC, the LSA average number of people served per night during the report period, and the LSA average length of stay during the report period.)","not missing(p_fx_tot_ppl_all_co_rrh) & mean(fx_tot_ppl_all_co_rrh,p_fx_tot_ppl_all_co_rrh)>0 & abs(divide(sum(fx_tot_ppl_all_co_rrh,-1*p_fx_tot_ppl_all_co_rrh),mean(fx_tot_ppl_all_co_rrh,p_fx_tot_ppl_all_co_rrh))) > put(max(fx_tot_ppl_all_co_rrh,p_fx_tot_ppl_all_co_rrh),threshf.) & abs(sum(fx_tot_ppl_all_co_rrh,-1*p_fx_tot_ppl_all_co_rrh))>=&thresh_abs_num.",p_fx_tot_ppl_all_co_rrh,fx_tot_ppl_all_co_rrh,fx_avg_beds_tot_co_rrh_compyr,fx_avg_beds_tot_co_rrh,p_fx_los_all_co_rrh,fx_los_all_co_rrh,,,,,,,,,,,,,,
919,Comparisons with Prior LSA,Warning,1,0,LSACalculated,"All households in PSH: There is a large difference in the number of people you reported were active in residence between your ##comp_yr## LSA ({p_fx_tot_ppl_all_all_psh}) and your ##curr_yr## LSA ({fx_tot_ppl_all_all_psh}). Please describe any reasons that may have contributed to this difference. (For reference, we are not only displaying the number of people served in both years, but also several other measures which may help understand the change: the number of beds reported on your HIC, the LSA average number of people served per night during the report period, and the LSA average length of stay during the report period.)","not missing(p_fx_tot_ppl_all_all_psh) & mean(fx_tot_ppl_all_all_psh,p_fx_tot_ppl_all_all_psh)>0 & abs(divide(sum(fx_tot_ppl_all_all_psh,-1*p_fx_tot_ppl_all_all_psh),mean(fx_tot_ppl_all_all_psh,p_fx_tot_ppl_all_all_psh))) > put(max(fx_tot_ppl_all_all_psh,p_fx_tot_ppl_all_all_psh),threshf.) & abs(sum(fx_tot_ppl_all_all_psh,-1*p_fx_tot_ppl_all_all_psh))>=&thresh_abs_num.",p_fx_tot_ppl_all_all_psh,fx_tot_ppl_all_all_psh,fx_avg_beds_tot_all_psh_compyr,fx_avg_beds_tot_all_psh,p_fx_los_all_all_psh,fx_los_all_all_psh,,,,,,,,,,,,,,
920,Comparisons with Prior LSA,Warning,1,0,LSACalculated,"Adult-Only households in PSH: There is a large difference in the number of people you reported were active in residence between your ##comp_yr## LSA ({p_fx_tot_ppl_all_ao_psh}) and your ##curr_yr## LSA ({fx_tot_ppl_all_ao_psh}). Please describe any reasons that may have contributed to this difference. (For reference, we are not only displaying the number of people served in both years, but also several other measures which may help understand the change: the number of beds reported on your HIC, the LSA average number of people served per night during the report period, and the LSA average length of stay during the report period.)","not missing(p_fx_tot_ppl_all_ao_psh) & mean(fx_tot_ppl_all_ao_psh,p_fx_tot_ppl_all_ao_psh)>0 & abs(divide(sum(fx_tot_ppl_all_ao_psh,-1*p_fx_tot_ppl_all_ao_psh),mean(fx_tot_ppl_all_ao_psh,p_fx_tot_ppl_all_ao_psh))) > put(max(fx_tot_ppl_all_ao_psh,p_fx_tot_ppl_all_ao_psh),threshf.) & abs(sum(fx_tot_ppl_all_ao_psh,-1*p_fx_tot_ppl_all_ao_psh))>=&thresh_abs_num.",p_fx_tot_ppl_all_ao_psh,fx_tot_ppl_all_ao_psh,fx_avg_beds_tot_ao_psh_compyr,fx_avg_beds_tot_ao_psh,p_fx_los_all_ao_psh,fx_los_all_ao_psh,,,,,,,,,,,,,,
921,Comparisons with Prior LSA,Warning,1,0,LSACalculated,"Adult-Child households in PSH: There is a large difference in the number of people you reported were active in residence between your ##comp_yr## LSA ({p_fx_tot_ppl_all_ac_psh}) and your ##curr_yr## LSA ({fx_tot_ppl_all_ac_psh}). Please describe any reasons that may have contributed to this difference. (For reference, we are not only displaying the number of people served in both years, but also several other measures which may help understand the change: the number of beds reported on your HIC, the LSA average number of people served per night during the report period, and the LSA average length of stay during the report period.)","not missing(p_fx_tot_ppl_all_ac_psh) & mean(fx_tot_ppl_all_ac_psh,p_fx_tot_ppl_all_ac_psh)>0 & abs(divide(sum(fx_tot_ppl_all_ac_psh,-1*p_fx_tot_ppl_all_ac_psh),mean(fx_tot_ppl_all_ac_psh,p_fx_tot_ppl_all_ac_psh))) > put(max(fx_tot_ppl_all_ac_psh,p_fx_tot_ppl_all_ac_psh),threshf.) & abs(sum(fx_tot_ppl_all_ac_psh,-1*p_fx_tot_ppl_all_ac_psh))>=&thresh_abs_num.",p_fx_tot_ppl_all_ac_psh,fx_tot_ppl_all_ac_psh,fx_avg_beds_tot_ac_psh_compyr,fx_avg_beds_tot_ac_psh,p_fx_los_all_ac_psh,fx_los_all_ac_psh,,,,,,,,,,,,,,
922,Comparisons with Prior LSA,Warning,1,0,LSACalculated,"Child-Only households in PSH: There is a large difference in the number of people you reported were active in residence between your ##comp_yr## LSA ({p_fx_tot_ppl_all_co_psh}) and your ##curr_yr## LSA ({fx_tot_ppl_all_co_psh}). Please describe any reasons that may have contributed to this difference. (For reference, we are not only displaying the number of people served in both years, but also several other measures which may help understand the change: the number of beds reported on your HIC, the LSA average number of people served per night during the report period, and the LSA average length of stay during the report period.)","not missing(p_fx_tot_ppl_all_co_psh) & mean(fx_tot_ppl_all_co_psh,p_fx_tot_ppl_all_co_psh)>0 & abs(divide(sum(fx_tot_ppl_all_co_psh,-1*p_fx_tot_ppl_all_co_psh),mean(fx_tot_ppl_all_co_psh,p_fx_tot_ppl_all_co_psh))) > put(max(fx_tot_ppl_all_co_psh,p_fx_tot_ppl_all_co_psh),threshf.) & abs(sum(fx_tot_ppl_all_co_psh,-1*p_fx_tot_ppl_all_co_psh))>=&thresh_abs_num.",p_fx_tot_ppl_all_co_psh,fx_tot_ppl_all_co_psh,fx_avg_beds_tot_co_psh_compyr,fx_avg_beds_tot_co_psh,p_fx_los_all_co_psh,fx_los_all_co_psh,,,,,,,,,,,,,,
923,Comparisons with Prior LSA,Warning,1,0,LSACalculated,All households in ES: There is a large difference in the number of veterans you reported were active in residence between your ##comp_yr## ({p_fx_tot_ppl_vet_c_all_es}) and ##curr_yr## LSA ({fx_tot_ppl_vet_c_all_es}). Please describe any reasons that may have contributed to this difference.,"not missing(p_fx_tot_ppl_vet_c_all_es) & mean(fx_tot_ppl_vet_c_all_es,p_fx_tot_ppl_vet_c_all_es)>0 & abs(divide(sum(fx_tot_ppl_vet_c_all_es,-1*p_fx_tot_ppl_vet_c_all_es),mean(fx_tot_ppl_vet_c_all_es,p_fx_tot_ppl_vet_c_all_es))) > put(max(fx_tot_ppl_vet_c_all_es,p_fx_tot_ppl_vet_c_all_es),threshf.) & abs(sum(fx_tot_ppl_vet_c_all_es,-1*p_fx_tot_ppl_vet_c_all_es))>=&thresh_abs_num. & abs(sum(fx_tot_ppl_pct_vet_c_all_es,-1*p_fx_tot_ppl_pct_vet_c_all_es))>0.05",p_fx_tot_ppl_vet_c_all_es,fx_tot_ppl_vet_c_all_es,p_fx_tot_ppl_pct_vet_c_all_es,fx_tot_ppl_pct_vet_c_all_es,p_fx_tot_ppl_vet_c_ao_es,fx_tot_ppl_vet_c_ao_es,p_fx_tot_ppl_vet_c_ac_es,fx_tot_ppl_vet_c_ac_es,fx_tot_ppl_vet_c_un_es,,,,,,,,,,,
924,Comparisons with Prior LSA,Warning,1,0,LSACalculated,All households in SH: There is a large difference in the number of veterans you reported were active in residence between your ##comp_yr## ({p_fx_tot_ppl_vet_c_all_sh}) and ##curr_yr## LSA ({fx_tot_ppl_vet_c_all_sh}). Please describe any reasons that may have contributed to this difference.,"not missing(p_fx_tot_ppl_vet_c_all_sh) & mean(fx_tot_ppl_vet_c_all_sh,p_fx_tot_ppl_vet_c_all_sh)>0 & abs(divide(sum(fx_tot_ppl_vet_c_all_sh,-1*p_fx_tot_ppl_vet_c_all_sh),mean(fx_tot_ppl_vet_c_all_sh,p_fx_tot_ppl_vet_c_all_sh))) > put(max(fx_tot_ppl_vet_c_all_sh,p_fx_tot_ppl_vet_c_all_sh),threshf.) & abs(sum(fx_tot_ppl_vet_c_all_sh,-1*p_fx_tot_ppl_vet_c_all_sh))>=&thresh_abs_num. & abs(sum(fx_tot_ppl_pct_vet_c_all_sh,-1*p_fx_tot_ppl_pct_vet_c_all_sh))>0.05",p_fx_tot_ppl_vet_c_all_sh,fx_tot_ppl_vet_c_all_sh,p_fx_tot_ppl_pct_vet_c_all_sh,fx_tot_ppl_pct_vet_c_all_sh,p_fx_tot_ppl_vet_c_all_sh,,,,,,,,,,,,,,,
925,Comparisons with Prior LSA,Warning,1,0,LSACalculated,All households in TH: There is a large difference in the number of veterans you reported were active in residence between your ##comp_yr## ({p_fx_tot_ppl_vet_c_all_th}) and ##curr_yr## LSA ({fx_tot_ppl_vet_c_all_th}). Please describe any reasons that may have contributed to this difference.,"not missing(p_fx_tot_ppl_vet_c_all_th) & mean(fx_tot_ppl_vet_c_all_th,p_fx_tot_ppl_vet_c_all_th)>0 & abs(divide(sum(fx_tot_ppl_vet_c_all_th,-1*p_fx_tot_ppl_vet_c_all_th),mean(fx_tot_ppl_vet_c_all_th,p_fx_tot_ppl_vet_c_all_th))) > put(max(fx_tot_ppl_vet_c_all_th,p_fx_tot_ppl_vet_c_all_th),threshf.) & abs(sum(fx_tot_ppl_vet_c_all_th,-1*p_fx_tot_ppl_vet_c_all_th))>=&thresh_abs_num. & abs(sum(fx_tot_ppl_pct_vet_c_all_th,-1*p_fx_tot_ppl_pct_vet_c_all_th))>0.05",p_fx_tot_ppl_vet_c_all_th,fx_tot_ppl_vet_c_all_th,p_fx_tot_ppl_pct_vet_c_all_th,fx_tot_ppl_pct_vet_c_all_th,p_fx_tot_ppl_vet_c_ao_th,fx_tot_ppl_vet_c_ao_th,p_fx_tot_ppl_vet_c_ac_th,fx_tot_ppl_vet_c_ac_th,fx_tot_ppl_vet_c_un_th,,,,,,,,,,,
926,Comparisons with Prior LSA,Warning,1,0,LSACalculated,All households in RRH: There is a large difference in the number of veterans you reported were active in residence between your ##comp_yr## ({p_fx_tot_ppl_vet_c_all_rrh}) and ##curr_yr## LSA ({fx_tot_ppl_vet_c_all_rrh}). Please describe any reasons that may have contributed to this difference.,"not missing(p_fx_tot_ppl_vet_c_all_rrh) & mean(fx_tot_ppl_vet_c_all_rrh,p_fx_tot_ppl_vet_c_all_rrh)>0 & abs(divide(sum(fx_tot_ppl_vet_c_all_rrh,-1*p_fx_tot_ppl_vet_c_all_rrh),mean(fx_tot_ppl_vet_c_all_rrh,p_fx_tot_ppl_vet_c_all_rrh))) > put(max(fx_tot_ppl_vet_c_all_rrh,p_fx_tot_ppl_vet_c_all_rrh),threshf.) & abs(sum(fx_tot_ppl_vet_c_all_rrh,-1*p_fx_tot_ppl_vet_c_all_rrh))>=&thresh_abs_num. & abs(sum(fx_tot_ppl_pct_vet_c_all_rrh,-1*p_fx_tot_ppl_pct_vet_c_all_rrh))>0.05",p_fx_tot_ppl_vet_c_all_rrh,fx_tot_ppl_vet_c_all_rrh,p_fx_tot_ppl_pct_vet_c_all_rrh,fx_tot_ppl_pct_vet_c_all_rrh,p_fx_tot_ppl_vet_c_ao_rrh,fx_tot_ppl_vet_c_ao_rrh,p_fx_tot_ppl_vet_c_ac_rrh,fx_tot_ppl_vet_c_ac_rrh,fx_tot_ppl_vet_c_un_rrh,,,,,,,,,,,
927,Comparisons with Prior LSA,Warning,1,0,LSACalculated,All households in PSH: There is a large difference in the number of veterans you reported were active in residence between your ##comp_yr## ({p_fx_tot_ppl_vet_c_all_psh}) and ##curr_yr## LSA ({fx_tot_ppl_vet_c_all_psh}). Please describe any reasons that may have contributed to this difference.,"not missing(p_fx_tot_ppl_vet_c_all_psh) & mean(fx_tot_ppl_vet_c_all_psh,p_fx_tot_ppl_vet_c_all_psh)>0 & abs(divide(sum(fx_tot_ppl_vet_c_all_psh,-1*p_fx_tot_ppl_vet_c_all_psh),mean(fx_tot_ppl_vet_c_all_psh,p_fx_tot_ppl_vet_c_all_psh))) > put(max(fx_tot_ppl_vet_c_all_psh,p_fx_tot_ppl_vet_c_all_psh),threshf.) & abs(sum(fx_tot_ppl_vet_c_all_psh,-1*p_fx_tot_ppl_vet_c_all_psh))>=&thresh_abs_num. & abs(sum(fx_tot_ppl_pct_vet_c_all_psh,-1*p_fx_tot_ppl_pct_vet_c_all_psh))>0.05",p_fx_tot_ppl_vet_c_all_psh,fx_tot_ppl_vet_c_all_psh,p_fx_tot_ppl_pct_vet_c_all_psh,fx_tot_ppl_pct_vet_c_all_psh,p_fx_tot_ppl_vet_c_ao_psh,fx_tot_ppl_vet_c_ao_psh,p_fx_tot_ppl_vet_c_ac_psh,fx_tot_ppl_vet_c_ac_psh,fx_tot_ppl_vet_c_un_psh,,,,,,,,,,,
928,Comparisons with Prior LSA,Warning,1,0,LSACalculated,All households in ES: There is a large difference in the number of chronically homeless adults/heads of households you reported were active in residence between your ##comp_yr## ({p_fx_tot_ppl_ch_c_all_es}) and ##curr_yr## LSA ({fx_tot_ppl_ch_c_all_es}). Please describe any reasons that may have contributed to this difference.,"not missing(p_fx_tot_ppl_ch_c_all_es) & mean(fx_tot_ppl_ch_c_all_es,p_fx_tot_ppl_ch_c_all_es)>0 & abs(divide(sum(fx_tot_ppl_ch_c_all_es,-1*p_fx_tot_ppl_ch_c_all_es),mean(fx_tot_ppl_ch_c_all_es,p_fx_tot_ppl_ch_c_all_es))) > put(max(fx_tot_ppl_ch_c_all_es,p_fx_tot_ppl_ch_c_all_es),threshf.) & abs(sum(fx_tot_ppl_ch_c_all_es,-1*p_fx_tot_ppl_ch_c_all_es))>=&thresh_abs_num. & abs(sum(fx_tot_ppl_pct_ch_c_all_es,-1*p_fx_tot_ppl_pct_ch_c_all_es))>0.05",p_fx_tot_ppl_ch_c_all_es,fx_tot_ppl_ch_c_all_es,p_fx_tot_ppl_pct_ch_c_all_es,fx_tot_ppl_pct_ch_c_all_es,p_fx_tot_ppl_ch_c_ao_es,fx_tot_ppl_ch_c_ao_es,p_fx_tot_ppl_ch_c_ac_es,fx_tot_ppl_ch_c_ac_es,p_fx_tot_ppl_ch_c_co_es,fx_tot_ppl_ch_c_co_es,fx_tot_ppl_ch_c_un_es,,,,,,,,,
929,Comparisons with Prior LSA,Warning,1,0,LSACalculated,All households in SH: There is a large difference in the number of chronically homeless adults/heads of households you reported were active in residence between your ##comp_yr## ({p_fx_tot_ppl_ch_c_all_sh}) and ##curr_yr## LSA ({fx_tot_ppl_ch_c_all_sh}). Please describe any reasons that may have contributed to this difference.,"not missing(p_fx_tot_ppl_ch_c_all_sh) & mean(fx_tot_ppl_ch_c_all_sh,p_fx_tot_ppl_ch_c_all_sh)>0 & abs(divide(sum(fx_tot_ppl_ch_c_all_sh,-1*p_fx_tot_ppl_ch_c_all_sh),mean(fx_tot_ppl_ch_c_all_sh,p_fx_tot_ppl_ch_c_all_sh))) > put(max(fx_tot_ppl_ch_c_all_sh,p_fx_tot_ppl_ch_c_all_sh),threshf.) & abs(sum(fx_tot_ppl_ch_c_all_sh,-1*p_fx_tot_ppl_ch_c_all_sh))>=&thresh_abs_num. & abs(sum(fx_tot_ppl_pct_ch_c_all_sh,-1*p_fx_tot_ppl_pct_ch_c_all_sh))>0.05",p_fx_tot_ppl_ch_c_all_sh,fx_tot_ppl_ch_c_all_sh,p_fx_tot_ppl_pct_ch_c_all_sh,fx_tot_ppl_pct_ch_c_all_sh,,,,,,,,,,,,,,,,
930,Comparisons with Prior LSA,Warning,1,0,LSACalculated,All households in TH: There is a large difference in the number of chronically homeless adults/heads of households you reported were active in residence between your ##comp_yr## ({p_fx_tot_ppl_ch_c_all_th}) and ##curr_yr## LSA ({fx_tot_ppl_ch_c_all_th}). Please describe any reasons that may have contributed to this difference.,"not missing(p_fx_tot_ppl_ch_c_all_th) & mean(fx_tot_ppl_ch_c_all_th,p_fx_tot_ppl_ch_c_all_th)>0 & abs(divide(sum(fx_tot_ppl_ch_c_all_th,-1*p_fx_tot_ppl_ch_c_all_th),mean(fx_tot_ppl_ch_c_all_th,p_fx_tot_ppl_ch_c_all_th))) > put(max(fx_tot_ppl_ch_c_all_th,p_fx_tot_ppl_ch_c_all_th),threshf.) & abs(sum(fx_tot_ppl_ch_c_all_th,-1*p_fx_tot_ppl_ch_c_all_th))>=&thresh_abs_num. & abs(sum(fx_tot_ppl_pct_ch_c_all_th,-1*p_fx_tot_ppl_pct_ch_c_all_th))>0.05",p_fx_tot_ppl_ch_c_all_th,fx_tot_ppl_ch_c_all_th,p_fx_tot_ppl_pct_ch_c_all_th,fx_tot_ppl_pct_ch_c_all_th,p_fx_tot_ppl_ch_c_ao_th,fx_tot_ppl_ch_c_ao_th,p_fx_tot_ppl_ch_c_ac_th,fx_tot_ppl_ch_c_ac_th,p_fx_tot_ppl_ch_c_co_th,fx_tot_ppl_ch_c_co_th,fx_tot_ppl_ch_c_un_th,,,,,,,,,
931,Comparisons with Prior LSA,Warning,1,0,LSACalculated,All households in RRH: There is a large difference in the number of chronically homeless adults/heads of households you reported were active in residence between your ##comp_yr## ({p_fx_tot_ppl_ch_c_all_rrh}) and ##curr_yr## LSA ({fx_tot_ppl_ch_c_all_rrh}). Please describe any reasons that may have contributed to this difference.,"not missing(p_fx_tot_ppl_ch_c_all_rrh) & mean(fx_tot_ppl_ch_c_all_rrh,p_fx_tot_ppl_ch_c_all_rrh)>0 & abs(divide(sum(fx_tot_ppl_ch_c_all_rrh,-1*p_fx_tot_ppl_ch_c_all_rrh),mean(fx_tot_ppl_ch_c_all_rrh,p_fx_tot_ppl_ch_c_all_rrh))) > put(max(fx_tot_ppl_ch_c_all_rrh,p_fx_tot_ppl_ch_c_all_rrh),threshf.) & abs(sum(fx_tot_ppl_ch_c_all_rrh,-1*p_fx_tot_ppl_ch_c_all_rrh))>=&thresh_abs_num. & abs(sum(fx_tot_ppl_pct_ch_c_all_rrh,-1*p_fx_tot_ppl_pct_ch_c_all_rrh))>0.05",p_fx_tot_ppl_ch_c_all_rrh,fx_tot_ppl_ch_c_all_rrh,p_fx_tot_ppl_pct_ch_c_all_rrh,fx_tot_ppl_pct_ch_c_all_rrh,p_fx_tot_ppl_ch_c_ao_rrh,fx_tot_ppl_ch_c_ao_rrh,p_fx_tot_ppl_ch_c_ac_rrh,fx_tot_ppl_ch_c_ac_rrh,p_fx_tot_ppl_ch_c_co_rrh,fx_tot_ppl_ch_c_co_rrh,fx_tot_ppl_ch_c_un_rrh,,,,,,,,,
932,Comparisons with Prior LSA,Warning,1,0,LSACalculated,All households in PSH: There is a large difference in the number of chronically homeless adults/heads of households you reported were active in residence between your ##comp_yr## ({p_fx_tot_ppl_ch_c_all_psh}) and ##curr_yr## LSA ({fx_tot_ppl_ch_c_all_psh}). Please describe any reasons that may have contributed to this difference.,"not missing(p_fx_tot_ppl_ch_c_all_psh) & mean(fx_tot_ppl_ch_c_all_psh,p_fx_tot_ppl_ch_c_all_psh)>0 & abs(divide(sum(fx_tot_ppl_ch_c_all_psh,-1*p_fx_tot_ppl_ch_c_all_psh),mean(fx_tot_ppl_ch_c_all_psh,p_fx_tot_ppl_ch_c_all_psh))) > put(max(fx_tot_ppl_ch_c_all_psh,p_fx_tot_ppl_ch_c_all_psh),threshf.) & abs(sum(fx_tot_ppl_ch_c_all_psh,-1*p_fx_tot_ppl_ch_c_all_psh))>=&thresh_abs_num. & abs(sum(fx_tot_ppl_pct_ch_c_all_psh,-1*p_fx_tot_ppl_pct_ch_c_all_psh))>0.05",p_fx_tot_ppl_ch_c_all_psh,fx_tot_ppl_ch_c_all_psh,p_fx_tot_ppl_pct_ch_c_all_psh,fx_tot_ppl_pct_ch_c_all_psh,p_fx_tot_ppl_ch_c_ao_psh,fx_tot_ppl_ch_c_ao_psh,p_fx_tot_ppl_ch_c_ac_psh,fx_tot_ppl_ch_c_ac_psh,p_fx_tot_ppl_ch_c_co_psh,fx_tot_ppl_ch_c_co_psh,fx_tot_ppl_ch_c_un_psh,,,,,,,,,
933,Length of Stay,Warning,1,0,LSACalculated,"All people in Adult-Only households in ES: The average length of stay ({fx_los_all_ao_es}) (which is derived from your LSACalculated file as total bed nights divided by total people) is unusually short for ES adult-only households. By ""unusually short"" we mean the average length of stay is less than {es_ao_los_coc_low} days. Please confirm and explain. If the length of stay is determined to be accurate, are there any specific factors that could have potentially contributed to shorter household stays for this household/project type throughout the entire CoC?",fx_los_all_ao_es<&es_ao_los_coc_low. & fx_los_all_ao_es>=1 & fx_tot_ppl_all_ao_es>=&los_min_ppl_coc. & expected_reportstart=reportstart & expected_reportend=reportend,fx_los_all_ao_es,lc_c1_u11_h1_p0_r56,lc_c1_u11_h1_p0_r53,es_ao_los_coc_low,los_min_ppl_coc,fx_tot_ppl_all_ao_es,,,,,,,,,,,,,,
934,Length of Stay,Warning,1,0,LSACalculated,"All people in Adult-Only households in ES: The average length of stay ({fx_los_all_ao_es}) (which is derived from your LSACalculated file as total bed nights divided by total people) is unusually long for ES adult-only households. By ""unusually long"" we mean the average length of stay is more than {es_ao_los_coc_high} days. Please confirm and explain. If the length of stay is determined to be accurate, are there any specific factors that could have potentially contributed to longer household stays for this household/project type throughout the entire CoC?",fx_los_all_ao_es>&es_ao_los_coc_high. & fx_los_all_ao_es<=reportnights & fx_tot_ppl_all_ao_es>=&los_min_ppl_coc. & expected_reportstart=reportstart & expected_reportend=reportend,fx_los_all_ao_es,lc_c1_u11_h1_p0_r56,lc_c1_u11_h1_p0_r53,es_ao_los_coc_high,los_min_ppl_coc,fx_tot_ppl_all_ao_es,,,,,,,,,,,,,,
935,Length of Stay,Warning,1,0,LSACalculated,"All people in Adult-Child households in ES: The average length of stay ({fx_los_all_ac_es}) (which is derived from your LSACalculated file as total bed nights divided by total people) is unusually short for ES adult-child households. By ""unusually short"" we mean the average length of stay is less than {es_ac_los_coc_low} days. Please confirm and explain. If the length of stay is determined to be accurate, are there any specific factors that could have potentially contributed to shorter household stays for this household/project type throughout the entire CoC?",fx_los_all_ac_es<&es_ac_los_coc_low. & fx_los_all_ac_es>=1 & fx_tot_ppl_all_ac_es>=&los_min_ppl_coc. & expected_reportstart=reportstart & expected_reportend=reportend,fx_los_all_ac_es,lc_c1_u11_h2_p0_r56,lc_c1_u11_h2_p0_r53,es_ac_los_coc_low,los_min_ppl_coc,fx_tot_ppl_all_ac_es,,,,,,,,,,,,,,
936,Length of Stay,Warning,1,0,LSACalculated,"All people in Adult-Child households in ES: The average length of stay ({fx_los_all_ac_es}) (which is derived from your LSACalculated file as total bed nights divided by total people) is unusually long for ES adult-child households. By ""unusually long"" we mean the average length of stay is more than {es_ac_los_coc_high} days. Please confirm and explain. If the length of stay is determined to be accurate, are there any specific factors that could have potentially contributed to longer household stays for this household/project type throughout the entire CoC?",fx_los_all_ac_es>&es_ac_los_coc_high. & fx_los_all_ac_es<=reportnights & fx_tot_ppl_all_ac_es>=&los_min_ppl_coc. & expected_reportstart=reportstart & expected_reportend=reportend,fx_los_all_ac_es,lc_c1_u11_h2_p0_r56,lc_c1_u11_h2_p0_r53,es_ac_los_coc_high,los_min_ppl_coc,fx_tot_ppl_all_ac_es,,,,,,,,,,,,,,
937,Length of Stay,Warning,1,0,LSACalculated,"All people in Child-Only households in ES: The average length of stay ({fx_los_all_co_es}) (which is derived from your LSACalculated file as total bed nights divided by total people) is unusually short for ES child-only households. By ""unusually short"" we mean the average length of stay is less than {es_co_los_coc_low} days. Please confirm and explain. If the length of stay is determined to be accurate, are there any specific factors that could have potentially contributed to shorter household stays for this household/project type throughout the entire CoC?",fx_los_all_co_es<&es_co_los_coc_low. & fx_los_all_co_es>=1 & fx_tot_ppl_all_co_es>=&los_min_ppl_coc. & expected_reportstart=reportstart & expected_reportend=reportend,fx_los_all_co_es,lc_c1_u11_h3_p0_r56,lc_c1_u11_h3_p0_r53,es_co_los_coc_low,los_min_ppl_coc,fx_tot_ppl_all_co_es,,,,,,,,,,,,,,
938,Length of Stay,Warning,1,0,LSACalculated,"All people in Child-Only households in ES: The average length of stay ({fx_los_all_co_es}) (which is derived from your LSACalculated file as total bed nights divided by total people) is unusually long for ES child-only households. Please confirm and explain. By ""unusually long"" we mean the average length of stay is more than {es_co_los_coc_high} days. If the length of stay is determined to be accurate, are there any specific factors that could have potentially contributed to longer household stays for this household/project type throughout the entire CoC?",fx_los_all_co_es>&es_co_los_coc_high. & fx_los_all_co_es<=reportnights & fx_tot_ppl_all_co_es>=&los_min_ppl_coc. & expected_reportstart=reportstart & expected_reportend=reportend,fx_los_all_co_es,lc_c1_u11_h3_p0_r56,lc_c1_u11_h3_p0_r53,es_co_los_coc_high,los_min_ppl_coc,fx_tot_ppl_all_co_es,,,,,,,,,,,,,,
945,Length of Stay,Warning,1,0,LSACalculated,"All people in Adult-Only households in TH: The average length of stay ({fx_los_all_ao_th}) (which is derived from your LSACalculated file as total bed nights divided by total people) is unusually short for TH adult-only households. By ""unusually short"" we mean the average length of stay is less than {th_ao_los_coc_low} days. Please confirm and explain. If the length of stay is determined to be accurate, are there any specific factors that could have potentially contributed to shorter household stays for this household/project type throughout the entire CoC?",fx_los_all_ao_th<&th_ao_los_coc_low. & fx_los_all_ao_th>=1 & fx_tot_ppl_all_ao_th>=&los_min_ppl_coc. & expected_reportstart=reportstart & expected_reportend=reportend,fx_los_all_ao_th,lc_c1_u13_h1_p0_r56,lc_c1_u13_h1_p0_r53,th_ao_los_coc_low,los_min_ppl_coc,fx_tot_ppl_all_ao_th,,,,,,,,,,,,,,
946,Length of Stay,Warning,1,0,LSACalculated,"All people in Adult-Only households in TH: The average length of stay ({fx_los_all_ao_th}) (which is derived from your LSACalculated file as total bed nights divided by total people) is unusually long for TH adult-only households. Please confirm and explain. By ""unusually long"" we mean the average length of stay is more than {th_ao_los_coc_high} days. If the length of stay is determined to be accurate, are there any specific factors that could have potentially contributed to longer household stays for this household/project type throughout the entire CoC?",fx_los_all_ao_th>&th_ao_los_coc_high. & fx_los_all_ao_th<=reportnights & fx_tot_ppl_all_ao_th>=&los_min_ppl_coc. & expected_reportstart=reportstart & expected_reportend=reportend,fx_los_all_ao_th,lc_c1_u13_h1_p0_r56,lc_c1_u13_h1_p0_r53,th_ao_los_coc_high,los_min_ppl_coc,fx_tot_ppl_all_ao_th,,,,,,,,,,,,,,
947,Length of Stay,Warning,1,0,LSACalculated,"All people in Adult-Child households in TH: The average length of stay ({fx_los_all_ac_th}) (which is derived from your LSACalculated file as total bed nights divided by total people) is unusually short for TH adult-child households. By ""unusually short"" we mean the average length of stay is less than {th_ac_los_coc_low} days. Please confirm and explain. If the length of stay is determined to be accurate, are there any specific factors that could have potentially contributed to shorter household stays for this household/project type throughout the entire CoC?",fx_los_all_ac_th<&th_ac_los_coc_low. & fx_los_all_ac_th>=1 & fx_tot_ppl_all_ac_th>=&los_min_ppl_coc. & expected_reportstart=reportstart & expected_reportend=reportend,fx_los_all_ac_th,lc_c1_u13_h2_p0_r56,lc_c1_u13_h2_p0_r53,th_ac_los_coc_low,los_min_ppl_coc,fx_tot_ppl_all_ac_th,,,,,,,,,,,,,,
948,Length of Stay,Warning,1,0,LSACalculated,"All people in Adult-Child households in TH: The average length of stay ({fx_los_all_ac_th}) (which is derived from your LSACalculated file as total bed nights divided by total people) is unusually long for TH adult-child households. By ""unusually long"" we mean the average length of stay is more than {th_ac_los_coc_high} days. Please confirm and explain. If the length of stay is determined to be accurate, are there any specific factors that could have potentially contributed to longer household stays for this household/project type throughout the entire CoC?",fx_los_all_ac_th>&th_ac_los_coc_high. & fx_los_all_ac_th<=reportnights & fx_tot_ppl_all_ac_th>=&los_min_ppl_coc. & expected_reportstart=reportstart & expected_reportend=reportend,fx_los_all_ac_th,lc_c1_u13_h2_p0_r56,lc_c1_u13_h2_p0_r53,th_ac_los_coc_high,los_min_ppl_coc,fx_tot_ppl_all_ac_th,,,,,,,,,,,,,,
949,Length of Stay,Warning,1,0,LSACalculated,"All people in Child-Only households in TH: The average length of stay ({fx_los_all_co_th}) (which is derived from your LSACalculated file as total bed nights divided by total people) is unusually short for TH child-only households. By ""unusually short"" we mean the average length of stay is less than {th_co_los_coc_low} days. Please confirm and explain. If the length of stay is determined to be accurate, are there any specific factors that could have potentially contributed to shorter household stays for this household/project type throughout the entire CoC?",fx_los_all_co_th<&th_co_los_coc_low. & fx_los_all_co_th>=1 & fx_tot_ppl_all_co_th>=&los_min_ppl_coc. & expected_reportstart=reportstart & expected_reportend=reportend,fx_los_all_co_th,lc_c1_u13_h3_p0_r56,lc_c1_u13_h3_p0_r53,th_co_los_coc_low,los_min_ppl_coc,fx_tot_ppl_all_co_th,,,,,,,,,,,,,,
950,Length of Stay,Warning,1,0,LSACalculated,"All people in Child-Only households in TH: The average length of stay ({fx_los_all_co_th}) (which is derived from your LSACalculated file as total bed nights divided by total people) is unusually long for TH child-only households. By ""unusually long"" we mean the average length of stay is more than {th_co_los_coc_high} days. Please confirm and explain. If the length of stay is determined to be accurate, are there any specific factors that could have potentially contributed to longer household stays for this household/project type throughout the entire CoC?",fx_los_all_co_th>&th_co_los_coc_high. & fx_los_all_co_th<=reportnights & fx_tot_ppl_all_co_th>=&los_min_ppl_coc. & expected_reportstart=reportstart & expected_reportend=reportend,fx_los_all_co_th,lc_c1_u13_h3_p0_r56,lc_c1_u13_h3_p0_r53,th_co_los_coc_high,los_min_ppl_coc,fx_tot_ppl_all_co_th,,,,,,,,,,,,,,
954,Length of Stay,Warning,1,0,LSACalculated,"All people in Adult-Only households in PSH: The average length of stay ({fx_los_all_ao_psh}) (which is derived from your LSACalculated file as total bed nights divided by total people) is unusually short for PSH adult-only households. By ""unusually short"" we mean the average length of stay is less than {psh_ao_los_coc_low} days. Please confirm and explain. If the length of stay is determined to be accurate, are there any specific factors that could have potentially contributed to shorter household stays for this household/project type throughout the entire CoC?",fx_los_all_ao_psh<&psh_ao_los_coc_low. & fx_los_all_ao_psh>=1 & fx_tot_ppl_all_ao_psh>=&los_min_ppl_coc. & expected_reportstart=reportstart & expected_reportend=reportend,fx_los_all_ao_psh,lc_c1_u15_h1_p0_r56,lc_c1_u15_h1_p0_r53,psh_ao_los_coc_low,los_min_ppl_coc,fx_tot_ppl_all_ao_psh,,,,,,,,,,,,,,
955,Length of Stay,Warning,1,0,LSACalculated,"All people in Adult-Child households in PSH: The average length of stay ({fx_los_all_ac_psh}) (which is derived from your LSACalculated file as total bed nights divided by total people) is unusually short for PSH adult-child households. By ""unusually short"" we mean the average length of stay is less than {psh_ac_los_coc_low} days. Please confirm and explain. If the length of stay is determined to be accurate, are there any specific factors that could have potentially contributed to shorter household stays for this household/project type throughout the entire CoC?",fx_los_all_ac_psh<&psh_ac_los_coc_low. & fx_los_all_ac_psh>=1 & fx_tot_ppl_all_ac_psh>=&los_min_ppl_coc. & expected_reportstart=reportstart & expected_reportend=reportend,fx_los_all_ac_psh,lc_c1_u15_h2_p0_r56,lc_c1_u15_h2_p0_r53,psh_ac_los_coc_low,los_min_ppl_coc,fx_tot_ppl_all_ac_psh,,,,,,,,,,,,,,
956,Length of Stay,Warning,1,0,LSACalculated,"All people in Child-Only households in PSH: The average length of stay ({fx_los_all_co_psh}) (which is derived from your LSACalculated file as total bed nights divided by total people) is unusually short for PSH child-only households. By ""unusually short"" we mean the average length of stay is less than {psh_co_los_coc_low} days. Please confirm and explain. If the length of stay is determined to be accurate, are there any specific factors that could have potentially contributed to shorter household stays for this household/project type throughout the entire CoC?",fx_los_all_co_psh<&psh_co_los_coc_low. & fx_los_all_co_psh>=1 & fx_tot_ppl_all_co_psh>=&los_min_ppl_coc. & expected_reportstart=reportstart & expected_reportend=reportend,fx_los_all_co_psh,lc_c1_u15_h3_p0_r56,lc_c1_u15_h3_p0_r53,psh_co_los_coc_low,los_min_ppl_coc,fx_tot_ppl_all_co_psh,,,,,,,,,,,,,,
957,Length of Stay,Warning,1,0,LSACalculated,"All people in Adult-Only households: The average length of stay ({fx_los_all_ao}) (which is derived from your LSACalculated file as total bed nights divided by total people), among clients in {projectname}, is unusually short for this project type and household type. By ""unusually short"" we mean the average length of stay is less than {ao_los_low} days. Please confirm and explain. If the length of stay is determined to be accurate, are there any specific factors that could have potentially contributed to shorter household stays in this project?",fx_los_all_ao<ao_los_low & not missing(ao_los_low) & fx_los_all_ao>=1 & fx_tot_ppl_all_ao>=&los_min_ppl_proj. & expected_reportstart=reportstart & expected_reportend=reportend,projectid,projectname,projecttype,fx_los_all_ao,lc_c1_u10_h1_p0_r56,lc_c1_u10_h1_p0_r53,var957_1=abs(fx_los_all_ao-ao_los_low),los_min_ppl_proj,ao_los_low,fx_tot_ppl_all_ao,,,,,,,,,,
958,Length of Stay,Warning,1,0,LSACalculated,"All people in Adult-Only households: The average length of stay ({fx_los_all_ao}) (which is derived from your LSACalculated file as total bed nights divided by total people), among clients in {projectname}, is unusually long for this project type and household type. By ""unusually long"" we mean the average length of stay is more than {ao_los_high} days. Please confirm and explain. If the length of stay is determined to be accurate, are there any specific factors that could have potentially contributed to longer household stays in this project?",fx_los_all_ao>ao_los_high & not missing(ao_los_high) & fx_los_all_ao<=reportnights & fx_tot_ppl_all_ao>=&los_min_ppl_proj. & expected_reportstart=reportstart & expected_reportend=reportend,projectid,projectname,projecttype,fx_los_all_ao,lc_c1_u10_h1_p0_r56,lc_c1_u10_h1_p0_r53,var958_1=abs(fx_los_all_ao-ao_los_high),los_min_ppl_proj,ao_los_high,fx_tot_ppl_all_ao,,,,,,,,,,
959,Length of Stay,Warning,1,0,LSACalculated,"All people in Adult-Child households: The average length of stay ({fx_los_all_ac}) (which is derived from your LSACalculated file as total bed nights divided by total people), among clients in {projectname}, is unusually short for this project type and household type. By ""unusually short"" we mean the average length of stay is less than {ac_los_low} days. Please confirm and explain. If the length of stay is determined to be accurate, are there any specific factors that could have potentially contributed to shorter household stays in this project?",fx_los_all_ac<ac_los_low & not missing(ac_los_low) & fx_los_all_ac>=1 & fx_tot_ppl_all_ac>=&los_min_ppl_proj. & expected_reportstart=reportstart & expected_reportend=reportend,projectid,projectname,projecttype,fx_los_all_ac,lc_c1_u10_h2_p0_r56,lc_c1_u10_h2_p0_r53,var959_1=abs(fx_los_all_ac-ac_los_low),los_min_ppl_proj,ac_los_low,fx_tot_ppl_all_ac,,,,,,,,,,
960,Length of Stay,Warning,1,0,LSACalculated,"All people in Adult-Child households: The average length of stay ({fx_los_all_ac}) (which is derived from your LSACalculated file as total bed nights divided by total people), among clients in {projectname}, is unusually long for this project type and household type. By ""unusually long"" we mean the average length of stay is more than {ac_los_high} days. Please confirm and explain. If the length of stay is determined to be accurate, are there any specific factors that could have potentially contributed to longer household stays in this project?",fx_los_all_ac>ac_los_high & not missing(ac_los_high) & fx_los_all_ac<=reportnights & fx_tot_ppl_all_ac>=&los_min_ppl_proj. & expected_reportstart=reportstart & expected_reportend=reportend,projectid,projectname,projecttype,fx_los_all_ac,lc_c1_u10_h2_p0_r56,lc_c1_u10_h2_p0_r53,var960_1=abs(fx_los_all_ac-ac_los_high),los_min_ppl_proj,ac_los_high,fx_tot_ppl_all_ac,,,,,,,,,,
961,Length of Stay,Warning,1,0,LSACalculated,"All people in Child-Only households: The average length of stay ({fx_los_all_co}) (which is derived from your LSACalculated file as total bed nights divided by total people), among clients in {projectname}, is unusually short for this project type and household type. By ""unusually short"" we mean the average length of stay is less than {co_los_low} days. Please confirm and explain. If the length of stay is determined to be accurate, are there any specific factors that could have potentially contributed to shorter household stays in this project?",fx_los_all_co<co_los_low & not missing(co_los_low) & fx_los_all_co>=1 & fx_tot_ppl_all_co>=&los_min_ppl_proj. & expected_reportstart=reportstart & expected_reportend=reportend,projectid,projectname,projecttype,fx_los_all_co,lc_c1_u10_h3_p0_r56,lc_c1_u10_h3_p0_r53,var961_1=abs(fx_los_all_co-co_los_low),los_min_ppl_proj,co_los_low,fx_tot_ppl_all_co,,,,,,,,,,
962,Length of Stay,Warning,1,0,LSACalculated,"All people in Child-Only households: The average length of stay ({fx_los_all_co}) (which is derived from your LSACalculated file as total bed nights divided by total people), among clients in {projectname}, is unusually long for this project type and household type. By ""unusually long"" we mean the average length of stay is more than {co_los_high} days. Please confirm and explain. If the length of stay is determined to be accurate, are there any specific factors that could have potentially contributed to longer household stays in this project?",fx_los_all_co>co_los_high & not missing(co_los_high) & fx_los_all_co<=reportnights & fx_tot_ppl_all_co>=&los_min_ppl_proj. & expected_reportstart=reportstart & expected_reportend=reportend,projectid,projectname,projecttype,fx_los_all_co,lc_c1_u10_h3_p0_r56,lc_c1_u10_h3_p0_r53,var962_1=abs(fx_los_all_co-co_los_high),los_min_ppl_proj,co_los_high,fx_tot_ppl_all_co,,,,,,,,,,
963,Utilization,Warning,0,0,Inventory and LSACalculated,"All households: You reported that zero people were served (active in residence) during the entire report period in this HMIS-participating project, {projectname}. Please confirm if this is correct and explain any reasons why no people were served.",inventorymethodology=1 & fx_tot_ppl_all_all=0 & fx_avg_beds_tot_all>0 & fx_avg_ppl_all_all=0 & hmisparticipatingproject=1,projectid,projectname,projecttype,hmisparticipatingproject,fx_tot_ppl_all_all,fx_avg_beds_tot_all,inventorymethodology,fx_avg_ppl_all_all,,,,,,,,,,,,
964,Utilization,Warning,0,0,Inventory and LSACalculated,"Adult-Only households: You reported that zero people were served (active in residence) during the entire report period in this HMIS-participating project, {projectname}. Please confirm if this is correct and explain any reasons why no people in this household type were served.",inventorymethodology=1 & fx_tot_ppl_all_ao=0 & fx_avg_beds_tot_ao>0 & fx_avg_ppl_all_ao=0 & hmisparticipatingproject=1,projectid,projectname,projecttype,hmisparticipatingproject,fx_tot_ppl_all_ao,fx_avg_beds_tot_ao,inventorymethodology,fx_avg_ppl_all_ao,,,,,,,,,,,,
965,Utilization,Warning,0,0,Inventory and LSACalculated,"Adult-Child households: You reported that zero people were served (active in residence) during the entire report period in this HMIS-participating project, {projectname}. Please confirm if this is correct and explain any reasons why no people in this household type were served.",inventorymethodology=1 & fx_tot_ppl_all_ac=0 & fx_avg_beds_tot_ac>0 & fx_avg_ppl_all_ac=0 & hmisparticipatingproject=1,projectid,projectname,projecttype,hmisparticipatingproject,fx_tot_ppl_all_ac,fx_avg_beds_tot_ac,inventorymethodology,fx_avg_ppl_all_ac,,,,,,,,,,,,
966,Utilization,Warning,0,0,Inventory and LSACalculated,"Child-Only households: You reported that zero people were served (active in residence) during the entire report period in this HMIS-participating project, {projectname}. Please confirm if this is correct and explain any reasons why no people in this household type were served.",inventorymethodology=1 & fx_tot_ppl_all_co=0 & fx_avg_beds_tot_co>0 & fx_avg_ppl_all_co=0 & hmisparticipatingproject=1,projectid,projectname,projecttype,hmisparticipatingproject,fx_tot_ppl_all_co,fx_avg_beds_tot_co,inventorymethodology,fx_avg_ppl_all_co,,,,,,,,,,,,
967,Utilization,Warning,0,0,Inventory and LSACalculated,"All households: You reported that zero people were served (active in residence) during the entire report period in this HMIS-participating project, {projectname}. Please confirm if this is correct and explain any reasons why no people were served.",inventorymethodology=2 & fx_tot_ppl_all_all=0 & bx_avg_beds_tot_all>0 & fx_avg_ppl_all_all=0 & hmisparticipatingproject=1,projectid,projectname,projecttype,hmisparticipatingproject,fx_tot_ppl_all_all,bx_avg_beds_tot_all,note_bx_im2_full,inventorymethodology,fx_avg_ppl_all_all,,,,,,,,,,,
968,Utilization,Warning,0,0,Inventory and LSACalculated,"Adult-Only households: You reported that zero people were served (active in residence) during the entire report period in this HMIS-participating project, {projectname}. Please confirm if this is correct and explain any reasons why no people in this household type were served.",inventorymethodology=2 & fx_tot_ppl_all_ao=0 & bx_avg_beds_tot_ao>0 & fx_avg_ppl_all_ao=0 & hmisparticipatingproject=1,projectid,projectname,projecttype,hmisparticipatingproject,fx_tot_ppl_all_ao,bx_avg_beds_tot_ao,note_bx_im2_full,inventorymethodology,fx_avg_ppl_all_ao,,,,,,,,,,,
969,Utilization,Warning,0,0,Inventory and LSACalculated,"Adult-Child households: You reported that zero people were served (active in residence) during the entire report period in this HMIS-participating project, {projectname}. Please confirm if this is correct and explain any reasons why no people in this household type were served.",inventorymethodology=2 & fx_tot_ppl_all_ac=0 & bx_avg_beds_tot_ac>0 & fx_avg_ppl_all_ac=0 & hmisparticipatingproject=1,projectid,projectname,projecttype,hmisparticipatingproject,fx_tot_ppl_all_ac,bx_avg_beds_tot_ac,note_bx_im2_full,inventorymethodology,fx_avg_ppl_all_ac,,,,,,,,,,,
970,Utilization,Warning,0,0,Inventory and LSACalculated,"Child-Only households: You reported that zero people were served (active in residence) during the entire report period in this HMIS-participating project, {projectname}. Please confirm if this is correct and explain any reasons why no people in this household type were served.",inventorymethodology=2 & fx_tot_ppl_all_co=0 & bx_avg_beds_tot_co>0 & fx_avg_ppl_all_co=0 & hmisparticipatingproject=1,projectid,projectname,projecttype,hmisparticipatingproject,fx_tot_ppl_all_co,bx_avg_beds_tot_co,note_bx_im2_full,inventorymethodology,fx_avg_ppl_all_co,,,,,,,,,,,
971,Utilization,Warning,0,0,Inventory and LSACalculated,"Adult-Only households: You reported that all the people (in classifiable household types) served in this project's beds were in adult-only households, but the only active bed records reported in the Inventory file for this project were for adult-child and/or child-only households. Please confirm if this is correct and explain any reasons why there are no beds dedicated to adult-only households for this project.",inventorymethodology=1 & bx_avg_beds_tot_all>0 & fx_tot_ppl_all_ao>0 & bx_avg_beds_tot_ao=0 & fx_tot_ppl_all_ac<=0 & fx_tot_ppl_all_co<=0 & hmisparticipatingproject=1,projectid,projectname,projecttype,hmisparticipatingproject,fx_tot_ppl_all_ao,fx_tot_ppl_all_ac,fx_tot_ppl_all_co,fx_avg_beds_tot_ao,fx_avg_beds_tot_ac,fx_avg_beds_tot_co,inventorymethodology,bx_avg_beds_tot_ao,bx_avg_beds_tot_all,,,,,,,
972,Utilization,Warning,0,0,Inventory and LSACalculated,"Adult-Child households: You reported that all the people (in classifiable household types) served in this project's beds were in adult-child households, but the only active bed records reported in the Inventory file for this project were for adult-only and/or child-only households. Please confirm if this is correct and explain any reasons why there are no beds dedicated to adult-child households for this project.",inventorymethodology=1 & bx_avg_beds_tot_all>0 & fx_tot_ppl_all_ac>0 & bx_avg_beds_tot_ac=0 & fx_tot_ppl_all_ao<=0 & fx_tot_ppl_all_co<=0 & hmisparticipatingproject=1,projectid,projectname,projecttype,hmisparticipatingproject,fx_tot_ppl_all_ao,fx_tot_ppl_all_ac,fx_tot_ppl_all_co,fx_avg_beds_tot_ao,fx_avg_beds_tot_ac,fx_avg_beds_tot_co,inventorymethodology,bx_avg_beds_tot_all,bx_avg_beds_tot_ac,,,,,,,
973,Utilization,Warning,0,0,Inventory and LSACalculated,"Child-Only households: You reported that all the people (in classifiable household types) served in this project's beds were in child-only households, but the only active bed records reported in the Inventory file for this project were for adult-child and/or adult-only households. Please confirm if this is correct and explain any reasons why there are no beds dedicated to child-only households for this project.",inventorymethodology=1 & bx_avg_beds_tot_all>0 & fx_tot_ppl_all_co>0 & bx_avg_beds_tot_co=0 & fx_tot_ppl_all_ao<=0 & fx_tot_ppl_all_ac<=0 & hmisparticipatingproject=1,projectid,projectname,projecttype,hmisparticipatingproject,fx_tot_ppl_all_ao,fx_tot_ppl_all_ac,fx_tot_ppl_all_co,fx_avg_beds_tot_ao,fx_avg_beds_tot_ac,fx_avg_beds_tot_co,inventorymethodology,bx_avg_beds_tot_co,bx_avg_beds_tot_all,,,,,,,
974,Utilization,Warning,0,0,Inventory and LSACalculated,"Adult-Only households: You reported that all the people (in classifiable household types) served in this project's beds were in adult-only households, but the only active bed records reported in the Inventory file for this project were for adult-child and/or child-only households. Please confirm if this is correct and explain any reasons why there are no beds dedicated to adult-only households for this project.",inventorymethodology=2 & bx_avg_beds_tot_all>0 & fx_tot_ppl_all_ao>0 & bx_avg_beds_tot_ao=0 & fx_tot_ppl_all_ac<=0 & fx_tot_ppl_all_co<=0 & hmisparticipatingproject=1,projectid,projectname,projecttype,hmisparticipatingproject,fx_tot_ppl_all_ao,fx_tot_ppl_all_ac,fx_tot_ppl_all_co,bx_avg_beds_tot_ao,bx_avg_beds_tot_ac,bx_avg_beds_tot_co,note_bx_im2_full,inventorymethodology,bx_avg_beds_tot_all,,,,,,,
975,Utilization,Warning,0,0,Inventory and LSACalculated,"Adult-Child households: You reported that all the people (in classifiable household types) served in this project's beds were in adult-child households, but the only active bed records reported in the Inventory file for this project were for adult-only and/or child-only households. Please confirm if this is correct and explain any reasons why there are no beds dedicated to adult-child households for this project.",inventorymethodology=2 & bx_avg_beds_tot_all>0 & fx_tot_ppl_all_ac>0 & bx_avg_beds_tot_ac=0 & fx_tot_ppl_all_ao<=0 & fx_tot_ppl_all_co<=0 & hmisparticipatingproject=1,projectid,projectname,projecttype,hmisparticipatingproject,fx_tot_ppl_all_ao,fx_tot_ppl_all_ac,fx_tot_ppl_all_co,bx_avg_beds_tot_ao,bx_avg_beds_tot_ac,bx_avg_beds_tot_co,note_bx_im2_full,inventorymethodology,bx_avg_beds_tot_all,,,,,,,
976,Utilization,Warning,0,0,Inventory and LSACalculated,"Child-Only households: You reported that all the people (in classifiable household types) served in this project's beds were in child-only households, but the only active bed records reported in the Inventory file for this project were for adult-child and/or adult-only households. Please confirm if this is correct and explain any reasons why there are no beds dedicated to child-only households for this project.",inventorymethodology=2 & bx_avg_beds_tot_all>0 & fx_tot_ppl_all_co>0 & bx_avg_beds_tot_co=0 & fx_tot_ppl_all_ao<=0 & fx_tot_ppl_all_ac<=0 & hmisparticipatingproject=1,projectid,projectname,projecttype,hmisparticipatingproject,fx_tot_ppl_all_ao,fx_tot_ppl_all_ac,fx_tot_ppl_all_co,bx_avg_beds_tot_ao,bx_avg_beds_tot_ac,bx_avg_beds_tot_co,note_bx_im2_full,inventorymethodology,bx_avg_beds_tot_all,,,,,,,
977,Utilization,Warning,0,0,Inventory and LSACalculated,"Adult-Only households: A substantial proportion of clients in this project were served in adult-only households, but none of the active bed records for this project in your Inventory file reported adult-only beds. Please confirm and explain. Please confirm if this is correct and explain any reasons why there are no active beds dedicated to this household type in this project.","inventorymethodology=1 & bx_avg_beds_tot_all>0 & fx_tot_ppl_all_ao>9 & bx_avg_beds_tot_ao=0 & divide(fx_tot_ppl_all_ao,fx_tot_ppl_all_all)>0.4 & max(fx_tot_ppl_all_ac,fx_tot_ppl_all_co)>0",projectid,projectname,projecttype,hmisparticipatingproject,fx_tot_ppl_all_ao,fx_tot_ppl_all_ac,fx_tot_ppl_all_co,fx_avg_beds_tot_ao,fx_avg_beds_tot_ac,fx_avg_beds_tot_co,inventorymethodology,bx_avg_beds_tot_all,bx_avg_beds_tot_ao,fx_tot_ppl_all_all,,,,,,
978,Utilization,Warning,0,0,Inventory and LSACalculated,"Adult-Child households: A substantial proportion of clients in this project were served in adult-child households, but none of the active bed records for this project in your Inventory file reported adult-child beds. Please confirm and explain. Please confirm if this is correct and explain any reasons why there are no active beds dedicated to this household type in this project.","inventorymethodology=1 & bx_avg_beds_tot_all>0 & fx_tot_ppl_all_ac>9 & bx_avg_beds_tot_ac=0 & divide(fx_tot_ppl_all_ac,fx_tot_ppl_all_all)>0.4 & max(fx_tot_ppl_all_ao,fx_tot_ppl_all_co)>0",projectid,projectname,projecttype,hmisparticipatingproject,fx_tot_ppl_all_ao,fx_tot_ppl_all_ac,fx_tot_ppl_all_co,fx_avg_beds_tot_ao,fx_avg_beds_tot_ac,fx_avg_beds_tot_co,inventorymethodology,bx_avg_beds_tot_all,bx_avg_beds_tot_ac,fx_tot_ppl_all_all,,,,,,
979,Utilization,Warning,0,0,Inventory and LSACalculated,"Child-Only households: A substantial proportion of clients in this project were served in child-only households, but none of the active bed records for this project in your Inventory file reported child-only beds. Please confirm and explain. Please confirm if this is correct and explain any reasons why there are no active beds dedicated to this household type in this project.","inventorymethodology=1 & bx_avg_beds_tot_all>0 & fx_tot_ppl_all_co>9 & bx_avg_beds_tot_co=0 & divide(fx_tot_ppl_all_co,fx_tot_ppl_all_all)>0.4 & max(fx_tot_ppl_all_ao,fx_tot_ppl_all_ac)>0",projectid,projectname,projecttype,hmisparticipatingproject,fx_tot_ppl_all_ao,fx_tot_ppl_all_ac,fx_tot_ppl_all_co,fx_avg_beds_tot_ao,fx_avg_beds_tot_ac,fx_avg_beds_tot_co,inventorymethodology,bx_avg_beds_tot_all,bx_avg_beds_tot_co,fx_tot_ppl_all_all,,,,,,
980,Utilization,Warning,0,0,Inventory and LSACalculated,"Adult-Only households: A substantial proportion of clients in this project were served in adult-only households, but none of the active bed records for this project in your Inventory file reported adult-only beds. Please confirm and explain. Please confirm if this is correct and explain any reasons why there are no active beds dedicated to this household type in this project.","inventorymethodology=2 & bx_avg_beds_tot_all>0 & fx_tot_ppl_all_ao>9 & bx_avg_beds_tot_ao=0 & divide(fx_tot_ppl_all_ao,fx_tot_ppl_all_all)>0.4 & max(fx_tot_ppl_all_ac,fx_tot_ppl_all_co)>0",projectid,projectname,projecttype,hmisparticipatingproject,fx_tot_ppl_all_ao,fx_tot_ppl_all_ac,fx_tot_ppl_all_co,bx_avg_beds_tot_ao,bx_avg_beds_tot_ac,bx_avg_beds_tot_co,note_bx_im2_full,inventorymethodology,bx_avg_beds_tot_all,fx_tot_ppl_all_all,,,,,,
981,Utilization,Warning,0,0,Inventory and LSACalculated,"Adult-Child households: A substantial proportion of clients in this project were served in adult-child households, but none of the active bed records for this project in your Inventory file reported adult-child beds. Please confirm and explain. Please confirm if this is correct and explain any reasons why there are no active beds dedicated to this household type in this project.","inventorymethodology=2 & bx_avg_beds_tot_all>0 & fx_tot_ppl_all_ac>9 & bx_avg_beds_tot_ac=0 & divide(fx_tot_ppl_all_ac,fx_tot_ppl_all_all)>0.4 & max(fx_tot_ppl_all_ao,fx_tot_ppl_all_co)>0",projectid,projectname,projecttype,hmisparticipatingproject,fx_tot_ppl_all_ao,fx_tot_ppl_all_ac,fx_tot_ppl_all_co,bx_avg_beds_tot_ao,bx_avg_beds_tot_ac,bx_avg_beds_tot_co,note_bx_im2_full,inventorymethodology,bx_avg_beds_tot_all,fx_tot_ppl_all_all,,,,,,
982,Utilization,Warning,0,0,Inventory and LSACalculated,"Child-Only households: A substantial proportion of clients in this project were served in child-only households, but none of the active bed records for this project in your Inventory file reported child-only beds. Please confirm and explain. Please confirm if this is correct and explain any reasons why there are no active beds dedicated to this household type in this project.","inventorymethodology=2 & bx_avg_beds_tot_all>0 & fx_tot_ppl_all_co>9 & bx_avg_beds_tot_co=0 & divide(fx_tot_ppl_all_co,fx_tot_ppl_all_all)>0.4 & max(fx_tot_ppl_all_ao,fx_tot_ppl_all_ac)>0",projectid,projectname,projecttype,hmisparticipatingproject,fx_tot_ppl_all_ao,fx_tot_ppl_all_ac,fx_tot_ppl_all_co,bx_avg_beds_tot_ao,bx_avg_beds_tot_ac,bx_avg_beds_tot_co,note_bx_im2_full,inventorymethodology,bx_avg_beds_tot_all,fx_tot_ppl_all_all,,,,,,
983,Utilization,Warning,0,0,Inventory and LSACalculated,"All households in ES/SH/TH: No people were served during the report period in your CoC's HMIS-participating beds for this project type. Please check the data to see if this is correct. If it is, describe any reason(s) why this project type did not serve any households.",fx_avg_util_all_all_est=0 & expected_reportstart=reportstart & expected_reportend=reportend,fx_avg_ppl_all_all_est,fx_avg_beds_tot_h_all_est,fx_avg_util_all_all_est,,,,,,,,,,,,,,,,,
984,Utilization,Warning,0,0,Inventory and LSACalculated,"All households in ES: No people were served during the report period in your CoC's HMIS-participating beds for this project type. Please check the data to see if this is correct. If it is, describe any reason(s) why this project type did not serve any households.",fx_avg_util_all_all_es=0 & expected_reportstart=reportstart & expected_reportend=reportend,fx_avg_ppl_all_all_es,fx_avg_beds_tot_h_all_es,fx_avg_util_all_all_es,,,,,,,,,,,,,,,,,
985,Utilization,Warning,0,0,Inventory and LSACalculated,"All households in SH: No people were served during the report period in your CoC's HMIS-participating beds for this project type. Please check the data to see if this is correct. If it is, describe any reason(s) why this project type did not serve any households.",fx_avg_util_all_all_sh=0 & expected_reportstart=reportstart & expected_reportend=reportend,fx_avg_ppl_all_all_sh,fx_avg_beds_tot_h_all_sh,fx_avg_util_all_all_sh,,,,,,,,,,,,,,,,,
986,Utilization,Warning,0,0,Inventory and LSACalculated,"All households in TH: No people were served during the report period in your CoC's HMIS-participating beds for this project type. Please check the data to see if this is correct. If it is, describe any reason(s) why this project type did not serve any households.",fx_avg_util_all_all_th=0 & expected_reportstart=reportstart & expected_reportend=reportend,fx_avg_ppl_all_all_th,fx_avg_beds_tot_h_all_th,fx_avg_util_all_all_th,,,,,,,,,,,,,,,,,
987,Utilization,Warning,0,0,Inventory and LSACalculated,"All households in PSH: There were zero people occupying your CoC's HMIS-participating beds for this project type. In other words, your LSA reports no households with a Housing Move-In Date before or during the report period for this project type. Please check the data to see if this is correct. If it is, please describe any reason(s) why this project type did not house any households during the report.",fx_avg_util_all_all_psh=0 & expected_reportstart=reportstart & expected_reportend=reportend,fx_avg_ppl_all_all_psh,fx_avg_beds_tot_h_all_psh,fx_avg_util_all_all_psh,,,,,,,,,,,,,,,,,
988,Utilization,Warning,0,0,Inventory and LSACalculated,"Adult-Only households in ES/SH/TH: No people were served during the report period in your CoC's HMIS-participating beds for this household type and project type. Please check the data to see if this is correct. If it is, describe any reason(s) why this project type did not serve clients of this household type.",fx_avg2_util_all_ao_est=0 & expected_reportstart=reportstart & expected_reportend=reportend,fx_avg_ppl_all_ao_est,fx_avg2_beds_tot_h_ao_est,fx_avg2_util_all_ao_est,,,,,,,,,,,,,,,,,
989,Utilization,Warning,0,0,Inventory and LSACalculated,"Adult-Only households in ES: No people were served during the report period in your CoC's HMIS-participating beds for this household type and project type. Please check the data to see if this is correct. If it is, describe any reason(s) why this project type did not serve clients of this household type.",fx_avg2_util_all_ao_es=0 & expected_reportstart=reportstart & expected_reportend=reportend,fx_avg_ppl_all_ao_es,fx_avg2_beds_tot_h_ao_es,fx_avg2_util_all_ao_es,,,,,,,,,,,,,,,,,
990,Utilization,Warning,0,0,Inventory and LSACalculated,"Adult-Only households in SH: No people were served during the report period in your CoC's HMIS-participating beds for this household type and project type. Please check the data to see if this is correct. If it is, describe any reason(s) why this project type did not serve clients of this household type.",fx_avg2_util_all_ao_sh=0 & expected_reportstart=reportstart & expected_reportend=reportend,fx_avg_ppl_all_ao_sh,fx_avg2_beds_tot_h_ao_sh,fx_avg2_util_all_ao_sh,,,,,,,,,,,,,,,,,
991,Utilization,Warning,0,0,Inventory and LSACalculated,"Adult-Only households in TH: No people were served during the report period in your CoC's HMIS-participating beds for this household type and project type. Please check the data to see if this is correct. If it is, describe any reason(s) why this project type did not serve clients of this household type.",fx_avg2_util_all_ao_th=0 & expected_reportstart=reportstart & expected_reportend=reportend,fx_avg_ppl_all_ao_th,fx_avg2_beds_tot_h_ao_th,fx_avg2_util_all_ao_th,,,,,,,,,,,,,,,,,
992,Utilization,Warning,0,0,Inventory and LSACalculated,"Adult-Only households in PSH: There were zero people occupying your CoC's HMIS-participating beds for this this household type and project type. In other words, your LSA reports no Adult-Only households with a Housing Move-In Date before or during the report period for this project type. Please check the data to see if this is correct. If it is, please describe any reason(s) why this project type did not house any Adult-Only households during the report.",fx_avg2_util_all_ao_psh=0 & expected_reportstart=reportstart & expected_reportend=reportend,fx_avg_ppl_all_ao_psh,fx_avg2_beds_tot_h_ao_psh,fx_avg2_util_all_ao_psh,,,,,,,,,,,,,,,,,
993,Utilization,Warning,0,0,Inventory and LSACalculated,"Adult-Child households in ES/SH/TH: No people were served during the report period in your CoC's HMIS-participating beds for this household type and project type. Please check the data to see if this is correct. If it is, describe any reason(s) why this project type did not serve clients of this household type.",fx_avg2_util_all_ac_est=0 & expected_reportstart=reportstart & expected_reportend=reportend,fx_avg_ppl_all_ac_est,fx_avg2_beds_tot_h_ac_est,fx_avg2_util_all_ac_est,,,,,,,,,,,,,,,,,
994,Utilization,Warning,0,0,Inventory and LSACalculated,"Adult-Child households in ES: No people were served during the report period in your CoC's HMIS-participating beds for this household type and project type. Please check the data to see if this is correct. If it is, describe any reason(s) why this project type did not serve clients of this household type.",fx_avg2_util_all_ac_es=0 & expected_reportstart=reportstart & expected_reportend=reportend,fx_avg_ppl_all_ac_es,fx_avg2_beds_tot_h_ac_es,fx_avg2_util_all_ac_es,,,,,,,,,,,,,,,,,
995,Utilization,Warning,0,0,Inventory and LSACalculated,"Adult-Child households in SH: No people were served during the report period in your CoC's HMIS-participating beds for this household type and project type. Please check the data to see if this is correct. If it is, describe any reason(s) why this project type did not serve clients of this household type.",fx_avg2_util_all_ac_sh=0 & expected_reportstart=reportstart & expected_reportend=reportend,fx_avg_ppl_all_ac_sh,fx_avg2_beds_tot_h_ac_sh,fx_avg2_util_all_ac_sh,,,,,,,,,,,,,,,,,
996,Utilization,Warning,0,0,Inventory and LSACalculated,"Adult-Child households in TH: No people were served during the report period in your CoC's HMIS-participating beds for this household type and project type. Please check the data to see if this is correct. If it is, describe any reason(s) why this project type did not serve clients of this household type.",fx_avg2_util_all_ac_th=0 & expected_reportstart=reportstart & expected_reportend=reportend,fx_avg_ppl_all_ac_th,fx_avg2_beds_tot_h_ac_th,fx_avg2_util_all_ac_th,,,,,,,,,,,,,,,,,
997,Utilization,Warning,0,0,Inventory and LSACalculated,"Adult-Child households in PSH: There were zero people occupying your CoC's HMIS-participating beds for this this household type and project type. In other words, your LSA reports no Adult-Child households with a Housing Move-In Date before or during the report period for this project type. Please check the data to see if this is correct. If it is, please describe any reason(s) why this project type did not house any Adult-Child households during the report.",fx_avg2_util_all_ac_psh=0 & expected_reportstart=reportstart & expected_reportend=reportend,fx_avg_ppl_all_ac_psh,fx_avg2_beds_tot_h_ac_psh,fx_avg2_util_all_ac_psh,,,,,,,,,,,,,,,,,
998,Utilization,Warning,0,0,Inventory and LSACalculated,"Child-Only households in ES/SH/TH: No people were served during the report period in your CoC's HMIS-participating beds for this household type and project type. Please check the data to see if this is correct. If it is, describe any reason(s) why this project type did not serve clients of this household type.",fx_avg2_util_all_co_est=0 & expected_reportstart=reportstart & expected_reportend=reportend,fx_avg_ppl_all_co_est,fx_avg2_beds_tot_h_co_est,fx_avg2_util_all_co_est,,,,,,,,,,,,,,,,,
999,Utilization,Warning,0,0,Inventory and LSACalculated,"Child-Only households in ES: No people were served during the report period in your CoC's HMIS-participating beds for this household type and project type. Please check the data to see if this is correct. If it is, describe any reason(s) why this project type did not serve clients of this household type.",fx_avg2_util_all_co_es=0 & expected_reportstart=reportstart & expected_reportend=reportend,fx_avg_ppl_all_co_es,fx_avg2_beds_tot_h_co_es,fx_avg2_util_all_co_es,,,,,,,,,,,,,,,,,
1000,Utilization,Warning,0,0,Inventory and LSACalculated,"Child-Only households in SH: No people were served during the report period in your CoC's HMIS-participating beds for this household type and project type. Please check the data to see if this is correct. If it is, describe any reason(s) why this project type did not serve clients of this household type.",fx_avg2_util_all_co_sh=0 & expected_reportstart=reportstart & expected_reportend=reportend,fx_avg_ppl_all_co_sh,fx_avg2_beds_tot_h_co_sh,fx_avg2_util_all_co_sh,,,,,,,,,,,,,,,,,
1001,Utilization,Warning,0,0,Inventory and LSACalculated,"Child-Only households in TH: No people were served during the report period in your CoC's HMIS-participating beds for this household type and project type. Please check the data to see if this is correct. If it is, describe any reason(s) why this project type did not serve clients of this household type.",fx_avg2_util_all_co_th=0 & expected_reportstart=reportstart & expected_reportend=reportend,fx_avg_ppl_all_co_th,fx_avg2_beds_tot_h_co_th,fx_avg2_util_all_co_th,,,,,,,,,,,,,,,,,
1002,Utilization,Warning,0,0,Inventory and LSACalculated,"Child-Only households in PSH: There were zero people occupying your CoC's HMIS-participating beds for this this household type and project type. In other words, your LSA reports no Child-Only households with a Housing Move-In Date before or during the report period for this project type. Please check the data to see if this is correct. If it is, please describe any reason(s) why this project type did not house any Child-Only households during the report.",fx_avg2_util_all_co_psh=0 & expected_reportstart=reportstart & expected_reportend=reportend,fx_avg_ppl_all_co_psh,fx_avg2_beds_tot_h_co_psh,fx_avg2_util_all_co_psh,,,,,,,,,,,,,,,,,
1003,Utilization,Warning,0,0,Inventory and LSACalculated,"All households in ES/SH/TH: An average of ({fx_avg_ppl_all_all_est}) people were served in ({fx_avg_beds_tot_h_all_est}) available beds on a given night. That results in a low utilization rate of ({fx_avg_util_all_all_est}%). Please check your data and let us know if 1) only the average number of people ({fx_avg_ppl_all_all_est}) is inaccurate, 2) only the average number of available beds ({fx_avg_beds_tot_h_all_est}) is inaccurate, 3) both numbers are inaccurate, or 4) the data is accurate. If either number is inaccurate, please update your data and reupload it to HDX. If both numbers are accurate, please explain why the utilization rate  is so low.",fx_avg_util_all_all_est>0 & fx_avg_util_all_all_est<0.65 & expected_reportstart=reportstart & expected_reportend=reportend,fx_avg_util_all_all_est,fx_avg_ppl_all_all_est,fx_avg_beds_tot_h_all_est,,,,,,,,,,,,,,,,,
1004,Utilization,Warning,0,0,Inventory and LSACalculated,"All households in ES: An average of ({fx_avg_ppl_all_all_es}) people were served in ({fx_avg_beds_tot_h_all_es}) available beds on a given night. That results in a low utilization rate of ({fx_avg_util_all_all_es}%). Please check your data and let us know if 1) only the average number of people ({fx_avg_ppl_all_all_es}) is inaccurate, 2) only the average number of available beds ({fx_avg_beds_tot_h_all_es}) is inaccurate, 3) both numbers are inaccurate, or 4) the data is accurate. If either number is inaccurate, please update your data and reupload it to HDX. If both numbers are accurate, please explain why the utilization rate  is so low.",fx_avg_util_all_all_es>0 & fx_avg_util_all_all_es<0.65 & expected_reportstart=reportstart & expected_reportend=reportend,fx_avg_util_all_all_es,fx_avg_ppl_all_all_es,fx_avg_beds_tot_h_all_es,,,,,,,,,,,,,,,,,
1005,Utilization,Warning,0,0,Inventory and LSACalculated,"All households in SH: An average of ({fx_avg_ppl_all_all_sh}) people were served in ({fx_avg_beds_tot_h_all_sh}) available beds on a given night. That results in a low utilization rate of ({fx_avg_util_all_all_sh}%). Please check your data and let us know if 1) only the average number of people ({fx_avg_ppl_all_all_sh}) is inaccurate, 2) only the average number of available beds ({fx_avg_beds_tot_h_all_sh}) is inaccurate, 3) both numbers are inaccurate, or 4) the data is accurate. If either number is inaccurate, please update your data and reupload it to HDX. If both numbers are accurate, please explain why the utilization rate  is so low.",fx_avg_util_all_all_sh>0 & fx_avg_util_all_all_sh<0.65 & expected_reportstart=reportstart & expected_reportend=reportend,fx_avg_util_all_all_sh,fx_avg_ppl_all_all_sh,fx_avg_beds_tot_h_all_sh,,,,,,,,,,,,,,,,,
1006,Utilization,Warning,0,0,Inventory and LSACalculated,"All households in TH: An average of ({fx_avg_ppl_all_all_th}) people were served in ({fx_avg_beds_tot_h_all_th}) available beds on a given night. That results in a low utilization rate of ({fx_avg_util_all_all_th}%). Please check your data and let us know if 1) only the average number of people ({fx_avg_ppl_all_all_th}) is inaccurate, 2) only the average number of available beds ({fx_avg_beds_tot_h_all_th}) is inaccurate, 3) both numbers are inaccurate, or 4) the data is accurate. If either number is inaccurate, please update your data and reupload it to HDX. If both numbers are accurate, please explain why the utilization rate  is so low.",fx_avg_util_all_all_th>0 & fx_avg_util_all_all_th<0.65 & expected_reportstart=reportstart & expected_reportend=reportend,fx_avg_util_all_all_th,fx_avg_ppl_all_all_th,fx_avg_beds_tot_h_all_th,,,,,,,,,,,,,,,,,
1007,Utilization,Warning,0,0,Inventory and LSACalculated,"All households in PSH: An average of ({fx_avg_ppl_all_all_psh}) people occupied ({fx_avg_beds_tot_h_all_psh}) available beds on a given night. That results in a low utilization rate of ({fx_avg_util_all_all_psh}%). Please check your data and let us know if 1) only the average number of people ({fx_avg_ppl_all_all_psh}) is inaccurate, 2) only the average number of available beds ({fx_avg_beds_tot_h_all_psh}) is inaccurate, 3) both numbers are inaccurate, or 4) the data is accurate. If either number is inaccurate, please update your data and reupload it to HDX. If both numbers are accurate, please explain why the utilization rate  is so low. Note that only households with a Housing Move-In Date contribute to the utilization rate seen in this flag.",fx_avg_util_all_all_psh>0 & fx_avg_util_all_all_psh<0.65 & expected_reportstart=reportstart & expected_reportend=reportend,fx_avg_util_all_all_psh,fx_avg_ppl_all_all_psh,fx_avg_beds_tot_h_all_psh,,,,,,,,,,,,,,,,,
1008,Utilization,Warning,0,0,Inventory and LSACalculated,"All households: {projectname}'s utilization rate for all households ({fx_avg_util_all_all}%) is unusually low. By “low”, we mean under 25% utilization. If this is correct, please describe any reasons why the utilization rate for this project was lower than expected.","inventorymethodology=1 & fx_avg_util_all_all>0 & fx_avg_util_all_all<=0.25 & max(fx_avg_ppl_all_all,fx_avg_beds_tot_all)>=20 & expected_reportstart=reportstart & expected_reportend=reportend & hmisparticipatingproject=1",projectid,projectname,projecttype,fx_avg_util_all_all,fx_avg_ppl_all_all,fx_avg_beds_tot_all,inventorymethodology,hmisparticipatingproject,,,,,,,,,,,,
1009,Utilization,Warning,0,0,Inventory and LSACalculated,"Adult-Only households in ES/SH/TH: An average of ({fx_avg_ppl_all_ao_est}) people were served in ({fx_avg_beds_tot_h_ao_est}) available beds on a given night. That results in a low utilization rate of ({fx_avg_util_all_ao_est}%). Please check your data and let us know if 1) only the average number of people ({fx_avg_ppl_all_ao_est}) is inaccurate, 2) only the average number of available beds ({fx_avg_beds_tot_h_ao_est}) is inaccurate, 3) both numbers are inaccurate, or 4) the data is accurate. If either number is inaccurate, please update your data and reupload it to HDX. If both numbers are accurate, please explain why the utilization rate  is so low. (We calculated utilization in two ways for this flag. The first utilization rate ({fx_avg_util_all_ao_est}%) is the average number of people divided by the average number of HMIS beds. The second version of the utilization rate ({fx_avg2_util_all_ao_est}%) adjusts the average HMIS beds for any possible floating beds in case the actual usage of those beds by household type was different from their planned usage. This flag was only triggered in cases where both versions of the utilization rate were unusually low.)",fx_avg2_util_all_ao_est>0 & fx_avg2_util_all_ao_est<0.65 & fx_avg_util_all_ao_est<0.65 & expected_reportstart=reportstart & expected_reportend=reportend,fx_avg_util_all_ao_est,fx_avg2_util_all_ao_est,fx_avg_ppl_all_ao_est,fx_avg_beds_tot_h_ao_est,fx_avg2_beds_tot_h_ao_est,,,,,,,,,,,,,,,
1010,Utilization,Warning,0,0,Inventory and LSACalculated,"Adult-Only households in ES: An average of ({fx_avg_ppl_all_ao_es}) people were served in ({fx_avg_beds_tot_h_ao_es}) available beds on a given night. That results in a low utilization rate of ({fx_avg_util_all_ao_es}%). Please check your data and let us know if 1) only the average number of people ({fx_avg_ppl_all_ao_es}) is inaccurate, 2) only the average number of available beds ({fx_avg_beds_tot_h_ao_es}) is inaccurate, 3) both numbers are inaccurate, or 4) the data is accurate. If either number is inaccurate, please update your data and reupload it to HDX. If both numbers are accurate, please explain why the utilization rate  is so low. (We calculated utilization in two ways for this flag. The first utilization rate ({fx_avg_util_all_ao_es}%) is the average number of people divided by the average number of HMIS beds. The second version of the utilization rate ({fx_avg2_util_all_ao_es}%) adjusts the average HMIS beds for any possible floating beds in case the actual usage of those beds by household type was different from their planned usage. This flag was only triggered in cases where both versions of the utilization rate were unusually low.)",fx_avg2_util_all_ao_es>0 & fx_avg2_util_all_ao_es<0.65 & fx_avg_util_all_ao_es<0.65 & expected_reportstart=reportstart & expected_reportend=reportend,fx_avg_util_all_ao_es,fx_avg2_util_all_ao_es,fx_avg_ppl_all_ao_es,fx_avg_beds_tot_h_ao_es,fx_avg2_beds_tot_h_ao_es,,,,,,,,,,,,,,,
1011,Utilization,Warning,0,0,Inventory and LSACalculated,"Adult-Only households in SH: An average of ({fx_avg_ppl_all_ao_sh}) people were served in ({fx_avg_beds_tot_h_ao_sh}) available beds on a given night. That results in a low utilization rate of ({fx_avg_util_all_ao_sh}%). Please check your data and let us know if 1) only the average number of people ({fx_avg_ppl_all_ao_sh}) is inaccurate, 2) only the average number of available beds ({fx_avg_beds_tot_h_ao_sh}) is inaccurate, 3) both numbers are inaccurate, or 4) the data is accurate. If either number is inaccurate, please update your data and reupload it to HDX. If both numbers are accurate, please explain why the utilization rate  is so low. The first utilization rate ({fx_avg_util_all_ao_sh}%) is the average number of people divided by the average number of HMIS beds. The second version of the utilization rate ({fx_avg2_util_all_ao_sh}%) adjusts the average HMIS beds for any possible floating beds in case the actual usage of those beds by household type was different from their planned usage. This flag was only triggered in cases where both versions of the utilization rate were unusually low.)",fx_avg2_util_all_ao_sh>0 & fx_avg2_util_all_ao_sh<0.65 & fx_avg_util_all_ao_sh<0.65 & expected_reportstart=reportstart & expected_reportend=reportend,fx_avg_util_all_ao_sh,fx_avg2_util_all_ao_sh,fx_avg_ppl_all_ao_sh,fx_avg_beds_tot_h_ao_sh,fx_avg2_beds_tot_h_ao_sh,,,,,,,,,,,,,,,
1012,Utilization,Warning,0,0,Inventory and LSACalculated,"Adult-Only households in TH: An average of ({fx_avg_ppl_all_ao_th}) people were served in ({fx_avg_beds_tot_h_ao_th}) available beds on a given night. That results in a low utilization rate of ({fx_avg_util_all_ao_th}%). Please check your data and let us know if 1) only the average number of people ({fx_avg_ppl_all_ao_th}) is inaccurate, 2) only the average number of available beds ({fx_avg_beds_tot_h_ao_th}) is inaccurate, 3) both numbers are inaccurate, or 4) the data is accurate. If either number is inaccurate, please update your data and reupload it to HDX. If both numbers are accurate, please explain why the utilization rate  is so low. (We calculated utilization in two ways for this flag. The first utilization rate ({fx_avg_util_all_ao_th}%) is the average number of people divided by the average number of HMIS beds. The second version of the utilization rate ({fx_avg2_util_all_ao_th}%) adjusts the average HMIS beds for any possible floating beds in case the actual usage of those beds by household type was different from their planned usage. This flag was only triggered in cases where both versions of the utilization rate were unusually low.)",fx_avg2_util_all_ao_th>0 & fx_avg2_util_all_ao_th<0.65 & fx_avg_util_all_ao_th<0.65 & expected_reportstart=reportstart & expected_reportend=reportend,fx_avg_util_all_ao_th,fx_avg2_util_all_ao_th,fx_avg_ppl_all_ao_th,fx_avg_beds_tot_h_ao_th,fx_avg2_beds_tot_h_ao_th,,,,,,,,,,,,,,,
1013,Utilization,Warning,0,0,Inventory and LSACalculated,"Adult-Only households in PSH: An average of ({fx_avg_ppl_all_ao_psh}) people occupied ({fx_avg_beds_tot_h_ao_psh}) available beds on a given night. That results in a low utilization rate of ({fx_avg_util_all_ao_psh}%). Please check your data and let us know if 1) only the average number of people ({fx_avg_ppl_all_ao_psh}) is inaccurate, 2) only the average number of available beds ({fx_avg_beds_tot_h_ao_psh}) is inaccurate, 3) both numbers are inaccurate, or 4) the data is accurate. If either number is inaccurate, please update your data and reupload it to HDX. If both numbers are accurate, please explain why the utilization rate  is so low. Note that only households with a Housing Move-In Date contribute to the utilization rate seen in this flag. (Utilization was calculated in two ways for this flag: The first utilization rate is a standard measure of average people divided by average HMIS beds. The second version of the utilization rate adjusts the average HMIS beds for any possible floating beds in case the actual usage of those beds by household type differed from their planned usage--e.g., if people in AC households used a project's beds more often than was planned. This particular flag was only triggered in cases where both versions of the utilization rate were unusually low.)",fx_avg2_util_all_ao_psh>0 & fx_avg2_util_all_ao_psh<0.65 & fx_avg_util_all_ao_psh<0.65 & expected_reportstart=reportstart & expected_reportend=reportend,fx_avg_util_all_ao_psh,fx_avg2_util_all_ao_psh,fx_avg_ppl_all_ao_psh,fx_avg_beds_tot_h_ao_psh,fx_avg2_beds_tot_h_ao_psh,,,,,,,,,,,,,,,
1014,Utilization,Warning,0,0,Inventory and LSACalculated,"Adult-Only households: {projectname}'s utilization rate for this household type is unusually low. By “low”, we mean under 25% utilization. If this is correct, please describe any reasons why the utilization rate for this project was lower than expected for this specific household type. (We calculated utilization in two ways for this flag: The first utilization rate is a standard measure of average people divided by average HMIS beds. The second version of the utilization rate adjusts the denominator, the average HMIS beds, for any possible floating beds, in case the actual usage of those beds by household type differed from their planned usage. For example, there may be situations where people in AC households used a project's beds more often than was planned, relative to people in AO and CO households. This flag only triggers in cases where BOTH versions of the utilization rate were unusually low.)","inventorymethodology=1 & fx_avg2_util_all_ao>0 & fx_avg2_util_all_ao<=0.25 & fx_avg_util_all_ao<=0.25 & max(fx_avg_ppl_all_ao,fx_avg2_beds_tot_ao)>=20 & expected_reportstart=reportstart & expected_reportend=reportend & hmisparticipatingproject=1",projectid,projectname,projecttype,fx_avg_util_all_ao,fx_avg2_util_all_ao,fx_avg_ppl_all_ao,fx_avg_beds_tot_ao,fx_avg2_beds_tot_ao,inventorymethodology,hmisparticipatingproject,,,,,,,,,,
1015,Utilization,Warning,0,0,Inventory and LSACalculated,"Adult-Child households in ES/SH/TH: An average of ({fx_avg_ppl_all_ac_est}) people were served in ({fx_avg_beds_tot_h_ac_est}) available beds on a given night. That results in a low utilization rate of ({fx_avg_util_all_ac_est}%). Please check your data and let us know if 1) only the average number of people ({fx_avg_ppl_all_ac_est}) is inaccurate, 2) only the average number of available beds ({fx_avg_beds_tot_h_ac_est}) is inaccurate, 3) both numbers are inaccurate, or 4) the data is accurate. If either number is inaccurate, please update your data and reupload it to HDX. If both numbers are accurate, please explain why the utilization rate  is so low.",fx_avg2_util_all_ac_est>0 & fx_avg2_util_all_ac_est<0.65 & fx_avg_util_all_ac_est<0.65 & expected_reportstart=reportstart & expected_reportend=reportend,fx_avg_util_all_ac_est,fx_avg2_util_all_ac_est,fx_avg_ppl_all_ac_est,fx_avg_beds_tot_h_ac_est,fx_avg2_beds_tot_h_ac_est,,,,,,,,,,,,,,,
1016,Utilization,Warning,0,0,Inventory and LSACalculated,"Adult-Child households in ES: An average of ({fx_avg_ppl_all_ac_es}) people were served in ({fx_avg_beds_tot_h_ac_es}) available beds on a given night. That results in a low utilization rate of ({fx_avg_util_all_ac_es}%). Please check your data and let us know if 1) only the average number of people ({fx_avg_ppl_all_ac_es}) is inaccurate, 2) only the average number of available beds ({fx_avg_beds_tot_h_ac_es}) is inaccurate, 3) both numbers are inaccurate, or 4) the data is accurate. If either number is inaccurate, please update your data and reupload it to HDX. If both numbers are accurate, please explain why the utilization rate  is so low.",fx_avg2_util_all_ac_es>0 & fx_avg2_util_all_ac_es<0.65 & fx_avg_util_all_ac_es<0.65 & expected_reportstart=reportstart & expected_reportend=reportend,fx_avg_util_all_ac_es,fx_avg2_util_all_ac_es,fx_avg_ppl_all_ac_es,fx_avg_beds_tot_h_ac_es,fx_avg2_beds_tot_h_ac_es,,,,,,,,,,,,,,,
1017,Utilization,Warning,0,0,Inventory and LSACalculated,"Adult-Child households in SH: An average of ({fx_avg_ppl_all_ac_sh}) people were served in ({fx_avg_beds_tot_h_ac_sh}) available beds on a given night. That results in a low utilization rate of ({fx_avg_util_all_ac_sh}%). Please check your data and let us know if 1) only the average number of people ({fx_avg_ppl_all_ac_sh}) is inaccurate, 2) only the average number of available beds ({fx_avg_beds_tot_h_ac_sh}) is inaccurate, 3) both numbers are inaccurate, or 4) the data is accurate. If either number is inaccurate, please update your data and reupload it to HDX. If both numbers are accurate, please explain why the utilization rate  is so low.",fx_avg2_util_all_ac_sh>0 & fx_avg2_util_all_ac_sh<0.65 & fx_avg_util_all_ac_sh<0.65 & expected_reportstart=reportstart & expected_reportend=reportend,fx_avg_util_all_ac_sh,fx_avg2_util_all_ac_sh,fx_avg_ppl_all_ac_sh,fx_avg_beds_tot_h_ac_sh,fx_avg2_beds_tot_h_ac_sh,,,,,,,,,,,,,,,
1018,Utilization,Warning,0,0,Inventory and LSACalculated,"Adult-Child households in TH: An average of ({fx_avg_ppl_all_ac_th}) people were served in ({fx_avg_beds_tot_h_ac_th}) available beds on a given night. That results in a low utilization rate of ({fx_avg_util_all_ac_th}%). Please check your data and let us know if 1) only the average number of people ({fx_avg_ppl_all_ac_th}) is inaccurate, 2) only the average number of available beds ({fx_avg_beds_tot_h_ac_th}) is inaccurate, 3) both numbers are inaccurate, or 4) the data is accurate. If either number is inaccurate, please update your data and reupload it to HDX. If both numbers are accurate, please explain why the utilization rate  is so low.",fx_avg2_util_all_ac_th>0 & fx_avg2_util_all_ac_th<0.65 & fx_avg_util_all_ac_th<0.65 & expected_reportstart=reportstart & expected_reportend=reportend,fx_avg_util_all_ac_th,fx_avg2_util_all_ac_th,fx_avg_ppl_all_ac_th,fx_avg_beds_tot_h_ac_th,fx_avg2_beds_tot_h_ac_th,,,,,,,,,,,,,,,
1019,Utilization,Warning,0,0,Inventory and LSACalculated,"Adult-Child households in PSH: An average of ({fx_avg_ppl_all_ac_psh}) people occupied ({fx_avg_beds_tot_h_ac_psh}) available beds on a given night. That results in a low utilization rate of ({fx_avg_util_all_ac_psh}%). Please check your data and let us know if 1) only the average number of people ({fx_avg_ppl_all_ac_psh}) is inaccurate, 2) only the average number of available beds ({fx_avg_beds_tot_h_ac_psh}) is inaccurate, 3) both numbers are inaccurate, or 4) the data is accurate. If either number is inaccurate, please update your data and reupload it to HDX. If both numbers are accurate, please explain why the utilization rate  is so low. Note that only households with a Housing Move-In Date contribute to the utilization rate seen in this flag. (Utilization was calculated in two ways for this flag: The first utilization rate is a standard measure of average people divided by average HMIS beds. The second version of the utilization rate adjusts the average HMIS beds for any possible floating beds in case the actual usage of those beds by household type differed from their planned usage--e.g., if people in AC households used a project's beds more often than was planned. This particular flag was only triggered in cases where both versions of the utilization rate were unusually low.)",fx_avg2_util_all_ac_psh>0 & fx_avg2_util_all_ac_psh<0.65 & fx_avg_util_all_ac_psh<0.65 & expected_reportstart=reportstart & expected_reportend=reportend,fx_avg_util_all_ac_psh,fx_avg2_util_all_ac_psh,fx_avg_ppl_all_ac_psh,fx_avg_beds_tot_h_ac_psh,fx_avg2_beds_tot_h_ac_psh,,,,,,,,,,,,,,,
1020,Utilization,Warning,0,0,Inventory and LSACalculated,"Adult-Child households: {projectname}'s utilization rate for this household type is unusually low. By “low”, we mean under 25% utilization. If this is correct, please describe any reasons why the utilization rate for this project was lower than expected for this specific household type. (We calculated utilization in two ways for this flag: The first utilization rate is a standard measure of average people divided by average HMIS beds. The second version of the utilization rate adjusts the denominator, the average HMIS beds, for any possible floating beds, in case the actual usage of those beds by household type differed from their planned usage. For example, there may be situations where people in AC households used a project's beds more often than was planned, relative to people in AO and CO households. This flag only triggers in cases where BOTH versions of the utilization rate were unusually low.)","inventorymethodology=1 & fx_avg2_util_all_ac>0 & fx_avg2_util_all_ac<=0.25 & fx_avg_util_all_ac<=0.25 & max(fx_avg_ppl_all_ac,fx_avg2_beds_tot_ac)>=20 & expected_reportstart=reportstart & expected_reportend=reportend & hmisparticipatingproject=1",projectid,projectname,projecttype,fx_avg_util_all_ac,fx_avg2_util_all_ac,fx_avg_ppl_all_ac,fx_avg_beds_tot_ac,fx_avg2_beds_tot_ac,inventorymethodology,hmisparticipatingproject,,,,,,,,,,
1021,Utilization,Warning,0,0,Inventory and LSACalculated,"Child-Only households in ES/SH/TH: An average of ({fx_avg_ppl_all_co_est}) people were served in ({fx_avg_beds_tot_h_co_est}) available beds on a given night. That results in a low utilization rate of ({fx_avg_util_all_co_est}%). Please check your data and let us know if 1) only the average number of people ({fx_avg_ppl_all_co_est}) is inaccurate, 2) only the average number of available beds ({fx_avg_beds_tot_h_co_est}) is inaccurate, 3) both numbers are inaccurate, or 4) the data is accurate. If either number is inaccurate, please update your data and reupload it to HDX. If both numbers are accurate, please explain why the utilization rate  is so low.",fx_avg2_util_all_co_est>0 & fx_avg2_util_all_co_est<0.65 & fx_avg_util_all_co_est<0.65 & expected_reportstart=reportstart & expected_reportend=reportend,fx_avg_util_all_co_est,fx_avg2_util_all_co_est,fx_avg_ppl_all_co_est,fx_avg_beds_tot_h_co_est,fx_avg2_beds_tot_h_co_est,,,,,,,,,,,,,,,
1022,Utilization,Warning,0,0,Inventory and LSACalculated,"Child-Only households in ES: An average of ({fx_avg_ppl_all_co_es}) people were served in ({fx_avg_beds_tot_h_co_es}) available beds on a given night. That results in a low utilization rate of ({fx_avg_util_all_co_es}%). Please check your data and let us know if 1) only the average number of people ({fx_avg_ppl_all_co_es}) is inaccurate, 2) only the average number of available beds ({fx_avg_beds_tot_h_co_es}) is inaccurate, 3) both numbers are inaccurate, or 4) the data is accurate. If either number is inaccurate, please update your data and reupload it to HDX. If both numbers are accurate, please explain why the utilization rate  is so low.",fx_avg2_util_all_co_es>0 & fx_avg2_util_all_co_es<0.65 & fx_avg_util_all_co_es<0.65 & expected_reportstart=reportstart & expected_reportend=reportend,fx_avg_util_all_co_es,fx_avg2_util_all_co_es,fx_avg_ppl_all_co_es,fx_avg_beds_tot_h_co_es,fx_avg2_beds_tot_h_co_es,,,,,,,,,,,,,,,
1023,Utilization,Warning,0,0,Inventory and LSACalculated,"Child-Only households in SH: An average of ({fx_avg_ppl_all_co_sh}) people were served in ({fx_avg_beds_tot_h_co_sh}) available beds on a given night. That results in a low utilization rate of ({fx_avg_util_all_co_sh}%). Please check your data and let us know if 1) only the average number of people ({fx_avg_ppl_all_co_sh}) is inaccurate, 2) only the average number of available beds ({fx_avg_beds_tot_h_co_sh}) is inaccurate, 3) both numbers are inaccurate, or 4) the data is accurate. If either number is inaccurate, please update your data and reupload it to HDX. If both numbers are accurate, please explain why the utilization rate  is so low.",fx_avg2_util_all_co_sh>0 & fx_avg2_util_all_co_sh<0.65 & fx_avg_util_all_co_sh<0.65 & expected_reportstart=reportstart & expected_reportend=reportend,fx_avg_util_all_co_sh,fx_avg2_util_all_co_sh,fx_avg_ppl_all_co_sh,fx_avg_beds_tot_h_co_sh,fx_avg2_beds_tot_h_co_sh,,,,,,,,,,,,,,,
1024,Utilization,Warning,0,0,Inventory and LSACalculated,"Child-Only households in TH: An average of ({fx_avg_ppl_all_co_th}) people were served in ({fx_avg_beds_tot_h_co_th}) available beds on a given night. That results in a low utilization rate of ({fx_avg_util_all_co_th}%). Please check your data and let us know if 1) only the average number of people ({fx_avg_ppl_all_co_th}) is inaccurate, 2) only the average number of available beds ({fx_avg_beds_tot_h_co_th}) is inaccurate, 3) both numbers are inaccurate, or 4) the data is accurate. If either number is inaccurate, please update your data and reupload it to HDX. If both numbers are accurate, please explain why the utilization rate  is so low.",fx_avg2_util_all_co_th>0 & fx_avg2_util_all_co_th<0.65 & fx_avg_util_all_co_th<0.65 & expected_reportstart=reportstart & expected_reportend=reportend,fx_avg_util_all_co_th,fx_avg2_util_all_co_th,fx_avg_ppl_all_co_th,fx_avg_beds_tot_h_co_th,fx_avg2_beds_tot_h_co_th,,,,,,,,,,,,,,,
1025,Utilization,Warning,0,0,Inventory and LSACalculated,"Child-Only households in PSH: An average of ({fx_avg_ppl_all_co_psh}) people occupied ({fx_avg_beds_tot_h_co_psh}) available beds on a given night. That results in a low utilization rate of ({fx_avg_util_all_co_psh}%). Please check your data and let us know if 1) only the average number of people ({fx_avg_ppl_all_co_psh}) is inaccurate, 2) only the average number of available beds ({fx_avg_beds_tot_h_co_psh}) is inaccurate, 3) both numbers are inaccurate, or 4) the data is accurate. If either number is inaccurate, please update your data and reupload it to HDX. If both numbers are accurate, please explain why the utilization rate  is so low. Note that only households with a Housing Move-In Date contribute to the utilization rate seen in this flag. (Utilization was calculated in two ways for this flag: The first utilization rate is a standard measure of average people divided by average HMIS beds. The second version of the utilization rate adjusts the average HMIS beds for any possible floating beds in case the actual usage of those beds by household type differed from their planned usage--e.g., if people in AC households used a project's beds more often than was planned. This particular flag was only triggered in cases where both versions of the utilization rate were unusually low.)",fx_avg2_util_all_co_psh>0 & fx_avg2_util_all_co_psh<0.65 & fx_avg_util_all_co_psh<0.65 & expected_reportstart=reportstart & expected_reportend=reportend,fx_avg_util_all_co_psh,fx_avg2_util_all_co_psh,fx_avg_ppl_all_co_psh,fx_avg_beds_tot_h_co_psh,fx_avg2_beds_tot_h_co_psh,,,,,,,,,,,,,,,
1026,Utilization,Warning,0,0,Inventory and LSACalculated,"Child-Only households: This project's utilization rate for this household type is unusually low. By “low”, we mean under 25% utilization. If this is correct, please describe any reasons why the utilization rate for this project was lower than expected for this specific household type. (We calculated utilization in two ways for this flag: The first utilization rate is a standard measure of average people divided by average HMIS beds. The second version of the utilization rate adjusts the denominator, the average HMIS beds, for any possible floating beds, in case the actual usage of those beds by household type differed from their planned usage. For example, there may be situations where people in AC households used a project's beds more often than was planned, relative to people in AO and CO households. This flag only triggers in cases where BOTH versions of the utilization rate were unusually low.)","inventorymethodology=1 & fx_avg2_util_all_co>0 & fx_avg2_util_all_co<=0.25 & fx_avg_util_all_co<=0.25 & max(fx_avg_ppl_all_co,fx_avg2_beds_tot_co)>=20 & expected_reportstart=reportstart & expected_reportend=reportend & hmisparticipatingproject=1",projectid,projectname,projecttype,fx_avg_util_all_co,fx_avg2_util_all_co,fx_avg_ppl_all_co,fx_avg_beds_tot_co,fx_avg2_beds_tot_co,inventorymethodology,hmisparticipatingproject,,,,,,,,,,
1027,Utilization,Warning,0,0,Inventory and LSACalculated,"All households in ES/SH/TH: An average of ({fx_avg_ppl_all_all_est}) people were served in ({fx_avg_beds_tot_h_all_est}) available beds on a given night. That results in a high utilization rate of ({fx_avg_util_all_all_est}%). Please check your data and let us know if 1) only the average number of people ({fx_avg_ppl_all_all_est}) is inaccurate, 2) only the average number of available beds ({fx_avg_beds_tot_h_all_est}) is inaccurate, 3) both numbers are inaccurate, or 4) the data is accurate. If either number is inaccurate, please update your data and reupload it to HDX. If both numbers are accurate, please explain why the utilization rate  is so high.",fx_avg_util_all_all_est>1.05 & expected_reportstart=reportstart & expected_reportend=reportend,fx_avg_util_all_all_est,fx_avg_ppl_all_all_est,fx_avg_beds_tot_h_all_est,,,,,,,,,,,,,,,,,
1028,Utilization,Warning,0,0,Inventory and LSACalculated,"All households in ES: An average of ({fx_avg_ppl_all_all_es}) people were served in ({fx_avg_beds_tot_h_all_es}) available beds on a given night. That results in a high utilization rate of ({fx_avg_util_all_all_es}%). Please check your data and let us know if 1) only the average number of people ({fx_avg_ppl_all_all_es}) is inaccurate, 2) only the average number of available beds ({fx_avg_beds_tot_h_all_es}) is inaccurate, 3) both numbers are inaccurate, or 4) the data is accurate. If either number is inaccurate, please update your data and reupload it to HDX. If both numbers are accurate, please explain why the utilization rate  is so high.",fx_avg_util_all_all_es>1.05 & expected_reportstart=reportstart & expected_reportend=reportend,fx_avg_util_all_all_es,fx_avg_ppl_all_all_es,fx_avg_beds_tot_h_all_es,,,,,,,,,,,,,,,,,
1029,Utilization,Warning,0,0,Inventory and LSACalculated,"All households in SH: An average of ({fx_avg_ppl_all_all_sh}) people were served in ({fx_avg_beds_tot_h_all_sh}) available beds on a given night. That results in a high utilization rate of ({fx_avg_util_all_all_sh}%). Please check your data and let us know if 1) only the average number of people ({fx_avg_ppl_all_all_sh}) is inaccurate, 2) only the average number of available beds ({fx_avg_beds_tot_h_all_sh}) is inaccurate, 3) both numbers are inaccurate, or 4) the data is accurate. If either number is inaccurate, please update your data and reupload it to HDX. If both numbers are accurate, please explain why the utilization rate  is so high.",fx_avg_util_all_all_sh>1.05 & expected_reportstart=reportstart & expected_reportend=reportend,fx_avg_util_all_all_sh,fx_avg_ppl_all_all_sh,fx_avg_beds_tot_h_all_sh,,,,,,,,,,,,,,,,,
1030,Utilization,Warning,0,0,Inventory and LSACalculated,"All households in TH: An average of ({fx_avg_ppl_all_all_th}) people were served in ({fx_avg_beds_tot_h_all_th}) available beds on a given night. That results in a high utilization rate of ({fx_avg_util_all_all_th}%). Please check your data and let us know if 1) only the average number of people ({fx_avg_ppl_all_all_th}) is inaccurate, 2) only the average number of available beds ({fx_avg_beds_tot_h_all_th}) is inaccurate, 3) both numbers are inaccurate, or 4) the data is accurate. If either number is inaccurate, please update your data and reupload it to HDX. If both numbers are accurate, please explain why the utilization rate  is so high.",fx_avg_util_all_all_th>1.05 & expected_reportstart=reportstart & expected_reportend=reportend,fx_avg_util_all_all_th,fx_avg_ppl_all_all_th,fx_avg_beds_tot_h_all_th,,,,,,,,,,,,,,,,,
1031,Utilization,Warning,0,0,Inventory and LSACalculated,"All households in PSH: An average of ({fx_avg_ppl_all_all_psh}) people occupied ({fx_avg_beds_tot_h_all_psh}) available beds on a given night. That results in a high utilization rate of ({fx_avg_util_all_all_psh}%). Please check your data and let us know if 1) only the average number of people ({fx_avg_ppl_all_all_psh}) is inaccurate, 2) only the average number of available beds ({fx_avg_beds_tot_h_all_psh}) is inaccurate, 3) both numbers are inaccurate, or 4) the data is accurate. If either number is inaccurate, please update your data and reupload it to HDX. If both numbers are accurate, please explain why the utilization rate  is so high. Note that only households with a Housing Move-In Date contribute to the utilization rate seen in this flag.",fx_avg_util_all_all_psh>1.05 & expected_reportstart=reportstart & expected_reportend=reportend,fx_avg_util_all_all_psh,fx_avg_ppl_all_all_psh,fx_avg_beds_tot_h_all_psh,,,,,,,,,,,,,,,,,
1032,Utilization,Warning,0,0,Inventory and LSACalculated,"All households: {projectname}'s utilization rate for all households ({fx_avg_util_all_all}%) is unusually high. By “high”, we mean over 150% utilization. If this is correct, please describe any reasons why the utilization rate for this project was higher than expected.","inventorymethodology=1 & fx_avg_util_all_all>=1.5 & max(fx_avg_ppl_all_all,fx_avg_beds_tot_all)>=20 & expected_reportstart=reportstart & expected_reportend=reportend & hmisparticipatingproject=1",projectid,projectname,projecttype,fx_avg_util_all_all,fx_avg_ppl_all_all,fx_avg_beds_tot_all,inventorymethodology,hmisparticipatingproject,,,,,,,,,,,,
1033,Utilization,Warning,0,0,Inventory and LSACalculated,"Adult-Only households in ES/SH/TH: The utilization rate for this household type and project type ({fx_avg2_util_all_ao_est}%) is unusually high. By ""unusually high"" we mean above 105%. If this is correct, please describe any reasons why the utilization rate for this project was higher than expected for this specific household type. (We calculated utilization in two ways for this flag: The first utilization rate is a standard measure of average people divided by average HMIS beds. The second version of the utilization rate adjusts the denominator, the average HMIS beds, for any possible floating beds, in case the actual usage of those beds by household type differed from their planned usage. For example, there may be situations where people in AC households used a project's beds more often than was planned, relative to those in AO and CO. This flag was triggered in cases where the second version, the adjusted utilization rate, was unusually high. However, we have included both versions here for reference. If there is a large difference in the unadjusted average HMIS beds and the adjusted average HMIS beds, that means the actual usage by household type was substantially different than what you had planned, according to the data you reported in your Inventory file.)",fx_avg2_util_all_ao_est>1.05 & expected_reportstart=reportstart & expected_reportend=reportend,fx_avg_util_all_ao_est,fx_avg2_util_all_ao_est,fx_avg_ppl_all_ao_est,fx_avg_beds_tot_h_ao_est,fx_avg2_beds_tot_h_ao_est,,,,,,,,,,,,,,,
1034,Utilization,Warning,0,0,Inventory and LSACalculated,"Adult-Only households in ES: The utilization rate for this household type and project type ({fx_avg2_util_all_ao_es}%) is unusually high. By ""unusually high"" we mean above 105%. If this is correct, please describe any reasons why the utilization rate for this project was higher than expected for this specific household type. (We calculated utilization in two ways for this flag: The first utilization rate is a standard measure of average people divided by average HMIS beds. The second version of the utilization rate adjusts the denominator, the average HMIS beds, for any possible floating beds, in case the actual usage of those beds by household type differed from their planned usage. For example, there may be situations where people in AC households used a project's beds more often than was planned, relative to those in AO and CO. This flag was triggered in cases where the second version, the adjusted utilization rate, was unusually high. However, we have included both versions here for reference. If there is a large difference in the unadjusted average HMIS beds and the adjusted average HMIS beds, that means the actual usage by household type was substantially different than what you had planned, according to the data you reported in your Inventory file.)",fx_avg2_util_all_ao_es>1.05 & expected_reportstart=reportstart & expected_reportend=reportend,fx_avg_util_all_ao_es,fx_avg2_util_all_ao_es,fx_avg_ppl_all_ao_es,fx_avg_beds_tot_h_ao_es,fx_avg2_beds_tot_h_ao_es,,,,,,,,,,,,,,,
1035,Utilization,Warning,0,0,Inventory and LSACalculated,"Adult-Only households in SH: The utilization rate for this household type and project type ({fx_avg2_util_all_ao_sh}%) is unusually high. By ""unusually high"" we mean above 105%. If this is correct, please describe any reasons why the utilization rate for this project was higher than expected for this specific household type. (We calculated utilization in two ways for this flag: The first utilization rate is a standard measure of average people divided by average HMIS beds. The second version of the utilization rate adjusts the denominator, the average HMIS beds, for any possible floating beds, in case the actual usage of those beds by household type differed from their planned usage. For example, there may be situations where people in AC households used a project's beds more often than was planned, relative to those in AO and CO. This flag was triggered in cases where the second version, the adjusted utilization rate, was unusually high. However, we have included both versions here for reference. If there is a large difference in the unadjusted average HMIS beds and the adjusted average HMIS beds, that means the actual usage by household type was substantially different than what you had planned, according to the data you reported in your Inventory file.)",fx_avg2_util_all_ao_sh>1.05 & expected_reportstart=reportstart & expected_reportend=reportend,fx_avg_util_all_ao_sh,fx_avg2_util_all_ao_sh,fx_avg_ppl_all_ao_sh,fx_avg_beds_tot_h_ao_sh,fx_avg2_beds_tot_h_ao_sh,,,,,,,,,,,,,,,
1036,Utilization,Warning,0,0,Inventory and LSACalculated,"Adult-Only households in TH: The utilization rate for this household type and project type ({fx_avg2_util_all_ao_th}%) is unusually high. By ""unusually high"" we mean above 105%. If this is correct, please describe any reasons why the utilization rate for this project was higher than expected for this specific household type. (We calculated utilization in two ways for this flag: The first utilization rate is a standard measure of average people divided by average HMIS beds. The second version of the utilization rate adjusts the denominator, the average HMIS beds, for any possible floating beds, in case the actual usage of those beds by household type differed from their planned usage. For example, there may be situations where people in AC households used a project's beds more often than was planned, relative to those in AO and CO. This flag was triggered in cases where the second version, the adjusted utilization rate, was unusually high. However, we have included both versions here for reference. If there is a large difference in the unadjusted average HMIS beds and the adjusted average HMIS beds, that means the actual usage by household type was substantially different than what you had planned, according to the data you reported in your Inventory file.)",fx_avg2_util_all_ao_th>1.05 & expected_reportstart=reportstart & expected_reportend=reportend,fx_avg_util_all_ao_th,fx_avg2_util_all_ao_th,fx_avg_ppl_all_ao_th,fx_avg_beds_tot_h_ao_th,fx_avg2_beds_tot_h_ao_th,,,,,,,,,,,,,,,
1037,Utilization,Warning,0,0,Inventory and LSACalculated,"Adult-Only households in PSH: The adjusted utilization rate for this household type and project type ({fx_avg2_util_all_ao_psh}%) is unusually high. By ""unusually high"" we mean above 105%. If this is correct, please describe any reasons why the utilization rate for this project was higher than expected for this specific household type. Note that only households with a Housing Move-In Date contribute to the utilization rate seen in this flag. (Utilization was calculated in two ways for this flag: The first utilization rate is a standard measure of average people divided by average HMIS beds. The second version of the utilization rate adjusts the average HMIS beds for any possible floating beds in case the actual usage of those beds by household type differed from their planned usage--e.g., if people in AC households used a project's beds more often than was planned. This flag was triggered in cases where the second version, the adjusted utilization rate, was unusually high. However, we have included both versions here for reference. If there is a large difference in the unadjusted average HMIS beds and the adjusted average HMIS beds, that means the actual usage by household type was substantially different than what you had planned, according to the data you reported in your Inventory file.)",fx_avg2_util_all_ao_psh>1.05 & expected_reportstart=reportstart & expected_reportend=reportend,fx_avg_util_all_ao_psh,fx_avg2_util_all_ao_psh,fx_avg_ppl_all_ao_psh,fx_avg_beds_tot_h_ao_psh,fx_avg2_beds_tot_h_ao_psh,,,,,,,,,,,,,,,
1038,Utilization,Warning,0,0,Inventory and LSACalculated,"Adult-Only households: {projectname}'s utilization rate for this household type ({fx_avg2_util_all_ao}%) is unusually high. By ""unusually high"" we mean above 150%. If this is correct, please describe any reasons why the utilization rate for this project was higher than expected for this specific household type. (We calculated utilization in two ways for this flag: The first utilization rate is a standard measure of average people divided by average HMIS beds. The second version of the utilization rate adjusts the denominator, the average HMIS beds, for any possible floating beds, in case the actual usage of those beds by household type differed from their planned usage. For example, there may be situations where people in AC households used a project's beds more often than was planned, relative to people in AO and CO households. This flag was triggered in cases where the second version, the adjusted utilization rate, was unusually high. However, we have included both versions here for reference. If there is a large difference in the unadjusted average HMIS beds and the adjusted average HMIS beds, that means the actual usage by household type was substantially different than what you had planned, according to the data you reported in your Inventory file.)","inventorymethodology=1 & fx_avg2_util_all_ao>=1.5 & max(fx_avg_ppl_all_ao,fx_avg2_beds_tot_ao)>=20 & expected_reportstart=reportstart & expected_reportend=reportend & hmisparticipatingproject=1",projectid,projectname,projecttype,fx_avg_util_all_ao,fx_avg2_util_all_ao,fx_avg_ppl_all_ao,fx_avg_beds_tot_ao,fx_avg2_beds_tot_ao,inventorymethodology,hmisparticipatingproject,,,,,,,,,,
1039,Utilization,Warning,0,0,Inventory and LSACalculated,"Adult-Child households in ES/SH/TH: The utilization rate for this household type and project type ({fx_avg2_util_all_ac_est}%) is unusually high. By ""unusually high"" we mean above 105%. If this is correct, please describe any reasons why the utilization rate for this project was higher than expected for this specific household type. (We calculated utilization in two ways for this flag: The first utilization rate is a standard measure of average people divided by average HMIS beds. The second version of the utilization rate adjusts the denominator, the average HMIS beds, for any possible floating beds, in case the actual usage of those beds by household type differed from their planned usage. For example, there may be situations where people in AC households used a project's beds more often than was planned, relative to those in AO and CO. This flag was triggered in cases where the second version, the adjusted utilization rate, was unusually high. However, we have included both versions here for reference. If there is a large difference in the unadjusted average HMIS beds and the adjusted average HMIS beds, that means the actual usage by household type was substantially different than what you had planned, according to the data you reported in your Inventory file.)",fx_avg2_util_all_ac_est>1.05 & expected_reportstart=reportstart & expected_reportend=reportend,fx_avg_util_all_ac_est,fx_avg2_util_all_ac_est,fx_avg_ppl_all_ac_est,fx_avg_beds_tot_h_ac_est,fx_avg2_beds_tot_h_ac_est,,,,,,,,,,,,,,,
1040,Utilization,Warning,0,0,Inventory and LSACalculated,"Adult-Child households in ES: The utilization rate for this household type and project type ({fx_avg2_util_all_ac_es}%) is unusually high. By ""unusually high"" we mean above 105%. If this is correct, please describe any reasons why the utilization rate for this project was higher than expected for this specific household type. (We calculated utilization in two ways for this flag: The first utilization rate is a standard measure of average people divided by average HMIS beds. The second version of the utilization rate adjusts the denominator, the average HMIS beds, for any possible floating beds, in case the actual usage of those beds by household type differed from their planned usage. For example, there may be situations where people in AC households used a project's beds more often than was planned, relative to those in AO and CO. This flag was triggered in cases where the second version, the adjusted utilization rate, was unusually high. However, we have included both versions here for reference. If there is a large difference in the unadjusted average HMIS beds and the adjusted average HMIS beds, that means the actual usage by household type was substantially different than what you had planned, according to the data you reported in your Inventory file.)",fx_avg2_util_all_ac_es>1.05 & expected_reportstart=reportstart & expected_reportend=reportend,fx_avg_util_all_ac_es,fx_avg2_util_all_ac_es,fx_avg_ppl_all_ac_es,fx_avg_beds_tot_h_ac_es,fx_avg2_beds_tot_h_ac_es,,,,,,,,,,,,,,,
1041,Utilization,Warning,0,0,Inventory and LSACalculated,"Adult-Child households in SH: The utilization rate for this household type and project type ({fx_avg2_util_all_ac_sh}%) is unusually high. By ""unusually high"" we mean above 105%. If this is correct, please describe any reasons why the utilization rate for this project was higher than expected for this specific household type. (We calculated utilization in two ways for this flag: The first utilization rate is a standard measure of average people divided by average HMIS beds. The second version of the utilization rate adjusts the denominator, the average HMIS beds, for any possible floating beds, in case the actual usage of those beds by household type differed from their planned usage. For example, there may be situations where people in AC households used a project's beds more often than was planned, relative to those in AO and CO. This flag was triggered in cases where the second version, the adjusted utilization rate, was unusually high. However, we have included both versions here for reference. If there is a large difference in the unadjusted average HMIS beds and the adjusted average HMIS beds, that means the actual usage by household type was substantially different than what you had planned, according to the data you reported in your Inventory file.)",fx_avg2_util_all_ac_sh>1.05 & expected_reportstart=reportstart & expected_reportend=reportend,fx_avg_util_all_ac_sh,fx_avg2_util_all_ac_sh,fx_avg_ppl_all_ac_sh,fx_avg_beds_tot_h_ac_sh,fx_avg2_beds_tot_h_ac_sh,,,,,,,,,,,,,,,
1042,Utilization,Warning,0,0,Inventory and LSACalculated,"Adult-Child households in TH: The utilization rate for this household type and project type ({fx_avg2_util_all_ac_th}%) is unusually high. By ""unusually high"" we mean above 105%. If this is correct, please describe any reasons why the utilization rate for this project was higher than expected for this specific household type. (We calculated utilization in two ways for this flag: The first utilization rate is a standard measure of average people divided by average HMIS beds. The second version of the utilization rate adjusts the denominator, the average HMIS beds, for any possible floating beds, in case the actual usage of those beds by household type differed from their planned usage. For example, there may be situations where people in AC households used a project's beds more often than was planned, relative to those in AO and CO. This flag was triggered in cases where the second version, the adjusted utilization rate, was unusually high. However, we have included both versions here for reference. If there is a large difference in the unadjusted average HMIS beds and the adjusted average HMIS beds, that means the actual usage by household type was substantially different than what you had planned, according to the data you reported in your Inventory file.)",fx_avg2_util_all_ac_th>1.05 & expected_reportstart=reportstart & expected_reportend=reportend,fx_avg_util_all_ac_th,fx_avg2_util_all_ac_th,fx_avg_ppl_all_ac_th,fx_avg_beds_tot_h_ac_th,fx_avg2_beds_tot_h_ac_th,,,,,,,,,,,,,,,
1043,Utilization,Warning,0,0,Inventory and LSACalculated,"Adult-Child households in PSH: The adjusted utilization rate for this household type and project type ({fx_avg2_util_all_ac_psh}%) is unusually high. By ""unusually high"" we mean above 105%. If this is correct, please describe any reasons why the utilization rate for this project was higher than expected for this specific household type. Note that only households with a Housing Move-In Date contribute to the utilization rate seen in this flag. (Utilization was calculated in two ways for this flag: The first utilization rate is a standard measure of average people divided by average HMIS beds. The second version of the utilization rate adjusts the average HMIS beds for any possible floating beds in case the actual usage of those beds by household type differed from their planned usage--e.g., if people in AC households used a project's beds more often than was planned. This flag was triggered in cases where the second version, the adjusted utilization rate, was unusually high. However, we have included both versions here for reference. If there is a large difference in the unadjusted average HMIS beds and the adjusted average HMIS beds, that means the actual usage by household type was substantially different than what you had planned, according to the data you reported in your Inventory file.)",fx_avg2_util_all_ac_psh>1.05 & expected_reportstart=reportstart & expected_reportend=reportend,fx_avg_util_all_ac_psh,fx_avg2_util_all_ac_psh,fx_avg_ppl_all_ac_psh,fx_avg_beds_tot_h_ac_psh,fx_avg2_beds_tot_h_ac_psh,,,,,,,,,,,,,,,
1044,Utilization,Warning,0,0,Inventory and LSACalculated,"Adult-Child households: {projectname}’s utilization rate for this household type is unusually high. ({fx_avg2_util_all_ac}%) By ""unusually high"" we mean above 150%. Please confirm and explain. If this is correct, please describe any reasons why the utilization rate for this project was higher than expected for this specific household type. (We calculated utilization in two ways for this flag: The first utilization rate is a standard measure of average people divided by average HMIS beds. The second version of the utilization rate adjusts the denominator, the average HMIS beds, for any possible floating beds, in case the actual usage of those beds by household type differed from their planned usage. For example, there may be situations where people in AC households used a project's beds more often than was planned, relative to those in AO and CO. This flag was triggered in cases where the second version, the adjusted utilization rate, was unusually high. However, we have included both versions here for reference. If there is a large difference in the unadjusted average HMIS beds and the adjusted average HMIS beds, that means the actual usage by household type was substantially different than what you had planned, according to the data you reported in your Inventory file.)","inventorymethodology=1 & fx_avg2_util_all_ac>=1.5 & max(fx_avg_ppl_all_ac,fx_avg2_beds_tot_ac)>=20 & expected_reportstart=reportstart & expected_reportend=reportend & hmisparticipatingproject=1",projectid,projectname,projecttype,fx_avg_util_all_ac,fx_avg2_util_all_ac,fx_avg_ppl_all_ac,fx_avg_beds_tot_ac,fx_avg2_beds_tot_ac,inventorymethodology,hmisparticipatingproject,,,,,,,,,,
1045,Utilization,Warning,0,0,Inventory and LSACalculated,"Child-Only households in ES/SH/TH: The utilization rate for this household type and project type ({fx_avg2_util_all_co_est}%) is unusually high. By ""unusually high"" we mean above 105%. If this is correct, please describe any reasons why the utilization rate for this project was higher than expected for this specific household type. (We calculated utilization in two ways for this flag: The first utilization rate is a standard measure of average people divided by average HMIS beds. The second version of the utilization rate adjusts the denominator, the average HMIS beds, for any possible floating beds, in case the actual usage of those beds by household type differed from their planned usage. For example, there may be situations where people in AC households used a project's beds more often than was planned, relative to those in AO and CO. This flag was triggered in cases where the second version, the adjusted utilization rate, was unusually high. However, we have included both versions here for reference. If there is a large difference in the unadjusted average HMIS beds and the adjusted average HMIS beds, that means the actual usage by household type was substantially different than what you had planned, according to the data you reported in your Inventory file.)",fx_avg2_util_all_co_est>1.05 & expected_reportstart=reportstart & expected_reportend=reportend,fx_avg_util_all_co_est,fx_avg2_util_all_co_est,fx_avg_ppl_all_co_est,fx_avg_beds_tot_h_co_est,fx_avg2_beds_tot_h_co_est,,,,,,,,,,,,,,,
1046,Utilization,Warning,0,0,Inventory and LSACalculated,"Child-Only households in ES: The utilization rate for this household type and project type ({fx_avg2_util_all_co_es}%) is unusually high. By ""unusually high"" we mean above 105%. If this is correct, please describe any reasons why the utilization rate for this project was higher than expected for this specific household type. (We calculated utilization in two ways for this flag: The first utilization rate is a standard measure of average people divided by average HMIS beds. The second version of the utilization rate adjusts the denominator, the average HMIS beds, for any possible floating beds, in case the actual usage of those beds by household type differed from their planned usage. For example, there may be situations where people in AC households used a project's beds more often than was planned, relative to those in AO and CO. This flag was triggered in cases where the second version, the adjusted utilization rate, was unusually high. However, we have included both versions here for reference. If there is a large difference in the unadjusted average HMIS beds and the adjusted average HMIS beds, that means the actual usage by household type was substantially different than what you had planned, according to the data you reported in your Inventory file.)",fx_avg2_util_all_co_es>1.05 & expected_reportstart=reportstart & expected_reportend=reportend,fx_avg_util_all_co_es,fx_avg2_util_all_co_es,fx_avg_ppl_all_co_es,fx_avg_beds_tot_h_co_es,fx_avg2_beds_tot_h_co_es,,,,,,,,,,,,,,,
1047,Utilization,Warning,0,0,Inventory and LSACalculated,"Child-Only households in SH: The utilization rate for this household type and project type ({fx_avg2_util_all_co_sh}%) is unusually high. By ""unusually high"" we mean above 105%. If this is correct, please describe any reasons why the utilization rate for this project was higher than expected for this specific household type. (We calculated utilization in two ways for this flag: The first utilization rate is a standard measure of average people divided by average HMIS beds. The second version of the utilization rate adjusts the denominator, the average HMIS beds, for any possible floating beds, in case the actual usage of those beds by household type differed from their planned usage. For example, there may be situations where people in AC households used a project's beds more often than was planned, relative to those in AO and CO. This flag was triggered in cases where the second version, the adjusted utilization rate, was unusually high. However, we have included both versions here for reference. If there is a large difference in the unadjusted average HMIS beds and the adjusted average HMIS beds, that means the actual usage by household type was substantially different than what you had planned, according to the data you reported in your Inventory file.)",fx_avg2_util_all_co_sh>1.05 & expected_reportstart=reportstart & expected_reportend=reportend,fx_avg_util_all_co_sh,fx_avg2_util_all_co_sh,fx_avg_ppl_all_co_sh,fx_avg_beds_tot_h_co_sh,fx_avg2_beds_tot_h_co_sh,,,,,,,,,,,,,,,
1048,Utilization,Warning,0,0,Inventory and LSACalculated,"Child-Only households in TH: The utilization rate for this household type and project type ({fx_avg2_util_all_co_th}%) is unusually high. By ""unusually high"" we mean above 105%. If this is correct, please describe any reasons why the utilization rate for this project was higher than expected for this specific household type. (We calculated utilization in two ways for this flag: The first utilization rate is a standard measure of average people divided by average HMIS beds. The second version of the utilization rate adjusts the denominator, the average HMIS beds, for any possible floating beds, in case the actual usage of those beds by household type differed from their planned usage. For example, there may be situations where people in AC households used a project's beds more often than was planned, relative to those in AO and CO. This flag was triggered in cases where the second version, the adjusted utilization rate, was unusually high. However, we have included both versions here for reference. If there is a large difference in the unadjusted average HMIS beds and the adjusted average HMIS beds, that means the actual usage by household type was substantially different than what you had planned, according to the data you reported in your Inventory file.)",fx_avg2_util_all_co_th>1.05 & expected_reportstart=reportstart & expected_reportend=reportend,fx_avg_util_all_co_th,fx_avg2_util_all_co_th,fx_avg_ppl_all_co_th,fx_avg_beds_tot_h_co_th,fx_avg2_beds_tot_h_co_th,,,,,,,,,,,,,,,
1049,Utilization,Warning,0,0,Inventory and LSACalculated,"Child-Only households in PSH: The adjusted utilization rate for this household type and project type ({fx_avg2_util_all_co_psh}%) is unusually high. By ""unusually high"" we mean above 105%. If this is correct, please describe any reasons why the utilization rate for this project was higher than expected for this specific household type. Note that only households with a Housing Move-In Date contribute to the utilization rate seen in this flag. (Utilization was calculated in two ways for this flag: The first utilization rate is a standard measure of average people divided by average HMIS beds. The second version of the utilization rate adjusts the average HMIS beds for any possible floating beds in case the actual usage of those beds by household type differed from their planned usage--e.g., if people in AC households used a project's beds more often than was planned. This flag was triggered in cases where the second version, the adjusted utilization rate, was unusually high. However, we have included both versions here for reference. If there is a large difference in the unadjusted average HMIS beds and the adjusted average HMIS beds, that means the actual usage by household type was substantially different than what you had planned, according to the data you reported in your Inventory file.)",fx_avg2_util_all_co_psh>1.05 & expected_reportstart=reportstart & expected_reportend=reportend,fx_avg_util_all_co_psh,fx_avg2_util_all_co_psh,fx_avg_ppl_all_co_psh,fx_avg_beds_tot_h_co_psh,fx_avg2_beds_tot_h_co_psh,,,,,,,,,,,,,,,
1050,Utilization,Warning,0,0,Inventory and LSACalculated,"Child-Only households: {projectname}’s utilization rate for this household type ({fx_avg2_util_all_co}%) is unusually high. Please confirm and explain. If this is correct, please describe any reasons why the utilization rate for this project was higher than expected for this specific household type. (We calculated utilization in two ways for this flag: The first utilization rate is a standard measure of average people divided by average HMIS beds. The second version of the utilization rate adjusts the denominator, the average HMIS beds, for any possible floating beds, in case the actual usage of those beds by household type differed from their planned usage. For example, there may be situations where people in AC households used a project's beds more often than was planned, relative to those in AO and CO. This flag was triggered in cases where the second version, the adjusted utilization rate, was unusually high. However, we have included both versions here for reference. If there is a large difference in the unadjusted average HMIS beds and the adjusted average HMIS beds, that means the actual usage by household type was substantially different than what you had planned, according to the data you reported in your Inventory file.)","inventorymethodology=1 & fx_avg2_util_all_co>=1.5 & max(fx_avg_ppl_all_co,fx_avg2_beds_tot_co)>=20 & expected_reportstart=reportstart & expected_reportend=reportend & hmisparticipatingproject=1",projectid,projectname,projecttype,fx_avg_util_all_co,fx_avg2_util_all_co,fx_avg_ppl_all_co,fx_avg_beds_tot_co,fx_avg2_beds_tot_co,inventorymethodology,hmisparticipatingproject,,,,,,,,,,
1051,Subpopulations vs. Dedicated Beds,Warning,0,0,Inventory and LSACalculated,"Adult-Only households: 100% of this project's clients in this household type were people in veteran households, yet you did not report that any of these beds were dedicated to veteran households. Are these beds actually dedicated veteran beds? In the HMIS Data Standards, a dedicated bed is defined as ""a bed that must be filled by a person in the subpopulation category (or a member of their household) unless there are no persons from the subpopulation who qualify for the project located within the geographic area.""",fx_tot_ppl_pct_vet_a_ao=1 & bx_avg_beds_pct_vet_ao=0 & fx_tot_ppl_vet_a_ao>=20 & hmisparticipatingproject=1,projectid,projectname,fx_tot_ppl_pct_vet_a_ao,fx_avg_beds_pct_vet_ao,fx_tot_ppl_vet_a_ao,fx_tot_ppl_all_ao,fx_avg_beds_vettot_ao,fx_avg_beds_tot_ao,hmisparticipatingproject,bx_avg_beds_pct_vet_ao,,,,,,,,,,
1052,Subpopulations vs. Dedicated Beds,Warning,0,0,Inventory and LSACalculated,"Adult-Child households: 100% of this project's clients in this household type were people in veteran households, yet you did not report that any of these beds were dedicated to veteran households. Are these beds actually dedicated veteran beds? In the HMIS Data Standards, a dedicated bed is defined as ""a bed that must be filled by a person in the subpopulation category (or a member of their household) unless there are no persons from the subpopulation who qualify for the project located within the geographic area.""",fx_tot_ppl_pct_vet_a_ac=1 & bx_avg_beds_pct_vet_ac=0 & fx_tot_ppl_vet_a_ac>=20 & hmisparticipatingproject=1,projectid,projectname,fx_tot_ppl_pct_vet_a_ac,fx_avg_beds_pct_vet_ac,fx_tot_ppl_vet_a_ac,fx_tot_ppl_all_ac,fx_avg_beds_vettot_ac,fx_avg_beds_tot_ac,hmisparticipatingproject,bx_avg_beds_pct_vet_ac,,,,,,,,,,
1053,Subpopulations vs. Dedicated Beds,Warning,0,0,Inventory and LSACalculated,"Adult-Only households: None of this project's clients in this household type were people in veteran households, yet you reported that all of these beds are dedicated to veteran households. Please confirm. In the HMIS Data Standards, a dedicated bed is defined as ""a bed that must be filled by a person in the subpopulation category (or a member of their household) unless there are no persons from the subpopulation who qualify for the project located within the geographic area.""",fx_tot_ppl_pct_vet_a_ao=0 & bx_avg_beds_pct_vet_ao=1 & fx_tot_ppl_all_ao>=20 & hmisparticipatingproject=1,projectid,projectname,fx_tot_ppl_pct_vet_a_ao,fx_avg_beds_pct_vet_ao,fx_tot_ppl_vet_a_ao,fx_tot_ppl_all_ao,fx_avg_beds_vettot_ao,fx_avg_beds_tot_ao,hmisparticipatingproject,bx_avg_beds_pct_vet_ao,,,,,,,,,,
1054,Subpopulations vs. Dedicated Beds,Warning,0,0,Inventory and LSACalculated,"Adult-Child households: None of this project's clients in this household type were people in veteran households, yet you reported that all of these beds are dedicated to veteran households. Please confirm. In the HMIS Data Standards, a dedicated bed is defined as ""a bed that must be filled by a person in the subpopulation category (or a member of their household) unless there are no persons from the subpopulation who qualify for the project located within the geographic area.""",fx_tot_ppl_pct_vet_a_ac=0 & bx_avg_beds_pct_vet_ac=1 & fx_tot_ppl_all_ac>=20 & hmisparticipatingproject=1,projectid,projectname,fx_tot_ppl_pct_vet_a_ac,fx_avg_beds_pct_vet_ac,fx_tot_ppl_vet_a_ac,fx_tot_ppl_all_ac,fx_avg_beds_vettot_ac,fx_avg_beds_tot_ac,hmisparticipatingproject,bx_avg_beds_pct_vet_ac,,,,,,,,,,
1055,Subpopulations vs. Dedicated Beds,Warning,0,0,Inventory and LSACalculated,"Adult-Only households: 100% of this project's clients in this household type were people in veteran households, yet you reported that fewer than 100% of these beds were dedicated to veteran households. Are these beds actually 100% dedicated veteran beds? In the HMIS Data Standards, a dedicated bed is defined as ""a bed that must be filled by a person in the subpopulation category (or a member of their household) unless there are no persons from the subpopulation who qualify for the project located within the geographic area.""",fx_tot_ppl_pct_vet_a_ao=1 & bx_avg_beds_pct_vet_ao>0 & bx_avg_beds_pct_vet_ao<0.92 & fx_tot_ppl_vet_a_ao>=20 & hmisparticipatingproject=1,projectid,projectname,fx_tot_ppl_pct_vet_a_ao,fx_avg_beds_pct_vet_ao,fx_tot_ppl_vet_a_ao,fx_tot_ppl_all_ao,fx_avg_beds_vettot_ao,fx_avg_beds_tot_ao,hmisparticipatingproject,bx_avg_beds_pct_vet_ao,,,,,,,,,,
1056,Subpopulations vs. Dedicated Beds,Warning,0,0,Inventory and LSACalculated,"Adult-Child households: 100% of this project's clients in this household type were people in veteran households, yet you reported that fewer than 100% of these beds were dedicated to veteran households. Are these beds actually 100% dedicated veteran beds? In the HMIS Data Standards, a dedicated bed is defined as ""a bed that must be filled by a person in the subpopulation category (or a member of their household) unless there are no persons from the subpopulation who qualify for the project located within the geographic area.""",fx_tot_ppl_pct_vet_a_ac=1 & bx_avg_beds_pct_vet_ac>0 & bx_avg_beds_pct_vet_ac<0.92 & fx_tot_ppl_vet_a_ac>=20 & hmisparticipatingproject=1,projectid,projectname,fx_tot_ppl_pct_vet_a_ac,fx_avg_beds_pct_vet_ac,fx_tot_ppl_vet_a_ac,fx_tot_ppl_all_ac,fx_avg_beds_vettot_ac,fx_avg_beds_tot_ac,hmisparticipatingproject,bx_avg_beds_pct_vet_ac,,,,,,,,,,
1057,Subpopulations vs. Dedicated Beds,Warning,0,0,Inventory and LSACalculated,"Adult-Only households: None of this project's clients in this household type were people in veteran households, yet you reported that some of these beds are dedicated to veteran households. Please confirm. In the HMIS Data Standards, a dedicated bed is defined as ""a bed that must be filled by a person in the subpopulation category (or a member of their household) unless there are no persons from the subpopulation who qualify for the project located within the geographic area.""",fx_tot_ppl_pct_vet_a_ao=0 & bx_avg_beds_pct_vet_ao>0 & bx_avg_beds_pct_vet_ao<1 & fx_tot_ppl_all_ao>=20 & hmisparticipatingproject=1,projectid,projectname,fx_tot_ppl_pct_vet_a_ao,fx_avg_beds_pct_vet_ao,fx_tot_ppl_vet_a_ao,fx_tot_ppl_all_ao,fx_avg_beds_vettot_ao,fx_avg_beds_tot_ao,hmisparticipatingproject,bx_avg_beds_pct_vet_ao,,,,,,,,,,
1058,Subpopulations vs. Dedicated Beds,Warning,0,0,Inventory and LSACalculated,"Adult-Child households: None of this project's clients in this household type were people in veteran households, yet you reported that some of these beds are dedicated to veteran households. Please confirm. In the HMIS Data Standards, a dedicated bed is defined as ""a bed that must be filled by a person in the subpopulation category (or a member of their household) unless there are no persons from the subpopulation who qualify for the project located within the geographic area.""",fx_tot_ppl_pct_vet_a_ac=0 & bx_avg_beds_pct_vet_ac>0 & bx_avg_beds_pct_vet_ac<1 & fx_tot_ppl_all_ac>=20 & hmisparticipatingproject=1,projectid,projectname,fx_tot_ppl_pct_vet_a_ac,fx_avg_beds_pct_vet_ac,fx_tot_ppl_vet_a_ac,fx_tot_ppl_all_ac,fx_avg_beds_vettot_ac,fx_avg_beds_tot_ac,hmisparticipatingproject,bx_avg_beds_pct_vet_ac,,,,,,,,,,
1059,Subpopulations vs. Dedicated Beds,Warning,0,0,Inventory and LSACalculated,"Adult-Only households: A large proportion of this project's clients in this household type were people in veteran households, yet you did not report that any of these beds were dedicated to veteran households. Are any of these beds actually dedicated veteran beds? In the HMIS Data Standards, a dedicated bed is defined as ""a bed that must be filled by a person in the subpopulation category (or a member of their household) unless there are no persons from the subpopulation who qualify for the project located within the geographic area.""",fx_tot_ppl_pct_vet_a_ao>=0.5 & fx_tot_ppl_pct_vet_a_ao<1 & bx_avg_beds_pct_vet_ao=0 & fx_tot_ppl_vet_a_ao>=20 & fx_avg_beds_tot_ao>1 & hmisparticipatingproject=1,projectid,projectname,fx_tot_ppl_pct_vet_a_ao,fx_avg_beds_pct_vet_ao,fx_tot_ppl_vet_a_ao,fx_tot_ppl_all_ao,fx_avg_beds_vettot_ao,fx_avg_beds_tot_ao,hmisparticipatingproject,bx_avg_beds_pct_vet_ao,,,,,,,,,,
1060,Subpopulations vs. Dedicated Beds,Warning,0,0,Inventory and LSACalculated,"Adult-Child households: A large proportion of this project's clients in this household type were people in veteran households, yet you did not report that any of these beds were dedicated to veteran households. Are any of these beds actually dedicated veteran beds? In the HMIS Data Standards, a dedicated bed is defined as ""a bed that must be filled by a person in the subpopulation category (or a member of their household) unless there are no persons from the subpopulation who qualify for the project located within the geographic area.""",fx_tot_ppl_pct_vet_a_ac>=0.5 & fx_tot_ppl_pct_vet_a_ac<1 & bx_avg_beds_pct_vet_ac=0 & fx_tot_ppl_vet_a_ac>=20 & fx_avg_beds_tot_ac>1 & hmisparticipatingproject=1,projectid,projectname,fx_tot_ppl_pct_vet_a_ac,fx_avg_beds_pct_vet_ac,fx_tot_ppl_vet_a_ac,fx_tot_ppl_all_ac,fx_avg_beds_vettot_ac,fx_avg_beds_tot_ac,hmisparticipatingproject,bx_avg_beds_pct_vet_ac,,,,,,,,,,
1062,Subpopulations vs. Dedicated Beds,Warning,0,0,Inventory and LSACalculated,"Adult-Child households: 100% of {projectname}'s clients in this household type were people in parenting youth households, yet you did not report that any of these beds were dedicated to parenting youth households. Are these beds dedicated youth beds? If so, in HMIS, these would be classified as “Beds dedicated to any other youth” which are beds dedicated to house non-CH and non-veteran homeless youth (persons up to age 24) and their household members. (According to the HMIS Data Standards, a dedicated bed is a bed that must be filled by a person in the subpopulation category (or a member of their household) unless there are no persons from the subpopulation who qualify for the project located within the geographic area.)",fx_tot_ppl_pct_pya_a_ac=1 & bx_avg_beds_pct_yth_ac=0 & fx_tot_ppl_pya_a_ac>=20 & hmisparticipatingproject=1,projectid,projectname,fx_tot_ppl_pct_pya_a_ac,fx_avg_beds_pct_yth_ac,fx_tot_ppl_pya_a_ac,fx_tot_ppl_all_ac,fx_avg_beds_ythtot_ac,fx_avg_beds_tot_ac,hmisparticipatingproject,bx_avg_beds_pct_yth_ac,,,,,,,,,,
1063,Subpopulations vs. Dedicated Beds,Warning,0,0,Inventory and LSACalculated,"Adult-Only households: None of {projectname}'s clients in this household type were people in youth-only households, yet you reported that all of the beds for this project are dedicated to youth households. Please confirm if this is accurate. (According to the HMIS Data Standards, a dedicated bed is a bed that must be filled by a person in the subpopulation category (or a member of their household) unless there are no persons from the subpopulation who qualify for the project located within the geographic area.) ",fx_tot_ppl_pct_yo18t21_a_ao=0 & fx_tot_ppl_pct_yo22t24_a_ao=0 & bx_avg_beds_pct_yth_ao=1 & fx_tot_ppl_all_ao>=20 & hmisparticipatingproject=1,projectid,projectname,fx_tot_ppl_pct_yo18t21_a_ao,fx_tot_ppl_pct_yo22t24_a_ao,fx_avg_beds_pct_yth_ao,fx_tot_ppl_yo18t21_a_ao,fx_tot_ppl_yo22t24_a_ao,fx_tot_ppl_all_ao,fx_avg_beds_ythtot_ao,fx_avg_beds_tot_ao,hmisparticipatingproject,bx_avg_beds_pct_yth_ao,,,,,,,,
1064,Subpopulations vs. Dedicated Beds,Warning,0,0,Inventory and LSACalculated,"Adult-Child households: None of {projectname}'s clients in this household type were people in parenting youth households, yet you reported that all of the beds for this project are dedicated to parenting youth households. Please confirm if this is accurate. (According to the HMIS Data Standards, a dedicated bed is a bed that must be filled by a person in the subpopulation category (or a member of their household) unless there are no persons from the subpopulation who qualify for the project located within the geographic area.) ",fx_tot_ppl_pct_pya_a_ac=0 & bx_avg_beds_pct_yth_ac=1 & fx_tot_ppl_all_ac>=20 & hmisparticipatingproject=1,projectid,projectname,fx_tot_ppl_pct_pya_a_ac,fx_avg_beds_pct_yth_ac,fx_tot_ppl_pya_a_ac,fx_tot_ppl_all_ac,fx_avg_beds_ythtot_ac,fx_avg_beds_tot_ac,hmisparticipatingproject,bx_avg_beds_pct_yth_ac,,,,,,,,,,
1066,Subpopulations vs. Dedicated Beds,Warning,0,0,Inventory and LSACalculated,"Adult-Child households: 100% of {projectname}'s clients in this household type were people in parenting youth households, yet you reported that fewer than 100% of the beds for this project were dedicated to parenting youth households. Are these beds actually 100% dedicated youth beds? If so, in HMIS, these would be classified as “Beds dedicated to any other youth” which are beds dedicated to house non-CH and non-veteran homeless youth (persons up to age 24) and their household members. (According to the HMIS Data Standards, a dedicated bed is a bed that must be filled by a person in the subpopulation category (or a member of their household) unless there are no persons from the subpopulation who qualify for the project located within the geographic area.)",fx_tot_ppl_pct_pya_a_ac=1 & bx_avg_beds_pct_yth_ac>0 & bx_avg_beds_pct_yth_ac<0.92 & fx_tot_ppl_pya_a_ac>=20 & hmisparticipatingproject=1,projectid,projectname,fx_tot_ppl_pct_pya_a_ac,fx_avg_beds_pct_yth_ac,fx_tot_ppl_pya_a_ac,fx_tot_ppl_all_ac,fx_avg_beds_ythtot_ac,fx_avg_beds_tot_ac,hmisparticipatingproject,bx_avg_beds_pct_yth_ac,,,,,,,,,,
1067,Subpopulations vs. Dedicated Beds,Warning,0,0,Inventory and LSACalculated,"Adult-Only households: None of {projectname}'s clients in this household type were people in youth-only households, yet you reported that some of the beds in this project are dedicated to youth households. Please confirm if this is accurate. (According to the HMIS Data Standards, a dedicated bed is a bed that must be filled by a person in the subpopulation category (or a member of their household) unless there are no persons from the subpopulation who qualify for the project located within the geographic area.)",fx_tot_ppl_pct_yo18t21_a_ao=0 & fx_tot_ppl_pct_yo22t24_a_ao=0 & bx_avg_beds_pct_yth_ao>0 & bx_avg_beds_pct_yth_ao<1 & fx_tot_ppl_all_ao>=20 & hmisparticipatingproject=1,projectid,projectname,fx_tot_ppl_pct_yo18t21_a_ao,fx_tot_ppl_pct_yo22t24_a_ao,fx_avg_beds_pct_yth_ao,fx_tot_ppl_yo18t21_a_ao,fx_tot_ppl_yo22t24_a_ao,fx_tot_ppl_all_ao,fx_avg_beds_ythtot_ao,fx_avg_beds_tot_ao,hmisparticipatingproject,bx_avg_beds_pct_yth_ao,,,,,,,,
1068,Subpopulations vs. Dedicated Beds,Warning,0,0,Inventory and LSACalculated,"Adult-Child households: None of {projectname}'s clients in this household type were people in parenting youth households, yet you reported that some of the beds for this project are dedicated to parenting youth households. Please confirm if this is accurate. (According to the HMIS Data Standards, a dedicated bed is a bed that must be filled by a person in the subpopulation category (or a member of their household) unless there are no persons from the subpopulation who qualify for the project located within the geographic area.)",fx_tot_ppl_pct_pya_a_ac=0 & bx_avg_beds_pct_yth_ac>0 & bx_avg_beds_pct_yth_ac<1 & fx_tot_ppl_all_ac>=20 & hmisparticipatingproject=1,projectid,projectname,fx_tot_ppl_pct_pya_a_ac,fx_avg_beds_pct_yth_ac,fx_tot_ppl_pya_a_ac,fx_tot_ppl_all_ac,fx_avg_beds_ythtot_ac,fx_avg_beds_tot_ac,hmisparticipatingproject,bx_avg_beds_pct_yth_ac,,,,,,,,,,
1069,Subpopulations vs. Dedicated Beds,Warning,0,0,Inventory and LSACalculated,"Adult-Only households: A large proportion of {projectname}'s clients in this household type were people in youth-only households, yet you did not report that any of the beds for this project were dedicated to youth households. Should any of this project's beds be dedicated youth beds? If so, in HMIS, these would be classified as “Beds dedicated to any other youth” which are beds dedicated to house non-CH and non-veteran homeless youth (persons up to age 24) and their household members. (According to the HMIS Data Standards, a dedicated bed is a bed that must be filled by a person in the subpopulation category (or a member of their household) unless there are no persons from the subpopulation who qualify for the project located within the geographic area.)","sum(fx_tot_ppl_pct_yo18t21_a_ao,fx_tot_ppl_pct_yo22t24_a_ao)>=0.5 & max(fx_tot_ppl_pct_yo18t21_a_ao,fx_tot_ppl_pct_yo22t24_a_ao)<=1 & min(fx_tot_ppl_pct_yo18t21_a_ao,fx_tot_ppl_pct_yo22t24_a_ao)>0 & bx_avg_beds_pct_yth_ao=0 & sum(fx_tot_ppl_yo18t21_a_ao,fx_tot_ppl_yo22t24_a_ao)>=20 & fx_avg_beds_tot_ao>1 & hmisparticipatingproject=1",projectid,projectname,fx_tot_ppl_pct_yo18t21_a_ao,fx_tot_ppl_pct_yo22t24_a_ao,fx_avg_beds_pct_yth_ao,fx_tot_ppl_yo18t21_a_ao,fx_tot_ppl_yo22t24_a_ao,fx_tot_ppl_all_ao,fx_avg_beds_ythtot_ao,fx_avg_beds_tot_ao,hmisparticipatingproject,bx_avg_beds_pct_yth_ao,,,,,,,,
1070,Subpopulations vs. Dedicated Beds,Warning,0,0,Inventory and LSACalculated,"Adult-Child households: A large proportion of {projectname}'s clients in this household type were people in parenting youth households, yet you did not report that any of these beds were dedicated to parenting youth households. Should any of this project's beds be dedicated youth beds? If so, in HMIS, these would be classified as “Beds dedicated to any other youth” which are beds dedicated to house non-CH and non-veteran homeless youth (persons up to age 24) and their household members. (According to the HMIS Data Standards, a dedicated bed is a bed that must be filled by a person in the subpopulation category (or a member of their household) unless there are no persons from the subpopulation who qualify for the project located within the geographic area.)",fx_tot_ppl_pct_pya_a_ac>=0.5 & fx_tot_ppl_pct_pya_a_ac<1 & bx_avg_beds_pct_yth_ac=0 & fx_tot_ppl_pya_a_ac>=20 & fx_avg_beds_tot_ac>1 & hmisparticipatingproject=1,projectid,projectname,fx_tot_ppl_pct_pya_a_ac,fx_avg_beds_pct_yth_ac,fx_tot_ppl_pya_a_ac,fx_tot_ppl_all_ac,fx_avg_beds_ythtot_ac,fx_avg_beds_tot_ac,hmisparticipatingproject,bx_avg_beds_pct_yth_ac,,,,,,,,,,
1071,Subpopulations vs. Dedicated Beds,Warning,0,0,Inventory and LSACalculated,"Adult-Only households: 100% of {projectname}'s clients in this household type were people in chronically homeless households, yet you did not report that any of the beds for this project were dedicated to chronically homeless households. Are these beds actually dedicated chronically homeless beds? (According to the HMIS Data Standards, a dedicated bed is a bed that must be filled by a person in the subpopulation category (or a member of their household) unless there are no persons from the subpopulation who qualify for the project located within the geographic area.)",fx_tot_ppl_pct_ch_a_ao=1 & bx_avg_beds_pct_ch_ao=0 & projecttype=3 & fx_tot_ppl_ch_a_ao>=20 & hmisparticipatingproject=1,projectid,projectname,fx_tot_ppl_pct_ch_a_ao,fx_avg_beds_pct_ch_ao,fx_tot_ppl_ch_a_ao,fx_tot_ppl_all_ao,fx_avg_beds_chtot_ao,fx_avg_beds_tot_ao,hmisparticipatingproject,bx_avg_beds_pct_ch_ao,projecttype,,,,,,,,,
1072,Subpopulations vs. Dedicated Beds,Warning,0,0,Inventory and LSACalculated,"Adult-Child households: 100% of {projectname}'s clients in this household type were people in chronically homeless households, yet you did not report that any of the beds for this project were dedicated to chronically homeless households. Are these beds actually dedicated chronically homeless beds? (According to the HMIS Data Standards, a dedicated bed is a bed that must be filled by a person in the subpopulation category (or a member of their household) unless there are no persons from the subpopulation who qualify for the project located within the geographic area.)",fx_tot_ppl_pct_ch_a_ac=1 & bx_avg_beds_pct_ch_ac=0 & projecttype=3 & fx_tot_ppl_ch_a_ac>=20 & hmisparticipatingproject=1,projectid,projectname,fx_tot_ppl_pct_ch_a_ac,fx_avg_beds_pct_ch_ac,fx_tot_ppl_ch_a_ac,fx_tot_ppl_all_ac,fx_avg_beds_chtot_ac,fx_avg_beds_tot_ac,hmisparticipatingproject,bx_avg_beds_pct_ch_ac,projecttype,,,,,,,,,
1073,Subpopulations vs. Dedicated Beds,Warning,0,0,Inventory and LSACalculated,"Child-Only households: 100% of {projectname}'s clients in this household type were people in chronically homeless households, yet you did not report that any of the beds for this project were dedicated to chronically homeless households. Are these beds actually dedicated chronically homeless beds? (According to the HMIS Data Standards, a dedicated bed is a bed that must be filled by a person in the subpopulation category (or a member of their household) unless there are no persons from the subpopulation who qualify for the project located within the geographic area.)",fx_tot_ppl_pct_ch_a_co=1 & bx_avg_beds_pct_ch_co=0 & projecttype=3 & fx_tot_ppl_ch_a_co>=20 & hmisparticipatingproject=1,projectid,projectname,fx_tot_ppl_pct_ch_a_co,fx_avg_beds_pct_ch_co,fx_tot_ppl_ch_a_co,fx_tot_ppl_all_co,fx_avg_beds_chtot_co,fx_avg_beds_tot_co,hmisparticipatingproject,bx_avg_beds_pct_ch_co,projecttype,,,,,,,,,
1077,Subpopulations vs. Dedicated Beds,Warning,0,0,Inventory and LSACalculated,"Adult-Only households: 100% of {projectname}'s clients in this household type were people in chronically homeless households, yet you reported that fewer than 100% of these beds were dedicated to chronically homeless households. Are these beds actually 100% dedicated chronically homeless beds? (According to the HMIS Data Standards, a dedicated bed is a bed that must be filled by a person in the subpopulation category (or a member of their household) unless there are no persons from the subpopulation who qualify for the project located within the geographic area.)",fx_tot_ppl_pct_ch_a_ao=1 & bx_avg_beds_pct_ch_ao>0 & bx_avg_beds_pct_ch_ao<0.92 & fx_tot_ppl_ch_a_ao>=20 & projecttype=3 & hmisparticipatingproject=1,projectid,projectname,fx_tot_ppl_pct_ch_a_ao,fx_avg_beds_pct_ch_ao,fx_tot_ppl_ch_a_ao,fx_tot_ppl_all_ao,fx_avg_beds_chtot_ao,fx_avg_beds_tot_ao,hmisparticipatingproject,bx_avg_beds_pct_ch_ao,projecttype,,,,,,,,,
1078,Subpopulations vs. Dedicated Beds,Warning,0,0,Inventory and LSACalculated,"Adult-Child households: 100% of {projectname}'s clients in this household type were people in chronically homeless households, yet you reported that fewer than 100% of these beds were dedicated to chronically homeless households. Are these beds actually 100% dedicated chronically homeless beds? (According to the HMIS Data Standards, a dedicated bed is a bed that must be filled by a person in the subpopulation category (or a member of their household) unless there are no persons from the subpopulation who qualify for the project located within the geographic area.)",fx_tot_ppl_pct_ch_a_ac=1 & bx_avg_beds_pct_ch_ac>0 & bx_avg_beds_pct_ch_ac<0.92 & fx_tot_ppl_ch_a_ac>=20 & projecttype=3 & hmisparticipatingproject=1,projectid,projectname,fx_tot_ppl_pct_ch_a_ac,fx_avg_beds_pct_ch_ac,fx_tot_ppl_ch_a_ac,fx_tot_ppl_all_ac,fx_avg_beds_chtot_ac,fx_avg_beds_tot_ac,hmisparticipatingproject,bx_avg_beds_pct_ch_ac,projecttype,,,,,,,,,
1079,Subpopulations vs. Dedicated Beds,Warning,0,0,Inventory and LSACalculated,"Child-Only households: 100% of {projectname}'s clients in this household type were people in chronically homeless households, yet you reported that fewer than 100% of these beds were dedicated to chronically homeless households. Are these beds actually 100% dedicated chronically homeless beds? (According to the HMIS Data Standards, a dedicated bed is a bed that must be filled by a person in the subpopulation category (or a member of their household) unless there are no persons from the subpopulation who qualify for the project located within the geographic area.)",fx_tot_ppl_pct_ch_a_co=1 & bx_avg_beds_pct_ch_co>0 & bx_avg_beds_pct_ch_co<0.92 & fx_tot_ppl_ch_a_co>=20 & projecttype=3 & hmisparticipatingproject=1,projectid,projectname,fx_tot_ppl_pct_ch_a_co,fx_avg_beds_pct_ch_co,fx_tot_ppl_ch_a_co,fx_tot_ppl_all_co,fx_avg_beds_chtot_co,fx_avg_beds_tot_co,hmisparticipatingproject,bx_avg_beds_pct_ch_co,projecttype,,,,,,,,,
1092,Demographics,Warning,0,0,LSAHousehold,"We generally expect all households in PSH to have a disabled member, but you have reported that many of the PSH households with a Move-In Date did not have a disabled member. Please check your HMIS data to see if this is correct.","psh_all_r_hh>50 & divide(psh_all_r_hdis_hh,psh_all_r_hh)<0.5",psh_all_r_hdis_hh,psh_all_r_hh,,,,,,,,,,,,,,,,,,
1093,Demographics,Warning,0,0,LSAPerson and LSAHousehold,"Child-Only households in ES/SH/TH: In your HMIS data, there are children ages 5 and under that are in ES/SH/TH enrollments on their own. In child-only households, children ages 5 and under must be accompanied by an older child between the ages of 6 and 17. Having children ages 5 and under in enrollments on their own without an accompanying older child or adult is generally an HMIS data entry error.","max(est_co_agen_17,est_co_agex_17,est_co_agex_un)=0 & est_co_agex_under6>0",est_co_agex_under6,est_co_agen_17,est_co_agex_17,est_co_agex_un,,,,,,,,,,,,,,,,
1094,Demographics,Warning,0,0,LSAPerson and LSAHousehold,"Child-Only households in RRH: In your HMIS data, there are children ages 5 and under that are in RRH enrollments on their own. In child-only households, children ages 5 and under must be accompanied by an older child between the ages of 6 and 17. Having children ages 5 and under in enrollments on their own without an accompanying older child or adult is generally an HMIS data entry error. ","max(rrh_co_agen_17,rrh_co_agex_17,rrh_co_agex_un)=0 & rrh_co_agex_under6>0",rrh_co_agex_under6,rrh_co_agen_17,rrh_co_agex_17,rrh_co_agex_un,,,,,,,,,,,,,,,,
1095,Demographics,Warning,0,0,LSAPerson and LSAHousehold,"Child-Only households in PSH: In your HMIS data, there are children ages 5 and under that are in PSH enrollments on their own. In child-only households, children ages 5 and under must be accompanied by an older child between the ages of 6 and 17. Having children ages 5 and under in enrollments on their own without an accompanying older child or adult is generally an HMIS data entry error.","max(psh_co_agen_17,psh_co_agex_17,psh_co_agex_un)=0 & psh_co_agex_under6>0",psh_co_agex_under6,psh_co_agen_17,psh_co_agex_17,psh_co_agex_un,,,,,,,,,,,,,,,,
1096,Household Composition,Warning,0,0,LSAPerson and LSAHousehold,Adult-Only households in ES/SH/TH (active in residence): The average household size of people served during the report period is unusually large. Please confirm if this is accurate.,est_ao_r_hhsize>2 & est_ao_r>=10,est_ao_r_hhsize,est_ao_r,est_ao_r_hh,,,,,,,,,,,,,,,,,
1097,Household Composition,Warning,0,0,LSAPerson and LSAHousehold,Adult-Only households in RRH (active in residence): The average household size of people served during the report period is unusually large. Please confirm if this is accurate.,rrh_ao_r_hhsize>2 & rrh_ao_r>=10,rrh_ao_r_hhsize,rrh_ao_r,rrh_ao_r_hh,,,,,,,,,,,,,,,,,
1098,Household Composition,Warning,0,0,LSAPerson and LSAHousehold,Adult-Only households in PSH (active in residence): The average household size of people served during the report period is unusually large. Please confirm if this is accurate.,psh_ao_r_hhsize>2 & psh_ao_r>=10,psh_ao_r_hhsize,psh_ao_r,psh_ao_r_hh,,,,,,,,,,,,,,,,,
1099,Household Composition,Warning,0,0,LSAPerson and LSAHousehold,Adult-Child households in ES/SH/TH (active in residence): The average household size of people served during the report period is unusually large. Please confirm if this is accurate.,est_ac_r_hhsize>4.5 & est_ac_r>=10,est_ac_r_hhsize,est_ac_r,est_ac_r_hh,,,,,,,,,,,,,,,,,
1100,Household Composition,Warning,0,0,LSAPerson and LSAHousehold,Adult-Child households in RRH (active in residence): The average household size of people served during the report period is unusually large. Please confirm if this is accurate.,rrh_ac_r_hhsize>4.5 & rrh_ac_r>=10,rrh_ac_r_hhsize,rrh_ac_r,rrh_ac_r_hh,,,,,,,,,,,,,,,,,
1101,Household Composition,Warning,0,0,LSAPerson and LSAHousehold,Adult-Child households in PSH (active in residence): The average household size of people served during the report period is unusually large. Please confirm if this is accurate.,psh_ac_r_hhsize>4.5 & psh_ac_r>=10,psh_ac_r_hhsize,psh_ac_r,psh_ac_r_hh,,,,,,,,,,,,,,,,,
1102,Household Composition,Warning,0,0,LSAPerson and LSAHousehold,Child-Only households in ES/SH/TH (active in residence): The average household size of people served during the report period is unusually large. Please confirm if this is accurate.,est_co_r_hhsize>2 & est_co_r>=10,est_co_r_hhsize,est_co_r,est_co_r_hh,,,,,,,,,,,,,,,,,
1103,Household Composition,Warning,0,0,LSAPerson and LSAHousehold,Child-Only households in RRH (active in residence): The average household size of people served during the report period is unusually large. Please confirm if this is accurate.,rrh_co_r_hhsize>2 & rrh_co_r>=10,rrh_co_r_hhsize,rrh_co_r,rrh_co_r_hh,,,,,,,,,,,,,,,,,
1104,Household Composition,Warning,0,0,LSAPerson and LSAHousehold,Child-Only households in PSH (active in residence): The average household size of people served during the report period is unusually large. Please confirm if this is accurate.,psh_co_r_hhsize>2 & psh_co_r>=10,psh_co_r_hhsize,psh_co_r,psh_co_r_hh,,,,,,,,,,,,,,,,,
1105,Household Composition,Warning,0,0,LSACalculated,Adult-Only households in {projectname}: The average household size is unusually large. Please confirm if this is accurate.,fx_tot_hhsize_all_ao>2.75 & fx_tot_ppl_all_ao>=30,projectid,projectname,fx_tot_hhsize_all_ao,fx_tot_ppl_all_ao,fx_tot_hh_all_ao,,,,,,,,,,,,,,,
1106,Household Composition,Warning,0,0,LSACalculated,Adult-Child households in {projectname}: The average household size is unusually large. Please confirm if this is accurate.,fx_tot_hhsize_all_ac>6 & fx_tot_ppl_all_ac>=30,projectid,projectname,fx_tot_hhsize_all_ac,fx_tot_ppl_all_ac,fx_tot_hh_all_ac,,,,,,,,,,,,,,,
1107,Household Composition,Warning,0,0,LSACalculated,Child-Only households in {projectname}: The average household size is unusually large. Please confirm if this is accurate.,fx_tot_hhsize_all_co>3.5 & fx_tot_ppl_all_co>=30,projectid,projectname,fx_tot_hhsize_all_co,fx_tot_ppl_all_co,fx_tot_hh_all_co,,,,,,,,,,,,,,,
1108,Data Completeness and Overall Quality,Warning,0,0,N/A,"Your CoC recently acquired new territory from another CoC. Please confirm (a) that your LSA upload includes the projects operating in that territory, (b) that the client location (i.e., the Enrollment CoC) has been updated in your HMIS for those project enrollment records, and (c) that the CoC codes in your HMIS Inventory and ProjectCoC data have been updated.",acquisition=1,note,acquisition,,,,,,,,,,,,,,,,,,
1111,Data Completeness and Overall Quality,Warning,0,0,LSAPerson,"All households in ES/SH/TH: Veteran Status for adults has a high missing/unknown data rate. Please (a) check whether this high rate is correct, and (b) let us know if this number can be improved.",pct_m_r_vet_est_all>0.1 & est_all_r_ad>=50,pct_m_r_vet_est_all,est_all_r_ad_vet_un,est_all_r_ad,,,,,,,,,,,,,,,,,
1112,Data Completeness and Overall Quality,Warning,0,0,LSAPerson,"All households in RRH (active in residence): Veteran Status for adults has a high missing/unknown data rate. Please (a) check whether this high rate is correct, and (b) let us know if this number can be improved.",pct_m_r_vet_rrh_all>0.1 & rrh_all_r_ad>=50,pct_m_r_vet_rrh_all,rrh_all_r_ad_vet_un,rrh_all_r_ad,,,,,,,,,,,,,,,,,
1113,Data Completeness and Overall Quality,Warning,0,0,LSAPerson,"All households in PSH (active in residence): Veteran Status for adults has a high missing/unknown data rate. Please (a) check whether this high rate is correct, and (b) let us know if this number can be improved.",pct_m_r_vet_psh_all>0.1 & psh_all_r_ad>=50,pct_m_r_vet_psh_all,psh_all_r_ad_vet_un,psh_all_r_ad,,,,,,,,,,,,,,,,,
1114,Data Completeness and Overall Quality,Warning,1,0,LSAPerson,"There is a large difference between the total number of people who exited on the first day of the report period and did not return to an ES/SH/TH project later in the report period, and the subset of those people who were ""active in residence"" and had a bed night in ES/SH/TH during the report period. Since the size of the difference between the counts is large for your CoC, we would like you to confirm whether it is plausible that this many people exited on the first day of the report period and did not return to an ES, SH, or TH project during the report period.","est_all>est_all_r & mean(est_all,est_all_r)>0 & abs(divide(sum(est_all,-1*est_all_r),mean(est_all,est_all_r))) > put(max(est_all,est_all_r),threshf.) & abs(sum(est_all,-1*est_all_r))>=&thresh_abs_num.",est_all_copy,est_all_r_copy,est_all,"var1114_1=abs(abs(np.nansum([est_all_copy,-1*est_all_r_copy])/np.mean([est_all_copy,est_all_r_copy])) - max(est_all_copy,est_all_r_copy))",,,,,,,,,,,,,,,,
1115,Comparisons with the PIT: Demographics,Warning,0,0,LSAPerson and PIT,All households in ES/SH/TH (active in residence): There is a large difference in the percent of people who are Hispanic between your LSA data and your ##curr_yr## sheltered PIT count. Please describe any reasons you think may be contributing to this difference. ,"abs(pct_dem_r_hisp_est_all-z_pct_Dall_shelt_Nhisp)>0.25 & not missing(pct_dem_r_hisp_est_all) & not missing(z_pct_Dall_shelt_Nhisp) & min(est_all_r_rc_nmis,z_all_shelt)>30",pct_dem_r_hisp_est_all,z_pct_Dall_shelt_Nhisp,est_all_r_rc_nmis,z_all_shelt,,,,,,,,,,,,,,,,
1119,Comparisons with the PIT: Demographics,Warning,0,0,LSAPerson and PIT,"All households in RRH (active in residence): There is a large difference in the percent of people who are Hispanic between your LSA data and your ##curr_yr## sheltered PIT count. We understand that the shelter population and RRH service population may differ, and that can be a reasonable explanation here. We flagged this case because there is a large demographic difference.","abs(pct_dem_r_hisp_rrh_all-z_pct_Dall_shelt_Nhisp)>0.4 & not missing(pct_dem_r_hisp_rrh_all) & not missing(z_pct_Dall_shelt_Nhisp) & min(rrh_all_r_rc_nmis,z_all_shelt)>30",pct_dem_r_hisp_rrh_all,z_pct_Dall_shelt_Nhisp,rrh_all_r_rc_nmis,z_all_shelt,,,,,,,,,,,,,,,,
1123,Comparisons with the PIT: Demographics,Warning,0,0,LSAPerson and PIT,"All households in PSH (active in residence): There is a large difference in the percent of people who are Hispanic between your LSA data and your ##curr_yr## sheltered PIT count. We understand that the shelter population and PSH service population may differ, and that can be a reasonable explanation here. We flagged this case because there is a large demographic difference.","abs(pct_dem_r_hisp_psh_all-z_pct_Dall_shelt_Nhisp)>0.4 & not missing(pct_dem_r_hisp_psh_all) & not missing(z_pct_Dall_shelt_Nhisp) & min(psh_all_r_rc_nmis,z_all_shelt)>30",pct_dem_r_hisp_psh_all,z_pct_Dall_shelt_Nhisp,psh_all_r_rc_nmis,z_all_shelt,,,,,,,,,,,,,,,,
1127,Comparisons with the PIT: Demographics,Warning,0,0,LSAPerson and PIT,"All households in ES/SH/TH (active in residence): There is a large difference in the racial demographics between your LSA data and your ##curr_yr## sheltered PIT count. If possible, please describe any reasons you think may be contributing to this demographic difference.","max(abs(pct_dem_r_white_est_all-z_pct_Dall_shelt_Nwhite),abs(pct_dem_r_black_est_all-z_pct_Dall_shelt_Nblack),abs(pct_dem_r_asian_est_all-z_pct_Dall_shelt_Nasian),abs(pct_dem_r_native_est_all-z_pct_Dall_shelt_Nnative),abs(pct_dem_r_pacific_est_all-z_pct_Dall_shelt_Npacific),abs(pct_dem_r_mena_est_all-z_pct_Dall_shelt_Nmena),abs(pct_dem_r_multirace_est_all-z_pct_Dall_shelt_Nmultirace))>0.25 & not missing(pct_dem_r_white_est_all) & not missing(z_pct_Dall_shelt_Nwhite) & min(dem_pit_denoms_est)>30",pct_dem_r_white_est_all,z_pct_Dall_shelt_Nwhite,pct_dem_r_black_est_all,z_pct_Dall_shelt_Nblack,pct_dem_r_asian_est_all,z_pct_Dall_shelt_Nasian,pct_dem_r_native_est_all,z_pct_Dall_shelt_Nnative,pct_dem_r_pacific_est_all,z_pct_Dall_shelt_Npacific,pct_dem_r_mena_est_all,z_pct_Dall_shelt_Nmena,pct_dem_r_multirace_est_all,z_pct_Dall_shelt_Nmultirace,dem_pit_denoms_est,,,,,
1131,Comparisons with the PIT: Demographics,Warning,0,0,LSAPerson and PIT,"All households in RRH (active in residence): There is a large difference in the racial demographics between your LSA data and your ##curr_yr## sheltered PIT count. We understand that the shelter population and RRH service population may differ, and that can be a reasonable explanation here. We flagged this case because there is a large demographic difference.","max(abs(pct_dem_r_white_rrh_all-z_pct_Dall_shelt_Nwhite),abs(pct_dem_r_black_rrh_all-z_pct_Dall_shelt_Nblack),abs(pct_dem_r_asian_rrh_all-z_pct_Dall_shelt_Nasian),abs(pct_dem_r_native_rrh_all-z_pct_Dall_shelt_Nnative),abs(pct_dem_r_pacific_rrh_all-z_pct_Dall_shelt_Npacific),abs(pct_dem_r_mena_rrh_all-z_pct_Dall_shelt_Nmena),abs(pct_dem_r_multirace_rrh_all-z_pct_Dall_shelt_Nmultirace))>0.4 & not missing(pct_dem_r_white_rrh_all) & not missing(z_pct_Dall_shelt_Nwhite) & min(dem_pit_denoms_rrh)>30",pct_dem_r_white_rrh_all,z_pct_Dall_shelt_Nwhite,pct_dem_r_black_rrh_all,z_pct_Dall_shelt_Nblack,pct_dem_r_asian_rrh_all,z_pct_Dall_shelt_Nasian,pct_dem_r_native_rrh_all,z_pct_Dall_shelt_Nnative,pct_dem_r_pacific_rrh_all,z_pct_Dall_shelt_Npacific,pct_dem_r_mena_rrh_all,z_pct_Dall_shelt_Nmena,pct_dem_r_multirace_rrh_all,z_pct_Dall_shelt_Nmultirace,dem_pit_denoms_rrh,,,,,
1135,Comparisons with the PIT: Demographics,Warning,0,0,LSAPerson and PIT,"All households in PSH (active in residence): There is a large difference in the racial demographics between your LSA data and your ##curr_yr## sheltered PIT count. We understand that the shelter population and PSH service population may differ, and that can be a reasonable explanation here. We flagged this case because there is a large demographic difference.","max(abs(pct_dem_r_white_psh_all-z_pct_Dall_shelt_Nwhite),abs(pct_dem_r_black_psh_all-z_pct_Dall_shelt_Nblack),abs(pct_dem_r_asian_psh_all-z_pct_Dall_shelt_Nasian),abs(pct_dem_r_native_psh_all-z_pct_Dall_shelt_Nnative),abs(pct_dem_r_pacific_psh_all-z_pct_Dall_shelt_Npacific),abs(pct_dem_r_mena_psh_all-z_pct_Dall_shelt_Nmena),abs(pct_dem_r_multirace_psh_all-z_pct_Dall_shelt_Nmultirace))>0.4 & not missing(pct_dem_r_white_psh_all) & not missing(z_pct_Dall_shelt_Nwhite) & min(dem_pit_denoms_psh)>30",pct_dem_r_white_psh_all,z_pct_Dall_shelt_Nwhite,pct_dem_r_black_psh_all,z_pct_Dall_shelt_Nblack,pct_dem_r_asian_psh_all,z_pct_Dall_shelt_Nasian,pct_dem_r_native_psh_all,z_pct_Dall_shelt_Nnative,pct_dem_r_pacific_psh_all,z_pct_Dall_shelt_Npacific,pct_dem_r_mena_psh_all,z_pct_Dall_shelt_Nmena,pct_dem_r_multirace_psh_all,z_pct_Dall_shelt_Nmultirace,dem_pit_denoms_psh,,,,,
1139,Comparisons with the HIC: Bed Counts,Warning,1,0,Inventory and HIC,"Your ##curr_yr## HIC reported {ha_yr_beds_tot_h_ao_es} HMIS-participating year-round ES beds for AO households on the night of {pit_date} (the night of your ##curr_yr## PIT count). Your LSA Inventory File shows {hr_yr_beds_tot_h_ao_es} HMIS-participating year-round ES beds for AO households on the night of {pit_date}. Since this flag is looking at a single point in time, in most cases we would expect these two numbers to be the same. If {hr_yr_beds_tot_h_ao_es} is the correct number of beds, please provide a note to confirm.  If {hr_yr_beds_tot_h_ao_es} is not the correct number of beds, please make updates in your HMIS and then replace your Official HUD Review File. (This flag does not count beds associated with Victim Service Providers.)",hr_yr_beds_tot_h_ao_es~=ha_yr_beds_tot_h_ao_es,hr_yr_beds_tot_h_ao_es,ha_yr_beds_tot_h_ao_es,pit_date,,,,,,,,,,,,,,,,,
1140,Comparisons with the HIC: Bed Counts,Warning,1,0,Inventory and HIC,"Your ##curr_yr## HIC reported {ha_yr_beds_tot_n_ao_es} non-HMIS-participating year-round ES beds for AO households on the night of {pit_date} (the night of your ##curr_yr## PIT count). Your LSA Inventory File shows {hr_yr_beds_tot_n_ao_es} non-HMIS-participating year-round ES beds for AO households on the night of {pit_date}. Since this flag is looking at a single point in time, in most cases we would expect these two numbers to be the same. If {hr_yr_beds_tot_n_ao_es} is the correct number of beds, please provide a note to confirm.  If {hr_yr_beds_tot_n_ao_es} is not the correct number of beds, please make updates in your HMIS and then replace your Official HUD Review File. As a reminder, all non-HMIS participating projects are still required to have their project data descriptor elements added to HMIS. (This flag does not count beds associated with Victim Service Providers or with projects that have a target population of Survivors of Domestic Violence.)",hr_yr_beds_tot_n_ao_es~=ha_yr_beds_tot_n_ao_es,hr_yr_beds_tot_n_ao_es,ha_yr_beds_tot_n_ao_es,pit_date,,,,,,,,,,,,,,,,,
1141,Comparisons with the HIC: Bed Counts,Warning,1,0,Inventory and HIC,"Your ##curr_yr## HIC reported {ha_yr_beds_vettot_t_ao_es} year-round dedicated veteran beds for AO households in ES on the night of {pit_date} (the night of your ##curr_yr## PIT count). Your LSA Inventory File shows {hr_yr_beds_vettot_t_ao_es} year-round dedicated veteran beds for AO households in ES on the night of {pit_date}. Since this flag is looking at a single point in time, in most cases we would expect these two numbers to be the same. If {hr_yr_beds_vettot_t_ao_es} is the correct number of beds, please provide a note to confirm.  If {hr_yr_beds_vettot_t_ao_es} is not the correct number of beds, please make updates in your HMIS and then replace your Official HUD Review File. (This flag counts both HMIS Participating and Non-HMIS Participating beds. This flag does not count beds associated with Victim Service Providers or with Non-HMIS Participating projects that have a target population of Survivors of Domestic Violence.)",hr_yr_beds_vettot_t_ao_es~=ha_yr_beds_vettot_t_ao_es,hr_yr_beds_vettot_t_ao_es,ha_yr_beds_vettot_t_ao_es,pit_date,,,,,,,,,,,,,,,,,
1142,Comparisons with the HIC: Bed Counts,Warning,1,0,Inventory and HIC,"Your ##curr_yr## HIC reported {ha_yr_beds_ythtot_t_ao_es} year-round dedicated youth (18-24) beds for AO households in ES on the night of {pit_date} (the night of your ##curr_yr## PIT count). Your LSA Inventory File shows {hr_yr_beds_ythtot_t_ao_es} year-round dedicated youth (18-24) beds for AO households in ES on the night of {pit_date}. Since this flag is looking at a single point in time, in most cases we would expect these two numbers to be the same. If {hr_yr_beds_ythtot_t_ao_es} is the correct number of beds, please provide a note to confirm.  If {hr_yr_beds_ythtot_t_ao_es} is not the correct number of beds, please make updates in your HMIS and then replace your Official HUD Review File. (This flag counts both HMIS Participating and Non-HMIS Participating beds. This flag does not count beds associated with Victim Service Providers or with Non-HMIS Participating projects that have a target population of Survivors of Domestic Violence.)",hr_yr_beds_ythtot_t_ao_es~=ha_yr_beds_ythtot_t_ao_es,hr_yr_beds_ythtot_t_ao_es,ha_yr_beds_ythtot_t_ao_es,pit_date,,,,,,,,,,,,,,,,,
1143,Comparisons with the HIC: Bed Counts,Warning,1,0,Inventory and HIC,"Your ##curr_yr## HIC reported {ha_yr_beds_tot_h_ac_es} HMIS-participating year-round ES beds for AC households on the night of {pit_date} (the night of your ##curr_yr## PIT count). Your LSA Inventory File shows {hr_yr_beds_tot_h_ac_es} HMIS-participating year-round ES beds for AC households on the night of {pit_date}. Since this flag is looking at a single point in time, in most cases we would expect these two numbers to be the same. If {hr_yr_beds_tot_h_ac_es} is the correct number of beds, please provide a note to confirm.  If {hr_yr_beds_tot_h_ac_es} is not the correct number of beds, please make updates in your HMIS and then replace your Official HUD Review File. (This flag does not count beds associated with Victim Service Providers.)",hr_yr_beds_tot_h_ac_es~=ha_yr_beds_tot_h_ac_es,hr_yr_beds_tot_h_ac_es,ha_yr_beds_tot_h_ac_es,pit_date,,,,,,,,,,,,,,,,,
1144,Comparisons with the HIC: Bed Counts,Warning,1,0,Inventory and HIC,"Your ##curr_yr## HIC reported {ha_yr_beds_tot_n_ac_es} non-HMIS-participating year-round ES beds for AC households on the night of {pit_date} (the night of your ##curr_yr## PIT count). Your LSA Inventory File shows {hr_yr_beds_tot_n_ac_es} non-HMIS-participating year-round ES beds for AC households on the night of {pit_date}. Since this flag is looking at a single point in time, in most cases we would expect these two numbers to be the same. If {hr_yr_beds_tot_n_ac_es} is the correct number of beds, please provide a note to confirm.  If {hr_yr_beds_tot_n_ac_es} is not the correct number of beds, please make updates in your HMIS and then replace your Official HUD Review File. As a reminder, all non-HMIS participating projects are still required to have their project data descriptor elements added to HMIS. (This flag does not count beds associated with Victim Service Providers or with projects that have a target population of Survivors of Domestic Violence.)",hr_yr_beds_tot_n_ac_es~=ha_yr_beds_tot_n_ac_es,hr_yr_beds_tot_n_ac_es,ha_yr_beds_tot_n_ac_es,pit_date,,,,,,,,,,,,,,,,,
1145,Comparisons with the HIC: Bed Counts,Warning,1,0,Inventory and HIC,"Your ##curr_yr## HIC reported {ha_yr_beds_vettot_t_ac_es} year-round dedicated veteran beds for AC households in ES on the night of {pit_date} (the night of your ##curr_yr## PIT count). Your LSA Inventory File shows {hr_yr_beds_vettot_t_ac_es} year-round dedicated veteran beds for AC households in ES on the night of {pit_date}. Since this flag is looking at a single point in time, in most cases we would expect these two numbers to be the same. If {hr_yr_beds_vettot_t_ac_es} is the correct number of beds, please provide a note to confirm.  If {hr_yr_beds_vettot_t_ac_es} is not the correct number of beds, please make updates in your HMIS and then replace your Official HUD Review File. (This flag counts both HMIS Participating and Non-HMIS Participating beds. This flag does not count beds associated with Victim Service Providers or with Non-HMIS Participating projects that have a target population of Survivors of Domestic Violence.)",hr_yr_beds_vettot_t_ac_es~=ha_yr_beds_vettot_t_ac_es,hr_yr_beds_vettot_t_ac_es,ha_yr_beds_vettot_t_ac_es,pit_date,,,,,,,,,,,,,,,,,
1146,Comparisons with the HIC: Bed Counts,Warning,1,0,Inventory and HIC,"Your ##curr_yr## HIC reported {ha_yr_beds_ythtot_t_ac_es} year-round dedicated youth (18-24) beds for AC households in ES on the night of {pit_date} (the night of your ##curr_yr## PIT count). Your LSA Inventory File shows {hr_yr_beds_ythtot_t_ac_es} year-round dedicated youth (18-24) beds for AC households in ES on the night of {pit_date}. Since this flag is looking at a single point in time, in most cases we would expect these two numbers to be the same. If {hr_yr_beds_ythtot_t_ac_es} is the correct number of beds, please provide a note to confirm.  If {hr_yr_beds_ythtot_t_ac_es} is not the correct number of beds, please make updates in your HMIS and then replace your Official HUD Review File. (This flag counts both HMIS Participating and Non-HMIS Participating beds. This flag does not count beds associated with Victim Service Providers or with Non-HMIS Participating projects that have a target population of Survivors of Domestic Violence.)",hr_yr_beds_ythtot_t_ac_es~=ha_yr_beds_ythtot_t_ac_es,hr_yr_beds_ythtot_t_ac_es,ha_yr_beds_ythtot_t_ac_es,pit_date,,,,,,,,,,,,,,,,,
1147,Comparisons with the HIC: Bed Counts,Warning,1,0,Inventory and HIC,"Your ##curr_yr## HIC reported {ha_yr_beds_tot_h_co_es} HMIS-participating year-round ES beds for CO households on the night of {pit_date} (the night of your ##curr_yr## PIT count). Your LSA Inventory File shows {hr_yr_beds_tot_h_co_es} HMIS-participating year-round ES beds for CO households on the night of {pit_date}. Since this flag is looking at a single point in time, in most cases we would expect these two numbers to be the same. If {hr_yr_beds_tot_h_co_es} is the correct number of beds, please provide a note to confirm.  If {hr_yr_beds_tot_h_co_es} is not the correct number of beds, please make updates in your HMIS and then replace your Official HUD Review File. (This flag does not count beds associated with Victim Service Providers.)",hr_yr_beds_tot_h_co_es~=ha_yr_beds_tot_h_co_es,hr_yr_beds_tot_h_co_es,ha_yr_beds_tot_h_co_es,pit_date,,,,,,,,,,,,,,,,,
1148,Comparisons with the HIC: Bed Counts,Warning,1,0,Inventory and HIC,"Your ##curr_yr## HIC reported {ha_yr_beds_tot_n_co_es} non-HMIS-participating year-round ES beds for CO households on the night of {pit_date} (the night of your ##curr_yr## PIT count). Your LSA Inventory File shows {hr_yr_beds_tot_n_co_es} non-HMIS-participating year-round ES beds for CO households on the night of {pit_date}. Since this flag is looking at a single point in time, in most cases we would expect these two numbers to be the same. If {hr_yr_beds_tot_n_co_es} is the correct number of beds, please provide a note to confirm.  If {hr_yr_beds_tot_n_co_es} is not the correct number of beds, please make updates in your HMIS and then replace your Official HUD Review File. As a reminder, all non-HMIS participating projects are still required to have their project data descriptor elements added to HMIS. (This flag does not count beds associated with Victim Service Providers or with projects that have a target population of Survivors of Domestic Violence.)",hr_yr_beds_tot_n_co_es~=ha_yr_beds_tot_n_co_es,hr_yr_beds_tot_n_co_es,ha_yr_beds_tot_n_co_es,pit_date,,,,,,,,,,,,,,,,,
1149,Comparisons with the HIC: Bed Counts,Warning,1,0,Inventory and HIC,"Your ##curr_yr## HIC reported {ha_seasonal_hmis_es} HMIS-participating seasonal beds on the night of {pit_date} (the night of your ##curr_yr## PIT count). Your LSA Inventory File shows {hr_seasonal_hmis_es} HMIS seasonal beds on the night of {pit_date}. Since this flag is looking at a single point in time, in most cases we would expect these two numbers to be the same. If {hr_seasonal_hmis_es} is the correct number of beds, please provide a note to confirm.  If {hr_seasonal_hmis_es} is not the correct number of beds, please make updates in your HMIS and then replace your Official HUD Review File. (This flag does not count beds associated with Victim Service Providers.)",hr_seasonal_hmis_es~=ha_seasonal_hmis_es,hr_seasonal_hmis_es,ha_seasonal_hmis_es,pit_date,,,,,,,,,,,,,,,,,
1150,Comparisons with the HIC: Bed Counts,Warning,1,0,Inventory and HIC,"Your ##curr_yr## HIC reported {ha_seasonal_nonhmis_es} non-HMIS-participating seasonal beds on the night of {pit_date} (the night of your ##curr_yr## PIT count). Your LSA Inventory File shows {hr_seasonal_nonhmis_es} non-HMIS seasonal beds on the night of {pit_date}. Since this flag is looking at a single point in time, in most cases we would expect these two numbers to be the same. If {hr_seasonal_nonhmis_es} is the correct number of beds, please provide a note to confirm.  If {hr_seasonal_nonhmis_es} is not the correct number of beds, please make updates in your HMIS and then replace your Official HUD Review File. As a reminder, all non-HMIS participating projects are still required to have their project data descriptor elements added to HMIS. (This flag does not count beds associated with Victim Service Providers or with projects that have a target population of Survivors of Domestic Violence.)",hr_seasonal_nonhmis_es~=ha_seasonal_nonhmis_es,hr_seasonal_nonhmis_es,ha_seasonal_nonhmis_es,pit_date,,,,,,,,,,,,,,,,,
1151,Comparisons with the HIC: Bed Counts,Warning,1,0,Inventory and HIC,"Your ##curr_yr## HIC reported {ha_ov_hmis_es} HMIS-participating overflow beds on the night of {pit_date} (the night of your ##curr_yr## PIT count). Your LSA Inventory File shows {hr_ov_hmis_es} HMIS-participating overflow beds on the night of {pit_date}. Since this flag is looking at a single point in time, in most cases we would expect these two numbers to be the same. If {hr_ov_hmis_es} is the correct number of beds, please provide a note to confirm.  If {hr_ov_hmis_es} is not the correct number of beds, please make updates in your HMIS and then replace your Official HUD Review File. (This flag does not count beds associated with Victim Service Providers.)","hr_ov_hmis_es~=ha_ov_hmis_es & max(hr_ov_hmis_es,ha_ov_hmis_es)>15",hr_ov_hmis_es,ha_ov_hmis_es,pit_date,,,,,,,,,,,,,,,,,
1152,Comparisons with the HIC: Bed Counts,Warning,1,0,Inventory and HIC,"Your ##curr_yr## HIC reported {ha_ov_nonhmis_es} non-HMIS-participating overflow beds on the night of {pit_date} (the night of your ##curr_yr## PIT count). Your LSA Inventory File shows {hr_ov_nonhmis_es} non-HMIS-participating overflow beds on the night of {pit_date}. Since this flag is looking at a single point in time, in most cases we would expect these two numbers to be the same. If {hr_ov_nonhmis_es} is the correct number of beds, please provide a note to confirm.  If {hr_ov_nonhmis_es} is not the correct number of beds, please make updates in your HMIS and then replace your Official HUD Review File. As a reminder, all non-HMIS participating projects are still required to have their project data descriptor elements added to HMIS. (This flag does not count beds associated with Victim Service Providers or with projects that have a target population of Survivors of Domestic Violence.)","hr_ov_nonhmis_es~=ha_ov_nonhmis_es & max(hr_ov_nonhmis_es,ha_ov_nonhmis_es)>15",hr_ov_nonhmis_es,ha_ov_nonhmis_es,pit_date,,,,,,,,,,,,,,,,,
1153,Comparisons with the HIC: Bed Counts,Warning,1,0,Inventory and HIC,"Your ##curr_yr## HIC reported {ha_yr_beds_tot_h_ao_sh} HMIS-participating year-round SH beds for AO households on the night of {pit_date} (the night of your ##curr_yr## PIT count). Your LSA Inventory File shows {hr_yr_beds_tot_h_ao_sh} HMIS-participating year-round SH beds for AO households on the night of {pit_date}. Since this flag is looking at a single point in time, in most cases we would expect these two numbers to be the same. If {hr_yr_beds_tot_h_ao_sh} is the correct number of beds, please provide a note to confirm.  If {hr_yr_beds_tot_h_ao_sh} is not the correct number of beds, please make updates in your HMIS and then replace your Official HUD Review File. (This flag does not count beds associated with Victim Service Providers.)",hr_yr_beds_tot_h_ao_sh~=ha_yr_beds_tot_h_ao_sh,hr_yr_beds_tot_h_ao_sh,ha_yr_beds_tot_h_ao_sh,pit_date,,,,,,,,,,,,,,,,,
1154,Comparisons with the HIC: Bed Counts,Warning,1,0,Inventory and HIC,"Your ##curr_yr## HIC reported {ha_yr_beds_tot_n_ao_sh} non-HMIS-participating year-round SH beds for AO households on the night of {pit_date} (the night of your ##curr_yr## PIT count). Your LSA Inventory File shows {hr_yr_beds_tot_n_ao_sh} non-HMIS-participating year-round SH beds for AO households on the night of {pit_date}. Since this flag is looking at a single point in time, in most cases we would expect these two numbers to be the same. If {hr_yr_beds_tot_n_ao_sh} is the correct number of beds, please provide a note to confirm.  If {hr_yr_beds_tot_n_ao_sh} is not the correct number of beds, please make updates in your HMIS and then replace your Official HUD Review File. As a reminder, all non-HMIS participating projects are still required to have their project data descriptor elements added to HMIS. (This flag does not count beds associated with Victim Service Providers or with projects that have a target population of Survivors of Domestic Violence.)",hr_yr_beds_tot_n_ao_sh~=ha_yr_beds_tot_n_ao_sh,hr_yr_beds_tot_n_ao_sh,ha_yr_beds_tot_n_ao_sh,pit_date,,,,,,,,,,,,,,,,,
1155,Comparisons with the HIC: Bed Counts,Warning,1,0,Inventory and HIC,"Your ##curr_yr## HIC reported {ha_yr_beds_vettot_t_ao_sh} year-round dedicated veteran beds for AO households in SH on the night of {pit_date} (the night of your ##curr_yr## PIT count). Your LSA Inventory File shows {hr_yr_beds_vettot_t_ao_sh} year-round dedicated veteran beds for AO households in SH on the night of {pit_date}. Since this flag is looking at a single point in time, in most cases we would expect these two numbers to be the same. If {hr_yr_beds_vettot_t_ao_sh} is the correct number of beds, please provide a note to confirm.  If {hr_yr_beds_vettot_t_ao_sh} is not the correct number of beds, please make updates in your HMIS and then replace your Official HUD Review File. (This flag counts both HMIS Participating and Non-HMIS Participating beds. This flag does not count beds associated with Victim Service Providers or with Non-HMIS Participating projects that have a target population of Survivors of Domestic Violence.)",hr_yr_beds_vettot_t_ao_sh~=ha_yr_beds_vettot_t_ao_sh,hr_yr_beds_vettot_t_ao_sh,ha_yr_beds_vettot_t_ao_sh,pit_date,,,,,,,,,,,,,,,,,
1156,Comparisons with the HIC: Bed Counts,Warning,1,0,Inventory and HIC,"Your ##curr_yr## HIC reported {ha_yr_beds_ythtot_t_ao_sh} year-round dedicated youth (18-24) beds for AO households in SH on the night of {pit_date} (the night of your ##curr_yr## PIT count). Your LSA Inventory File shows {hr_yr_beds_ythtot_t_ao_sh} year-round dedicated youth (18-24) beds for AO households in SH on the night of {pit_date}. Since this flag is looking at a single point in time, in most cases we would expect these two numbers to be the same. If {hr_yr_beds_ythtot_t_ao_sh} is the correct number of beds, please provide a note to confirm.  If {hr_yr_beds_ythtot_t_ao_sh} is not the correct number of beds, please make updates in your HMIS and then replace your Official HUD Review File. (This flag counts both HMIS Participating and Non-HMIS Participating beds. This flag does not count beds associated with Victim Service Providers or with Non-HMIS Participating projects that have a target population of Survivors of Domestic Violence.)",hr_yr_beds_ythtot_t_ao_sh~=ha_yr_beds_ythtot_t_ao_sh,hr_yr_beds_ythtot_t_ao_sh,ha_yr_beds_ythtot_t_ao_sh,pit_date,,,,,,,,,,,,,,,,,
1157,Comparisons with the HIC: Bed Counts,Warning,1,0,Inventory and HIC,"Your ##curr_yr## HIC reported {ha_yr_beds_tot_h_co_sh} HMIS-participating year-round SH beds for CO households on the night of {pit_date} (the night of your ##curr_yr## PIT count). Your LSA Inventory File shows {hr_yr_beds_tot_h_co_sh} HMIS-participating year-round SH beds for CO households on the night of {pit_date}. Since this flag is looking at a single point in time, in most cases we would expect these two numbers to be the same. If {hr_yr_beds_tot_h_co_sh} is the correct number of beds, please provide a note to confirm.  If {hr_yr_beds_tot_h_co_sh} is not the correct number of beds, please make updates in your HMIS and then replace your Official HUD Review File. (This flag does not count beds associated with Victim Service Providers.)",hr_yr_beds_tot_h_co_sh~=ha_yr_beds_tot_h_co_sh,hr_yr_beds_tot_h_co_sh,ha_yr_beds_tot_h_co_sh,pit_date,,,,,,,,,,,,,,,,,
1158,Comparisons with the HIC: Bed Counts,Warning,1,0,Inventory and HIC,"Your ##curr_yr## HIC reported {ha_yr_beds_tot_n_co_sh} non-HMIS-participating year-round SH beds for CO households on the night of {pit_date} (the night of your ##curr_yr## PIT count). Your LSA Inventory File shows {hr_yr_beds_tot_n_co_sh} non-HMIS-participating year-round SH beds for CO households on the night of {pit_date}. Since this flag is looking at a single point in time, in most cases we would expect these two numbers to be the same. If {hr_yr_beds_tot_n_co_sh} is the correct number of beds, please provide a note to confirm.  If {hr_yr_beds_tot_n_co_sh} is not the correct number of beds, please make updates in your HMIS and then replace your Official HUD Review File. As a reminder, all non-HMIS participating projects are still required to have their project data descriptor elements added to HMIS. (This flag does not count beds associated with Victim Service Providers or with projects that have a target population of Survivors of Domestic Violence.)",hr_yr_beds_tot_n_co_sh~=ha_yr_beds_tot_n_co_sh,hr_yr_beds_tot_n_co_sh,ha_yr_beds_tot_n_co_sh,pit_date,,,,,,,,,,,,,,,,,
1159,Comparisons with the HIC: Bed Counts,Warning,1,0,Inventory and HIC,"Your ##curr_yr## HIC reported {ha_yr_beds_tot_h_ao_th} HMIS-participating year-round TH beds for AO households on the night of {pit_date} (the night of your ##curr_yr## PIT count). Your LSA Inventory File shows {hr_yr_beds_tot_h_ao_th} HMIS-participating year-round TH beds for AO households on the night of {pit_date}. Since this flag is looking at a single point in time, in most cases we would expect these two numbers to be the same. If {hr_yr_beds_tot_h_ao_th} is the correct number of beds, please provide a note to confirm.  If {hr_yr_beds_tot_h_ao_th} is not the correct number of beds, please make updates in your HMIS and then replace your Official HUD Review File. (This flag does not count beds associated with Victim Service Providers.)",hr_yr_beds_tot_h_ao_th~=ha_yr_beds_tot_h_ao_th,hr_yr_beds_tot_h_ao_th,ha_yr_beds_tot_h_ao_th,pit_date,,,,,,,,,,,,,,,,,
1160,Comparisons with the HIC: Bed Counts,Warning,1,0,Inventory and HIC,"Your ##curr_yr## HIC reported {ha_yr_beds_tot_n_ao_th} non-HMIS-participating year-round TH beds for AO households on the night of {pit_date} (the night of your ##curr_yr## PIT count). Your LSA Inventory File shows {hr_yr_beds_tot_n_ao_th} non-HMIS-participating year-round TH beds for AO households on the night of {pit_date}. Since this flag is looking at a single point in time, in most cases we would expect these two numbers to be the same. If {hr_yr_beds_tot_n_ao_th} is the correct number of beds, please provide a note to confirm.  If {hr_yr_beds_tot_n_ao_th} is not the correct number of beds, please make updates in your HMIS and then replace your Official HUD Review File. As a reminder, all non-HMIS participating projects are still required to have their project data descriptor elements added to HMIS. (This flag does not count beds associated with Victim Service Providers or with projects that have a target population of Survivors of Domestic Violence.)",hr_yr_beds_tot_n_ao_th~=ha_yr_beds_tot_n_ao_th,hr_yr_beds_tot_n_ao_th,ha_yr_beds_tot_n_ao_th,pit_date,,,,,,,,,,,,,,,,,
1161,Comparisons with the HIC: Bed Counts,Warning,1,0,Inventory and HIC,"Your ##curr_yr## HIC reported {ha_yr_beds_vettot_t_ao_th} year-round dedicated veteran beds for AO households in TH on the night of {pit_date} (the night of your ##curr_yr## PIT count). Your LSA Inventory File shows {hr_yr_beds_vettot_t_ao_th} year-round dedicated veteran beds for AO households in TH on the night of {pit_date}. Since this flag is looking at a single point in time, in most cases we would expect these two numbers to be the same. If {hr_yr_beds_vettot_t_ao_th} is the correct number of beds, please provide a note to confirm.  If {hr_yr_beds_vettot_t_ao_th} is not the correct number of beds, please make updates in your HMIS and then replace your Official HUD Review File. (This flag counts both HMIS Participating and Non-HMIS Participating beds. This flag does not count beds associated with Victim Service Providers or with Non-HMIS Participating projects that have a target population of Survivors of Domestic Violence.)",hr_yr_beds_vettot_t_ao_th~=ha_yr_beds_vettot_t_ao_th,hr_yr_beds_vettot_t_ao_th,ha_yr_beds_vettot_t_ao_th,pit_date,,,,,,,,,,,,,,,,,
1162,Comparisons with the HIC: Bed Counts,Warning,1,0,Inventory and HIC,"Your ##curr_yr## HIC reported {ha_yr_beds_ythtot_t_ao_th} year-round dedicated youth (18-24) beds for AO households in TH on the night of {pit_date} (the night of your ##curr_yr## PIT count). Your LSA Inventory File shows {hr_yr_beds_ythtot_t_ao_th} year-round dedicated youth (18-24) beds for AO households in TH on the night of {pit_date}. Since this flag is looking at a single point in time, in most cases we would expect these two numbers to be the same. If {hr_yr_beds_ythtot_t_ao_th} is the correct number of beds, please provide a note to confirm.  If {hr_yr_beds_ythtot_t_ao_th} is not the correct number of beds, please make updates in your HMIS and then replace your Official HUD Review File. (This flag counts both HMIS Participating and Non-HMIS Participating beds. This flag does not count beds associated with Victim Service Providers or with Non-HMIS Participating projects that have a target population of Survivors of Domestic Violence.)",hr_yr_beds_ythtot_t_ao_th~=ha_yr_beds_ythtot_t_ao_th,hr_yr_beds_ythtot_t_ao_th,ha_yr_beds_ythtot_t_ao_th,pit_date,,,,,,,,,,,,,,,,,
1163,Comparisons with the HIC: Bed Counts,Warning,1,0,Inventory and HIC,"Your ##curr_yr## HIC reported {ha_yr_beds_tot_h_ac_th} HMIS-participating year-round TH beds for AC households on the night of {pit_date} (the night of your ##curr_yr## PIT count). Your LSA Inventory File shows {hr_yr_beds_tot_h_ac_th} HMIS-participating year-round TH beds for AC households on the night of {pit_date}. Since this flag is looking at a single point in time, in most cases we would expect these two numbers to be the same. If {hr_yr_beds_tot_h_ac_th} is the correct number of beds, please provide a note to confirm.  If {hr_yr_beds_tot_h_ac_th} is not the correct number of beds, please make updates in your HMIS and then replace your Official HUD Review File. (This flag does not count beds associated with Victim Service Providers.)",hr_yr_beds_tot_h_ac_th~=ha_yr_beds_tot_h_ac_th,hr_yr_beds_tot_h_ac_th,ha_yr_beds_tot_h_ac_th,pit_date,,,,,,,,,,,,,,,,,
1164,Comparisons with the HIC: Bed Counts,Warning,1,0,Inventory and HIC,"Your ##curr_yr## HIC reported {ha_yr_beds_tot_n_ac_th} non-HMIS-participating year-round TH beds for AC households on the night of {pit_date} (the night of your ##curr_yr## PIT count). Your LSA Inventory File shows {hr_yr_beds_tot_n_ac_th} non-HMIS-participating year-round TH beds for AC households on the night of {pit_date}. Since this flag is looking at a single point in time, in most cases we would expect these two numbers to be the same. If {hr_yr_beds_tot_n_ac_th} is the correct number of beds, please provide a note to confirm.  If {hr_yr_beds_tot_n_ac_th} is not the correct number of beds, please make updates in your HMIS and then replace your Official HUD Review File. As a reminder, all non-HMIS participating projects are still required to have their project data descriptor elements added to HMIS. (This flag does not count beds associated with Victim Service Providers or with projects that have a target population of Survivors of Domestic Violence.)",hr_yr_beds_tot_n_ac_th~=ha_yr_beds_tot_n_ac_th,hr_yr_beds_tot_n_ac_th,ha_yr_beds_tot_n_ac_th,pit_date,,,,,,,,,,,,,,,,,
1165,Comparisons with the HIC: Bed Counts,Warning,1,0,Inventory and HIC,"Your ##curr_yr## HIC reported {ha_yr_beds_vettot_t_ac_th} year-round dedicated veteran beds for AC households in TH on the night of {pit_date} (the night of your ##curr_yr## PIT count). Your LSA Inventory File shows {hr_yr_beds_vettot_t_ac_th} year-round dedicated veteran beds for AC households in TH on the night of {pit_date}. Since this flag is looking at a single point in time, in most cases we would expect these two numbers to be the same. If {hr_yr_beds_vettot_t_ac_th} is the correct number of beds, please provide a note to confirm.  If {hr_yr_beds_vettot_t_ac_th} is not the correct number of beds, please make updates in your HMIS and then replace your Official HUD Review File. (This flag counts both HMIS Participating and Non-HMIS Participating beds. This flag does not count beds associated with Victim Service Providers or with Non-HMIS Participating projects that have a target population of Survivors of Domestic Violence.)",hr_yr_beds_vettot_t_ac_th~=ha_yr_beds_vettot_t_ac_th,hr_yr_beds_vettot_t_ac_th,ha_yr_beds_vettot_t_ac_th,pit_date,,,,,,,,,,,,,,,,,
1166,Comparisons with the HIC: Bed Counts,Warning,1,0,Inventory and HIC,"Your ##curr_yr## HIC reported {ha_yr_beds_ythtot_t_ac_th} year-round dedicated youth (18-24) beds for AC households in TH on the night of {pit_date} (the night of your ##curr_yr## PIT count). Your LSA Inventory File shows {hr_yr_beds_ythtot_t_ac_th} year-round dedicated youth (18-24) beds for AC households in TH on the night of {pit_date}. Since this flag is looking at a single point in time, in most cases we would expect these two numbers to be the same. If {hr_yr_beds_ythtot_t_ac_th} is the correct number of beds, please provide a note to confirm.  If {hr_yr_beds_ythtot_t_ac_th} is not the correct number of beds, please make updates in your HMIS and then replace your Official HUD Review File. (This flag counts both HMIS Participating and Non-HMIS Participating beds. This flag does not count beds associated with Victim Service Providers or with Non-HMIS Participating projects that have a target population of Survivors of Domestic Violence.)",hr_yr_beds_ythtot_t_ac_th~=ha_yr_beds_ythtot_t_ac_th,hr_yr_beds_ythtot_t_ac_th,ha_yr_beds_ythtot_t_ac_th,pit_date,,,,,,,,,,,,,,,,,
1167,Comparisons with the HIC: Bed Counts,Warning,1,0,Inventory and HIC,"Your ##curr_yr## HIC reported {ha_yr_beds_tot_h_co_th} HMIS-participating year-round TH beds for CO households on the night of {pit_date} (the night of your ##curr_yr## PIT count). Your LSA Inventory File shows {hr_yr_beds_tot_h_co_th} HMIS-participating year-round TH beds for CO households on the night of {pit_date}. Since this flag is looking at a single point in time, in most cases we would expect these two numbers to be the same. If {hr_yr_beds_tot_h_co_th} is the correct number of beds, please provide a note to confirm.  If {hr_yr_beds_tot_h_co_th} is not the correct number of beds, please make updates in your HMIS and then replace your Official HUD Review File. (This flag does not count beds associated with Victim Service Providers.)",hr_yr_beds_tot_h_co_th~=ha_yr_beds_tot_h_co_th,hr_yr_beds_tot_h_co_th,ha_yr_beds_tot_h_co_th,pit_date,,,,,,,,,,,,,,,,,
1168,Comparisons with the HIC: Bed Counts,Warning,1,0,Inventory and HIC,"Your ##curr_yr## HIC reported {ha_yr_beds_tot_n_co_th} non-HMIS-participating year-round TH beds for CO households on the night of {pit_date} (the night of your ##curr_yr## PIT count). Your LSA Inventory File shows {hr_yr_beds_tot_n_co_th} non-HMIS-participating year-round TH beds for CO households on the night of {pit_date}. Since this flag is looking at a single point in time, in most cases we would expect these two numbers to be the same. If {hr_yr_beds_tot_n_co_th} is the correct number of beds, please provide a note to confirm.  If {hr_yr_beds_tot_n_co_th} is not the correct number of beds, please make updates in your HMIS and then replace your Official HUD Review File. As a reminder, all non-HMIS participating projects are still required to have their project data descriptor elements added to HMIS. (This flag does not count beds associated with Victim Service Providers or with projects that have a target population of Survivors of Domestic Violence.)",hr_yr_beds_tot_n_co_th~=ha_yr_beds_tot_n_co_th,hr_yr_beds_tot_n_co_th,ha_yr_beds_tot_n_co_th,pit_date,,,,,,,,,,,,,,,,,
1169,Comparisons with the HIC: Bed Counts,Warning,1,0,Inventory and HIC,"Your ##curr_yr## HIC reported {ha_yr_beds_tot_h_ao_rrh} HMIS-participating RRH beds for AO households on the night of {pit_date} (the night of your ##curr_yr## PIT count). But your LSA Inventory File shows no beds for AO households available for HMIS-participating RRH projects on the night of {pit_date}. The guidance for reporting beds, specifically for RRH, is different between the HMIS Data Standards and the HIC. But if there were any RRH beds reported on the HIC for HMIS-participating projects, there should be at least as many HMIS-participating RRH beds reported in your HMIS inventory data. (This flag does not count beds associated with Victim Service Providers.)",hr_yr_beds_tot_h_ao_rrh=0 & ha_yr_beds_tot_h_ao_rrh>0,hr_yr_beds_tot_h_ao_rrh,ha_yr_beds_tot_h_ao_rrh,pit_date,,,,,,,,,,,,,,,,,
1171,Comparisons with the HIC: Bed Counts,Warning,1,0,Inventory and HIC,"The number of non-HMIS participating beds for AO households reported available for RRH projects on the night of your ##curr_yr## PIT count (which is taken from your LSA Inventory file) is different from what was reported on your ##curr_yr## HIC. Because the guidance for reporting RRH beds is different between the HMIS Data Standards and the HIC, it is normal for these two numbers to be different. If the number of non-HMIS participating RRH beds reported on the HIC is higher than what is in HMIS, you will need to make updates in HMIS so that inventory numbers at least match for this single point in time. As a reminder, all non-HMIS participating projects are required to have their project data descriptor elements in HMIS. (This flag does not count beds associated with Victim Service Providers or with projects that have a target population of Survivors of Domestic Violence.)",hr_yr_beds_tot_n_ao_rrh~=ha_yr_beds_tot_n_ao_rrh,hr_yr_beds_tot_n_ao_rrh,ha_yr_beds_tot_n_ao_rrh,pit_date,,,,,,,,,,,,,,,,,
1172,Comparisons with the HIC: Bed Counts,Warning,1,0,Inventory and HIC,"Your ##curr_yr## HIC reported {ha_yr_beds_vettot_t_ao_rrh} dedicated veteran RRH beds for AO households on the night of {pit_date} (the night of your ##curr_yr## PIT count). But your LSA Inventory File shows no dedicated veteran beds for AO households available on the night of {pit_date}. The guidance for reporting beds, specifically for RRH, is different between the HMIS Data Standards and the HIC. But if there were any RRH beds reported on the HIC for HMIS-participating projects, there should be at least as many HMIS-participating RRH beds reported in your HMIS inventory data. (This flag counts both HMIS Participating and Non-HMIS Participating beds. This flag does not count beds associated with Victim Service Providers or with Non-HMIS Participating projects that have a target population of Survivors of Domestic Violence.)",hr_yr_beds_vettot_t_ao_rrh=0 & ha_yr_beds_vettot_t_ao_rrh>0,hr_yr_beds_vettot_t_ao_rrh,ha_yr_beds_vettot_t_ao_rrh,pit_date,,,,,,,,,,,,,,,,,
1174,Comparisons with the HIC: Bed Counts,Warning,1,0,Inventory and HIC,"Your ##curr_yr## HIC reported {ha_yr_beds_ythtot_t_ao_rrh} dedicated youth (18-24) RRH beds for AO households on the night of {pit_date} (the night of your ##curr_yr## PIT count). But your LSA Inventory File shows no dedicated youth (18-24) beds for AO households available on the night of {pit_date}. The guidance for reporting beds, specifically for RRH, is different between the HMIS Data Standards and the HIC. But if there were any RRH beds reported on the HIC for HMIS-participating projects, there should be at least as many HMIS-participating RRH beds reported in your HMIS inventory data. (This flag counts both HMIS Participating and Non-HMIS Participating beds. This flag does not count beds associated with Victim Service Providers or with Non-HMIS Participating projects that have a target population of Survivors of Domestic Violence.)",hr_yr_beds_ythtot_t_ao_rrh=0 & ha_yr_beds_ythtot_t_ao_rrh>0,hr_yr_beds_ythtot_t_ao_rrh,ha_yr_beds_ythtot_t_ao_rrh,pit_date,,,,,,,,,,,,,,,,,
1176,Comparisons with the HIC: Bed Counts,Warning,1,0,Inventory and HIC,"Your ##curr_yr## HIC reported {ha_yr_beds_tot_h_ac_rrh} HMIS-participating RRH beds for AC households on the night of {pit_date} (the night of your ##curr_yr## PIT count). But your LSA Inventory File shows no beds for AC households available for HMIS-participating RRH projects on the night of {pit_date}. The guidance for reporting beds, specifically for RRH, is different between the HMIS Data Standards and the HIC. But if there were any RRH beds reported on the HIC for HMIS-participating projects, there should be at least as many HMIS-participating RRH beds reported in your HMIS inventory data. (This flag does not count beds associated with Victim Service Providers.)",hr_yr_beds_tot_h_ac_rrh=0 & ha_yr_beds_tot_h_ac_rrh>0,hr_yr_beds_tot_h_ac_rrh,ha_yr_beds_tot_h_ac_rrh,pit_date,,,,,,,,,,,,,,,,,
1178,Comparisons with the HIC: Bed Counts,Warning,1,0,Inventory and HIC,"The number of non-HMIS participating beds for AC households reported available for RRH projects on the night of your ##curr_yr## PIT count (which is taken from your LSA Inventory file) is different from what was reported on your ##curr_yr## HIC. Because the guidance for reporting RRH beds is different between the HMIS Data Standards and the HIC, it is normal for these two numbers to be different. If the number of non-HMIS participating RRH beds reported on the HIC is higher than what is in HMIS, you will need to make updates in HMIS so that inventory numbers at least match for this single point in time. As a reminder, all non-HMIS participating projects are required to have their project data descriptor elements in HMIS. (This flag does not count beds associated with Victim Service Providers or with projects that have a target population of Survivors of Domestic Violence.)",hr_yr_beds_tot_n_ac_rrh~=ha_yr_beds_tot_n_ac_rrh,hr_yr_beds_tot_n_ac_rrh,ha_yr_beds_tot_n_ac_rrh,pit_date,,,,,,,,,,,,,,,,,
1179,Comparisons with the HIC: Bed Counts,Warning,1,0,Inventory and HIC,"Your ##curr_yr## HIC reported {ha_yr_beds_vettot_t_ac_rrh} dedicated veteran RRH beds for AC households on the night of {pit_date} (the night of your ##curr_yr## PIT count). But your LSA Inventory File shows no dedicated veteran beds for AC households available on the night of {pit_date}. The guidance for reporting beds, specifically for RRH, is different between the HMIS Data Standards and the HIC. But if there were any RRH beds reported on the HIC for HMIS-participating projects, there should be at least as many HMIS-participating RRH beds reported in your HMIS inventory data. (This flag counts both HMIS Participating and Non-HMIS Participating beds. This flag does not count beds associated with Victim Service Providers or with Non-HMIS Participating projects that have a target population of Survivors of Domestic Violence.)",hr_yr_beds_vettot_t_ac_rrh=0 & ha_yr_beds_vettot_t_ac_rrh>0,hr_yr_beds_vettot_t_ac_rrh,ha_yr_beds_vettot_t_ac_rrh,pit_date,,,,,,,,,,,,,,,,,
1181,Comparisons with the HIC: Bed Counts,Warning,1,0,Inventory and HIC,"Your ##curr_yr## HIC reported {ha_yr_beds_ythtot_t_ac_rrh} dedicated youth (18-24) RRH beds for AC households on the night of {pit_date} (the night of your ##curr_yr## PIT count). But your LSA Inventory File shows no dedicated youth (18-24) beds for AC households available on the night of {pit_date}. The guidance for reporting beds, specifically for RRH, is different between the HMIS Data Standards and the HIC. But if there were any RRH beds reported on the HIC for HMIS-participating projects, there should be at least as many HMIS-participating RRH beds reported in your HMIS inventory data. (This flag counts both HMIS Participating and Non-HMIS Participating beds. This flag does not count beds associated with Victim Service Providers or with Non-HMIS Participating projects that have a target population of Survivors of Domestic Violence.)",hr_yr_beds_ythtot_t_ac_rrh=0 & ha_yr_beds_ythtot_t_ac_rrh>0,hr_yr_beds_ythtot_t_ac_rrh,ha_yr_beds_ythtot_t_ac_rrh,pit_date,,,,,,,,,,,,,,,,,
1183,Comparisons with the HIC: Bed Counts,Warning,1,0,Inventory and HIC,"Your ##curr_yr## HIC reported {ha_yr_beds_tot_h_co_rrh} HMIS-participating RRH beds for CO households on the night of {pit_date} (the night of your ##curr_yr## PIT count). But your LSA Inventory File shows no beds for CO households available for HMIS-participating RRH projects on the night of {pit_date}. The guidance for reporting beds, specifically for RRH, is different between the HMIS Data Standards and the HIC. But if there were any RRH beds reported on the HIC for HMIS-participating projects, there should be at least as many HMIS-participating RRH beds reported in your HMIS inventory data. (This flag does not count beds associated with Victim Service Providers.)",hr_yr_beds_tot_h_co_rrh=0 & ha_yr_beds_tot_h_co_rrh>0,hr_yr_beds_tot_h_co_rrh,ha_yr_beds_tot_h_co_rrh,pit_date,,,,,,,,,,,,,,,,,
1185,Comparisons with the HIC: Bed Counts,Warning,1,0,Inventory and HIC,"The number of non-HMIS participating beds for CO households reported available for RRH projects on the night of your ##curr_yr## PIT count (which is taken from your LSA Inventory file) is different from what was reported on your ##curr_yr## HIC. Because the guidance for reporting RRH beds is different between the HMIS Data Standards and the HIC, it is normal for these two numbers to be different. If the number of non-HMIS participating RRH beds reported on the HIC is higher than what is in HMIS, you will need to make updates in HMIS so that inventory numbers at least match for this single point in time. As a reminder, all non-HMIS participating projects are required to have their project data descriptor elements in HMIS. (This flag does not count beds associated with Victim Service Providers or with projects that have a target population of Survivors of Domestic Violence.)",hr_yr_beds_tot_n_co_rrh~=ha_yr_beds_tot_n_co_rrh,hr_yr_beds_tot_n_co_rrh,ha_yr_beds_tot_n_co_rrh,pit_date,,,,,,,,,,,,,,,,,
1186,Comparisons with the HIC: Bed Counts,Warning,1,0,Inventory and HIC,"Your ##curr_yr## HIC reported {ha_yr_beds_tot_h_ao_psh} HMIS-participating year-round PSH beds for AO households on the night of {pit_date} (the night of your ##curr_yr## PIT count). Your LSA Inventory File shows {hr_yr_beds_tot_h_ao_psh} HMIS-participating year-round PSH beds for AO households on the night of {pit_date}. Since this flag is looking at a single point in time, in most cases we would expect these two numbers to be the same. If {hr_yr_beds_tot_h_ao_psh} is the correct number of beds, please provide a note to confirm.  If {hr_yr_beds_tot_h_ao_psh} is not the correct number of beds, please make updates in your HMIS and then replace your Official HUD Review File. (This flag does not count beds associated with Victim Service Providers.)",hr_yr_beds_tot_h_ao_psh~=ha_yr_beds_tot_h_ao_psh,hr_yr_beds_tot_h_ao_psh,ha_yr_beds_tot_h_ao_psh,pit_date,,,,,,,,,,,,,,,,,
1187,Comparisons with the HIC: Bed Counts,Warning,1,0,Inventory and HIC,"Your ##curr_yr## HIC reported {ha_yr_beds_tot_n_ao_psh} non-HMIS-participating year-round PSH beds for AO households on the night of {pit_date} (the night of your ##curr_yr## PIT count). Your LSA Inventory File shows {hr_yr_beds_tot_n_ao_psh} non-HMIS-participating year-round PSH beds for AO households on the night of {pit_date}. Since this flag is looking at a single point in time, in most cases we would expect these two numbers to be the same. If {hr_yr_beds_tot_n_ao_psh} is the correct number of beds, please provide a note to confirm.  If {hr_yr_beds_tot_n_ao_psh} is not the correct number of beds, please make updates in your HMIS and then replace your Official HUD Review File. As a reminder, all non-HMIS participating projects are still required to have their project data descriptor elements added to HMIS. (This flag does not count beds associated with Victim Service Providers or with projects that have a target population of Survivors of Domestic Violence.)",hr_yr_beds_tot_n_ao_psh~=ha_yr_beds_tot_n_ao_psh,hr_yr_beds_tot_n_ao_psh,ha_yr_beds_tot_n_ao_psh,pit_date,,,,,,,,,,,,,,,,,
1188,Comparisons with the HIC: Bed Counts,Warning,1,0,Inventory and HIC,"Your ##curr_yr## HIC reported {ha_yr_beds_vettot_t_ao_psh} year-round dedicated veteran beds for AO households in PSH on the night of {pit_date} (the night of your ##curr_yr## PIT count). Your LSA Inventory File shows {hr_yr_beds_vettot_t_ao_psh} year-round dedicated veteran beds for AO households in PSH on the night of {pit_date}. Since this flag is looking at a single point in time, in most cases we would expect these two numbers to be the same. If {hr_yr_beds_vettot_t_ao_psh} is the correct number of beds, please provide a note to confirm.  If {hr_yr_beds_vettot_t_ao_psh} is not the correct number of beds, please make updates in your HMIS and then replace your Official HUD Review File. (This flag counts both HMIS Participating and Non-HMIS Participating beds. This flag does not count beds associated with Victim Service Providers or with Non-HMIS Participating projects that have a target population of Survivors of Domestic Violence.)",hr_yr_beds_vettot_t_ao_psh~=ha_yr_beds_vettot_t_ao_psh,hr_yr_beds_vettot_t_ao_psh,ha_yr_beds_vettot_t_ao_psh,pit_date,,,,,,,,,,,,,,,,,
1189,Comparisons with the HIC: Bed Counts,Warning,1,0,Inventory and HIC,"Your ##curr_yr## HIC reported {ha_yr_beds_ythtot_t_ao_psh} year-round dedicated youth (18-24) beds for AO households in PSH on the night of {pit_date} (the night of your ##curr_yr## PIT count). Your LSA Inventory File shows {hr_yr_beds_ythtot_t_ao_psh} year-round dedicated youth (18-24) beds for AO households in PSH on the night of {pit_date}. Since this flag is looking at a single point in time, in most cases we would expect these two numbers to be the same. If {hr_yr_beds_ythtot_t_ao_psh} is the correct number of beds, please provide a note to confirm.  If {hr_yr_beds_ythtot_t_ao_psh} is not the correct number of beds, please make updates in your HMIS and then replace your Official HUD Review File. (This flag counts both HMIS Participating and Non-HMIS Participating beds. This flag does not count beds associated with Victim Service Providers or with Non-HMIS Participating projects that have a target population of Survivors of Domestic Violence.)",hr_yr_beds_ythtot_t_ao_psh~=ha_yr_beds_ythtot_t_ao_psh,hr_yr_beds_ythtot_t_ao_psh,ha_yr_beds_ythtot_t_ao_psh,pit_date,,,,,,,,,,,,,,,,,
1190,Comparisons with the HIC: Bed Counts,Warning,1,0,Inventory and HIC,"Your ##curr_yr## HIC reported {ha_yr_beds_chtot_t_ao_psh} year-round chronically homeless beds for AO households in PSH on the night of {pit_date} (the night of your ##curr_yr## PIT count). Your LSA Inventory File shows {hr_yr_beds_chtot_t_ao_psh} year-round chronically homeless beds for AO households in PSH on the night of {pit_date}. Since this flag is looking at a single point in time, in most cases we would expect these two numbers to be the same. If {hr_yr_beds_chtot_t_ao_psh} is the correct number of beds, please provide a note to confirm.  If {hr_yr_beds_chtot_t_ao_psh} is not the correct number of beds, please make updates in your HMIS and then replace your Official HUD Review File. (This flag counts both HMIS Participating and Non-HMIS Participating beds. This flag does not count beds associated with Victim Service Providers or with Non-HMIS Participating projects that have a target population of Survivors of Domestic Violence.)",hr_yr_beds_chtot_t_ao_psh~=ha_yr_beds_chtot_t_ao_psh,hr_yr_beds_chtot_t_ao_psh,ha_yr_beds_chtot_t_ao_psh,pit_date,,,,,,,,,,,,,,,,,
1191,Comparisons with the HIC: Bed Counts,Warning,1,0,Inventory and HIC,"Your ##curr_yr## HIC reported {ha_yr_beds_tot_h_ac_psh} HMIS-participating year-round PSH beds for AC households on the night of {pit_date} (the night of your ##curr_yr## PIT count). Your LSA Inventory File shows {hr_yr_beds_tot_h_ac_psh} HMIS-participating year-round PSH beds for AC households on the night of {pit_date}. Since this flag is looking at a single point in time, in most cases we would expect these two numbers to be the same. If {hr_yr_beds_tot_h_ac_psh} is the correct number of beds, please provide a note to confirm.  If {hr_yr_beds_tot_h_ac_psh} is not the correct number of beds, please make updates in your HMIS and then replace your Official HUD Review File. (This flag does not count beds associated with Victim Service Providers.)",hr_yr_beds_tot_h_ac_psh~=ha_yr_beds_tot_h_ac_psh,hr_yr_beds_tot_h_ac_psh,ha_yr_beds_tot_h_ac_psh,pit_date,,,,,,,,,,,,,,,,,
1192,Comparisons with the HIC: Bed Counts,Warning,1,0,Inventory and HIC,"Your ##curr_yr## HIC reported {ha_yr_beds_tot_n_ac_psh} non-HMIS-participating year-round PSH beds for AC households on the night of {pit_date} (the night of your ##curr_yr## PIT count). Your LSA Inventory File shows {hr_yr_beds_tot_n_ac_psh} non-HMIS-participating year-round PSH beds for AC households on the night of {pit_date}. Since this flag is looking at a single point in time, in most cases we would expect these two numbers to be the same. If {hr_yr_beds_tot_n_ac_psh} is the correct number of beds, please provide a note to confirm.  If {hr_yr_beds_tot_n_ac_psh} is not the correct number of beds, please make updates in your HMIS and then replace your Official HUD Review File. As a reminder, all non-HMIS participating projects are still required to have their project data descriptor elements added to HMIS. (This flag does not count beds associated with Victim Service Providers or with projects that have a target population of Survivors of Domestic Violence.)",hr_yr_beds_tot_n_ac_psh~=ha_yr_beds_tot_n_ac_psh,hr_yr_beds_tot_n_ac_psh,ha_yr_beds_tot_n_ac_psh,pit_date,,,,,,,,,,,,,,,,,
1193,Comparisons with the HIC: Bed Counts,Warning,1,0,Inventory and HIC,"Your ##curr_yr## HIC reported {ha_yr_beds_vettot_t_ac_psh} year-round dedicated veteran beds for AC households in PSH on the night of {pit_date} (the night of your ##curr_yr## PIT count). Your LSA Inventory File shows {hr_yr_beds_vettot_t_ac_psh} year-round dedicated veteran beds for AC households in PSH on the night of {pit_date}. Since this flag is looking at a single point in time, in most cases we would expect these two numbers to be the same. If {hr_yr_beds_vettot_t_ac_psh} is the correct number of beds, please provide a note to confirm.  If {hr_yr_beds_vettot_t_ac_psh} is not the correct number of beds, please make updates in your HMIS and then replace your Official HUD Review File. (This flag counts both HMIS Participating and Non-HMIS Participating beds. This flag does not count beds associated with Victim Service Providers or with Non-HMIS Participating projects that have a target population of Survivors of Domestic Violence.)",hr_yr_beds_vettot_t_ac_psh~=ha_yr_beds_vettot_t_ac_psh,hr_yr_beds_vettot_t_ac_psh,ha_yr_beds_vettot_t_ac_psh,pit_date,,,,,,,,,,,,,,,,,
1194,Comparisons with the HIC: Bed Counts,Warning,1,0,Inventory and HIC,"Your ##curr_yr## HIC reported {ha_yr_beds_ythtot_t_ac_psh} year-round dedicated youth (18-24) beds for AC households in PSH on the night of {pit_date} (the night of your ##curr_yr## PIT count). Your LSA Inventory File shows {hr_yr_beds_ythtot_t_ac_psh} year-round dedicated youth (18-24) beds for AC households in PSH on the night of {pit_date}. Since this flag is looking at a single point in time, in most cases we would expect these two numbers to be the same. If {hr_yr_beds_ythtot_t_ac_psh} is the correct number of beds, please provide a note to confirm.  If {hr_yr_beds_ythtot_t_ac_psh} is not the correct number of beds, please make updates in your HMIS and then replace your Official HUD Review File. (This flag counts both HMIS Participating and Non-HMIS Participating beds. This flag does not count beds associated with Victim Service Providers or with Non-HMIS Participating projects that have a target population of Survivors of Domestic Violence.)",hr_yr_beds_ythtot_t_ac_psh~=ha_yr_beds_ythtot_t_ac_psh,hr_yr_beds_ythtot_t_ac_psh,ha_yr_beds_ythtot_t_ac_psh,pit_date,,,,,,,,,,,,,,,,,
1195,Comparisons with the HIC: Bed Counts,Warning,1,0,Inventory and HIC,"Your ##curr_yr## HIC reported {ha_yr_beds_chtot_t_ac_psh} year-round chronically homeless beds for AC households in PSH on the night of {pit_date} (the night of your ##curr_yr## PIT count). Your LSA Inventory File shows {hr_yr_beds_chtot_t_ac_psh} year-round chronically homeless beds for AC households in PSH on the night of {pit_date}. Since this flag is looking at a single point in time, in most cases we would expect these two numbers to be the same. If {hr_yr_beds_chtot_t_ac_psh} is the correct number of beds, please provide a note to confirm.  If {hr_yr_beds_chtot_t_ac_psh} is not the correct number of beds, please make updates in your HMIS and then replace your Official HUD Review File. (This flag counts both HMIS Participating and Non-HMIS Participating beds. This flag does not count beds associated with Victim Service Providers or with Non-HMIS Participating projects that have a target population of Survivors of Domestic Violence.)",hr_yr_beds_chtot_t_ac_psh~=ha_yr_beds_chtot_t_ac_psh,hr_yr_beds_chtot_t_ac_psh,ha_yr_beds_chtot_t_ac_psh,pit_date,,,,,,,,,,,,,,,,,
1196,Comparisons with the HIC: Bed Counts,Warning,1,0,Inventory and HIC,"Your ##curr_yr## HIC reported {ha_yr_beds_tot_h_co_psh} HMIS-participating year-round PSH beds for CO households on the night of {pit_date} (the night of your ##curr_yr## PIT count). Your LSA Inventory File shows {hr_yr_beds_tot_h_co_psh} HMIS-participating year-round PSH beds for CO households on the night of {pit_date}. Since this flag is looking at a single point in time, in most cases we would expect these two numbers to be the same. If {hr_yr_beds_tot_h_co_psh} is the correct number of beds, please provide a note to confirm.  If {hr_yr_beds_tot_h_co_psh} is not the correct number of beds, please make updates in your HMIS and then replace your Official HUD Review File. (This flag does not count beds associated with Victim Service Providers.)",hr_yr_beds_tot_h_co_psh~=ha_yr_beds_tot_h_co_psh,hr_yr_beds_tot_h_co_psh,ha_yr_beds_tot_h_co_psh,pit_date,,,,,,,,,,,,,,,,,
1197,Comparisons with the HIC: Bed Counts,Warning,1,0,Inventory and HIC,"Your ##curr_yr## HIC reported {ha_yr_beds_tot_n_co_psh} non-HMIS-participating year-round PSH beds for CO households on the night of {pit_date} (the night of your ##curr_yr## PIT count). Your LSA Inventory File shows {hr_yr_beds_tot_n_co_psh} non-HMIS-participating year-round PSH beds for CO households on the night of {pit_date}. Since this flag is looking at a single point in time, in most cases we would expect these two numbers to be the same. If {hr_yr_beds_tot_n_co_psh} is the correct number of beds, please provide a note to confirm.  If {hr_yr_beds_tot_n_co_psh} is not the correct number of beds, please make updates in your HMIS and then replace your Official HUD Review File. As a reminder, all non-HMIS participating projects are still required to have their project data descriptor elements added to HMIS. (This flag does not count beds associated with Victim Service Providers or with projects that have a target population of Survivors of Domestic Violence.)",hr_yr_beds_tot_n_co_psh~=ha_yr_beds_tot_n_co_psh,hr_yr_beds_tot_n_co_psh,ha_yr_beds_tot_n_co_psh,pit_date,,,,,,,,,,,,,,,,,
1198,Comparisons with the HIC: Bed Counts,Warning,1,0,Inventory and HIC,"Your ##curr_yr## HIC reported {ha_yr_beds_chtot_t_co_psh} year-round chronically homeless beds for CO households in PSH on the night of {pit_date} (the night of your ##curr_yr## PIT count). Your LSA Inventory File shows {hr_yr_beds_chtot_t_co_psh} year-round chronically homeless beds for CO households in PSH on the night of {pit_date}. Since this flag is looking at a single point in time, in most cases we would expect these two numbers to be the same. If {hr_yr_beds_chtot_t_co_psh} is the correct number of beds, please provide a note to confirm.  If {hr_yr_beds_chtot_t_co_psh} is not the correct number of beds, please make updates in your HMIS and then replace your Official HUD Review File. (This flag counts both HMIS Participating and Non-HMIS Participating beds. This flag does not count beds associated with Victim Service Providers or with Non-HMIS Participating projects that have a target population of Survivors of Domestic Violence.)",hr_yr_beds_chtot_t_co_psh~=ha_yr_beds_chtot_t_co_psh,hr_yr_beds_chtot_t_co_psh,ha_yr_beds_chtot_t_co_psh,pit_date,,,,,,,,,,,,,,,,,
1199,Household Overlap,Warning,0,0,LSAPerson,"An unusually large proportion ({pct_mult_r_est}%) of people in ES/SH/TH during the report period were served in more than one household type (AO, AC, CO). Does this sound like it accurately reflects your data?",pct_mult_r_est>0.05 & est_mult_r>=20,pct_mult_r_est,est_mult_r,est_all_r,,,,,,,,,,,,,,,,,
1200,Household Overlap,Warning,0,0,LSAPerson,"An unusually large proportion ({pct_mult_r_rrh}%) of people active in residence in RRH during the report period were served in more than one household type (AO, AC, CO). Does this sound like it accurately reflects your data?",pct_mult_r_rrh>0.05 & rrh_mult_r>=20,pct_mult_r_rrh,rrh_mult_r,rrh_all_r,,,,,,,,,,,,,,,,,
1201,Household Overlap,Warning,0,0,LSAPerson,"An unusually large proportion ({pct_mult_r_psh}%) of people active in residence in PSH during the report period were served in more than one household type (AO, AC, CO). Does this sound like it accurately reflects your data?",pct_mult_r_psh>0.05 & psh_mult_r>=20,pct_mult_r_psh,psh_mult_r,psh_all_r,,,,,,,,,,,,,,,,,
1202,LSAPerson File,Data Error,0,1,LSAPerson,"There is a mismatch in your data between the HHTypeEST field and the AdultEST field. If a person was not served in ES/SH/TH during the report period, that person cannot be classified as an adult for ES/SH/TH. Row {row_num} in your LSAPerson file breaks this rule. This is not an issue that can be fixed by looking at your LSAPerson file because client-level information (like a personal ID) is not stored there. You may need vendor assistance to resolve this error.",hhtypeest=-1 & adultest>-1,row_num,hhtypeest,adultest,,,,,,,,,,,,,,,,,
1203,LSAPerson File,Data Error,0,1,LSAPerson,"There is a mismatch in your data between the HHTypeRRH field and the AdultRRH field. If a person was not served in RRH during the report period, that person cannot be classified as an adult for RRH. Row {row_num} in your LSAPerson file breaks this rule. This is not an issue that can be fixed by looking at your LSAPerson file because client-level information (like a personal ID) is not stored there. You may need vendor assistance to resolve this error.",hhtyperrh=-1 & adultrrh>-1,row_num,hhtyperrh,adultrrh,,,,,,,,,,,,,,,,,
1204,LSAPerson File,Data Error,0,1,LSAPerson,"There is a mismatch in your data between the HHTypePSH field and the AdultPSH field. If a person was not served in PSH during the report period, that person cannot be classified as an adult for PSH. Row {row_num} in your LSAPerson file breaks this rule. This is not an issue that can be fixed by looking at your LSAPerson file because client-level information (like a personal ID) is not stored there. You may need vendor assistance to resolve this error.",hhtypepsh=-1 & adultpsh>-1,row_num,hhtypepsh,adultpsh,,,,,,,,,,,,,,,,,
1205,LSAPerson File,Data Error,0,1,LSAPerson,"There is a mismatch in your data between the HHTypeEST field and the AdultEST field. In row {row_num} in your LSAPerson file, you reported that people were NOT served in Adult Only households in ES/SH/TH, but you classified them as adults in Adult Only households in ES/SH/TH. A person cannot be classified as an adult for a household type in which they were not served. This is not an issue that can be fixed by looking at your LSAPerson file because client-level information (like a personal ID) is not stored there. You may need vendor assistance to resolve this error.","find(strip(transtrn(put(hhtypeest,32.),'-1','neg')),'1')=0 & find(strip(transtrn(put(adultest,32.),'-1','neg')),'1')>0 & hhtypeest>-1",row_num,hhtypeest,adultest,,,,,,,,,,,,,,,,,
1206,LSAPerson File,Data Error,0,1,LSAPerson,"There is a mismatch in your data between the HHTypeRRH field and the AdultRRH field. In row {row_num} in your LSAPerson file, you reported that people were NOT served in Adult Only households in RRH, but you classified them as adults in Adult Only households in RRH. A person cannot be classified as an adult for a household type in which they were not served. This is not an issue that can be fixed by looking at your LSAPerson file because client-level information (like a personal ID) is not stored there. You may need vendor assistance to resolve this error.","find(strip(transtrn(put(hhtyperrh,32.),'-1','neg')),'1')=0 & find(strip(transtrn(put(adultrrh,32.),'-1','neg')),'1')>0 & hhtyperrh>-1",row_num,hhtyperrh,adultrrh,,,,,,,,,,,,,,,,,
1207,LSAPerson File,Data Error,0,1,LSAPerson,"There is a mismatch in your data between the HHTypePSH field and the AdultPSH field. In row {row_num} in your LSAPerson file, you reported that people were NOT served in Adult Only households in PSH, but you classified them as adults in Adult Only households in PSH. A person cannot be classified as an adult for a household type in which they were not served. This is not an issue that can be fixed by looking at your LSAPerson file because client-level information (like a personal ID) is not stored there. You may need vendor assistance to resolve this error.","find(strip(transtrn(put(hhtypepsh,32.),'-1','neg')),'1')=0 & find(strip(transtrn(put(adultpsh,32.),'-1','neg')),'1')>0 & hhtypepsh>-1",row_num,hhtypepsh,adultpsh,,,,,,,,,,,,,,,,,
1208,LSAPerson File,Data Error,0,1,LSAPerson,"There is a mismatch in your data between the HHTypeEST field and the AdultEST field. In row {row_num} in your LSAPerson file, you reported that people were NOT served in Adult Child households in ES/SH/TH, but you classified them as adults in Adult Child households in ES/SH/TH. A person cannot be classified as an adult for a household type in which they were not served. This is not an issue that can be fixed by looking at your LSAPerson file because client-level information (like a personal ID) is not stored there. You may need vendor assistance to resolve this error.","find(strip(put(hhtypeest,32.)),'2')=0 & find(strip(put(adultest,32.)),'2')>0 & hhtypeest>-1",row_num,hhtypeest,adultest,,,,,,,,,,,,,,,,,
1209,LSAPerson File,Data Error,0,1,LSAPerson,"There is a mismatch in your data between the HHTypeRRH field and the AdultRRH field. In row {row_num} in your LSAPerson file, you reported that people were NOT served in Adult Child households in RRH, but you classified them as adults in Adult Child households in RRH. A person cannot be classified as an adult for a household type in which they were not served. This is not an issue that can be fixed by looking at your LSAPerson file because client-level information (like a personal ID) is not stored there. You may need vendor assistance to resolve this error.","find(strip(put(hhtyperrh,32.)),'2')=0 & find(strip(put(adultrrh,32.)),'2')>0 & hhtyperrh>-1",row_num,hhtyperrh,adultrrh,,,,,,,,,,,,,,,,,
1210,LSAPerson File,Data Error,0,1,LSAPerson,"There is a mismatch in your data between the HHTypePSH field and the AdultPSH field. In row {row_num} in your LSAPerson file, you reported that people were NOT served in Adult Child households in PSH, but you classified them as adults in Adult Child households in PSH. A person cannot be classified as an adult for a household type in which they were not served. This is not an issue that can be fixed by looking at your LSAPerson file because client-level information (like a personal ID) is not stored there. You may need vendor assistance to resolve this error.","find(strip(put(hhtypepsh,32.)),'2')=0 & find(strip(put(adultpsh,32.)),'2')>0 & hhtypepsh>-1",row_num,hhtypepsh,adultpsh,,,,,,,,,,,,,,,,,
1211,LSAPerson File,Data Error,0,1,LSAPerson,"There is a mismatch in your data between the HHTypeEST field and the AdultEST field. In row {row_num} in your LSAPerson file, you reported that people were NOT served in unclassifiable (UN) households in ES/SH/TH, but you classified them as adults in unclassifiable (UN) households in ES/SH/TH. A person cannot be classified as an adult for a household type in which they were not served. This is not an issue that can be fixed by looking at your LSAPerson file because client-level information (like a personal ID) is not stored there. You may need vendor assistance to resolve this error.","find(strip(put(hhtypeest,32.)),'9')=0 & find(strip(put(adultest,32.)),'9')>0 & hhtypeest>-1",row_num,hhtypeest,adultest,,,,,,,,,,,,,,,,,
1212,LSAPerson File,Data Error,0,1,LSAPerson,"There is a mismatch in your data between the HHTypeRRH field and the AdultRRH field. In row {row_num} in your LSAPerson file, you reported that people were NOT served in unclassifiable (UN) households in RRH, but you classified them as adults in unclassifiable (UN) households in RRH. A person cannot be classified as an adult for a household type in which they were not served. This is not an issue that can be fixed by looking at your LSAPerson file because client-level information (like a personal ID) is not stored there. You may need vendor assistance to resolve this error.","find(strip(put(hhtyperrh,32.)),'9')=0 & find(strip(put(adultrrh,32.)),'9')>0 & hhtyperrh>-1",row_num,hhtyperrh,adultrrh,,,,,,,,,,,,,,,,,
1213,LSAPerson File,Data Error,0,1,LSAPerson,"There is a mismatch in your data between the HHTypePSH field and the AdultPSH field. In row {row_num} in your LSAPerson file, you reported that people were NOT served in unclassifiable (UN) households in PSH, but you classified them as adults in unclassifiable (UN) households in PSH. A person cannot be classified as an adult for a household type in which they were not served. This is not an issue that can be fixed by looking at your LSAPerson file because client-level information (like a personal ID) is not stored there. You may need vendor assistance to resolve this error.","find(strip(put(hhtypepsh,32.)),'9')=0 & find(strip(put(adultpsh,32.)),'9')>0 & hhtypepsh>-1",row_num,hhtypepsh,adultpsh,,,,,,,,,,,,,,,,,
1214,LSAPerson File,Data Error,0,1,LSAPerson,"If these people were served in Adult-Only households in ES/SH/TH (as you reported in HHTypeEST), then they must have been served as adults. But you reported otherwise in the AdultEST field in row {row_num} of your LSAPerson file. This is not an issue that can be fixed by looking at your LSAPerson file because client-level information (like a personal ID) is not stored there. You may need vendor assistance to resolve this error.","find(strip(transtrn(put(hhtypeest,32.),'-1','neg')),'1')>0 & find(strip(transtrn(put(adultest,32.),'-1','neg')),'1')=0",row_num,hhtypeest,adultest,,,,,,,,,,,,,,,,,
1215,LSAPerson File,Data Error,0,1,LSAPerson,"If these people were served in Adult-Only households in RRH (as you reported in HHTypeRRH), then they must have been served as adults. But you reported otherwise in the AdultRRH field in row {row_num} of your LSAPerson file. This is not an issue that can be fixed by looking at your LSAPerson file because client-level information (like a personal ID) is not stored there. You may need vendor assistance to resolve this error.","find(strip(transtrn(put(hhtyperrh,32.),'-1','neg')),'1')>0 & find(strip(transtrn(put(adultrrh,32.),'-1','neg')),'1')=0",row_num,hhtyperrh,adultrrh,,,,,,,,,,,,,,,,,
1216,LSAPerson File,Data Error,0,1,LSAPerson,"If these people were served in Adult-Only households in PSH (as you reported in HHTypePSH), then they must have been served as adults. But you reported otherwise in the AdultPSH field in row {row_num} of your LSAPerson file. This is not an issue that can be fixed by looking at your LSAPerson file because client-level information (like a personal ID) is not stored there. You may need vendor assistance to resolve this error.","find(strip(transtrn(put(hhtypepsh,32.),'-1','neg')),'1')>0 & find(strip(transtrn(put(adultpsh,32.),'-1','neg')),'1')=0",row_num,hhtypepsh,adultpsh,,,,,,,,,,,,,,,,,
1217,"LSACalculated: Sum of separate ES, SH, TH counts > combined ES/SH/TH count; bed nights",Warning,1,0,LSACalculated,"All households in ES/SH/TH: The sum ({var1217_2}) of the separate CoC-wide ES ({var02}), SH ({var03}), and TH ({var04}) bed nights for people in all households served during the current report period is greater than the unduplicated, combined CoC-wide ES/SH/TH count of bed nights ({var01}) for these people. We expect the sum and the unduplicated, combined count to be equal. The most likely explanations are that there is a potential programming error in your LSA Report or that people were not exited properly in HMIS and had overlapping enrollments, meaning that they were enrolled in an ES project and a TH project at the same time. In rare circumstances, the sum can be slightly greater than the unduplicated count for legitimate reasons. If this is true of your CoC, please explain.","(sum(var02,var03,var04) > var01) & ((sum(var02,var03,var04) - var01)/var01 < .01) & (sum(var02,var03,var04) - var01)/var01 >= .001",lc_c1_u16_h0_p0_r56,lc_c1_u11_h0_p0_r56,lc_c1_u12_h0_p0_r56,lc_c1_u13_h0_p0_r56,"var1217_1=abs(np.nansum([var02,var03,var04]) - var01)","var1217_2=np.nansum([var02,var03,var04])",,,,,,,,,,n/a,n/a,n/a,n/a,n/a
1218,"LSACalculated: Sum of HHType AO, AC, CO, UN values > all HHs value; bed nights; overall population (CoC level)",Warning,1,0,LSACalculated,"[utext]: The unduplicated total number of bed nights ({var01}) for people served in this project type during the current report period is less than the sum of bed nights ({var1218_2}) for these people reported for AO, AC, CO, and UN (unclassifiable). We expect the sum and the unduplicated total count to be equal. Here, the sum is greater than the unduplicated count. The most likely explanations are that there is a potential programming error in your LSA Report or that people were not exited properly in HMIS and had overlapping enrollments, meaning that they were enrolled in two [utext] projects simultaneously while in different household types. However, in rare circumstances, the sum can be slightly greater than the unduplicated count for legitimate reasons. If this is true of your CoC, please explain.","(sum(var02,var03,var04,var05) > var01) & ((sum(var02,var03,var04,var05) - var01)/var01 < .01) & ((sum(var02,var03,var04,var05) - var01)/var01 >= .001)",lc_c1_u[u]_h0_p0_r56,lc_c1_u[u]_h1_p0_r56,lc_c1_u[u]_h2_p0_r56,lc_c1_u[u]_h3_p0_r56,lc_c1_u[u]_h99_p0_r56,"var1218_1=abs(np.nansum([var02,var03,var04,var05]) - var01)","var1218_2=np.nansum([var02,var03,var04,var05])",,,,,,,,,u{11-13 15 16} .* u{11-13 15 16},n/a,n/a,n/a,n/a
1219,"LSACalculated: Sum of HHType AO, AC, CO, UN values > all HHs value; bed nights; overall population (project level)",Warning,1,0,LSACalculated,"The unduplicated total number of bed nights ({var02}) for people served in {projectname} during the current report period is less than the sum of bed nights ({var1219_2}) for these people reported for AO ({var03}), AC ({var04}), CO ({var05}), and UN ({var06}) (unclassifiable) households. We expect the sum and the unduplicated total count to be equal. The most likely explanations are that there is either a potential programming error in your LSA Report or that people were not exited properly in HMIS and had overlapping enrollments, meaning that they were enrolled multiple times in this project without first exiting their original enrollment. In rare circumstances, the sum can be slightly greater than the unduplicated count for legitimate reasons. If this is true of your CoC, please explain.","(sum(var03,var04,var05,var06) > var02) & ((sum(var03,var04,var05,var06) - var02)/var02 < .01) & ((sum(var03,var04,var05,var06) - var02)/var02 >= .001)",projectid,lc_c1_u10_h0_p0_r56,lc_c1_u10_h1_p0_r56,lc_c1_u10_h2_p0_r56,lc_c1_u10_h3_p0_r56,lc_c1_u10_h99_p0_r56,projectname,"var1219_1=abs(np.nansum([var03,var04,var05,var06]) - var02)","var1219_2=np.nansum([var03,var04,var05,var06])",,,,,,,n/a,n/a,n/a,n/a,n/a
1226,"LSACalculated: Sum of separate ES, SH, TH counts < combined ES/SH/TH count; people; full report period",Data Error,1,1,LSACalculated,"[htext_long] households in ES/SH/TH: The sum of the separate CoC-wide ES, SH, and TH counts of [ptext_people_1] in [htext_short] households during the current report period ({var1226_2}) is less than the unduplicated, combined CoC-wide ES/SH/TH count of these people ({var01}).","sum(var02,var03,var04) < var01",lc_c1_u16_h[h]_p[p]_r55,lc_c1_u11_h[h]_p[p]_r55,lc_c1_u12_h[h]_p[p]_r55,lc_c1_u13_h[h]_p[p]_r55,"var1226_1=abs(np.nansum([var02,var03,var04]) - var01)","var1226_2=np.nansum([var02,var03,var04])",,,,,,,,,,"h{0, 1, 2, 3, 99} .* p{50 53-82 5053-5071, 50 53-71 76-82 5053-5071 1176 1177, 50 51 53-82 5053-5071 5153-5171 1276 1277, 52-75 5253-5271, 50 53-82 5053-5071}",n/a,n/a,n/a,n/a
1227,"LSACalculated: Sum of separate ES, SH, TH counts > combined ES/SH/TH count * # of project types; people; full report period",Data Error,1,1,LSACalculated,"[htext_long] households in ES/SH/TH: The sum of the separate CoC-wide ES, SH, and TH counts of [ptext_people_1] in [htext_short] households served during the current report period ({var1227_2}) is greater than the unduplicated, combined CoC-wide ES/SH/TH count of these people. Since this cohort is the full reporting period, it is possible for the sum of the separate CoC-wide ES, SH, and TH counts to be greater than the combined CoC-wide ES/SH/TH count if people were served in two or three of these project types during the period. However, in this case, the sum of the separate CoC-wide ES, SH, and TH counts is greater than the largest possible value it could be. That largest possible value is equal to the combined CoC-wide ES/SH/TH value multiplied by the number of project types (1-3, among ES, SH, and TH) serving any of these people. (For instance, if the combined CoC-wide ES/SH/TH count was 20, and if both the CoC-wide ES count and the CoC-wide SH count were greater than zero, but the CoC-wide TH count was zero, then the largest possible value for the sum of the separate CoC-wide ES, SH, and TH counts would be 20*2=40 since those 20 people could have been served at least once in each of ES and SH.)","sum(var02,var03,var04) > (var01 * sum((var02>0),(var03>0),(var04>0)))",lc_c1_u16_h[h]_p[p]_r55,lc_c1_u11_h[h]_p[p]_r55,lc_c1_u12_h[h]_p[p]_r55,lc_c1_u13_h[h]_p[p]_r55,"var1227_1=abs(np.nansum([var02,var03,var04]) - (var01 * np.nansum([(var02>0),(var03>0),(var04>0)])))","var1227_2=np.nansum([var02,var03,var04])",,,,,,,,,,"h{0, 1, 2, 3, 99} .* p{50 53-82 5053-5071, 50 53-71 76-82 5053-5071 1176 1177, 50 51 53-82 5053-5071 5153-5171 1276 1277, 52-75 5253-5271, 50 53-82 5053-5071}",n/a,n/a,n/a,n/a
1228,"LSACalculated: Largest of separate ES, SH, TH counts > combined ES/SH/TH count; people; full report period",Data Error,1,1,LSACalculated,"[htext_long] households in ES/SH/TH: The largest value of the separate CoC-wide ES, SH, and TH counts of [ptext_people_1] in [htext_short] households served during the current report period ({var1228_2}) is greater than the unduplicated, combined CoC-wide ES/SH/TH count of these people ({var01}). The combined CoC-wide ES/SH/TH count must be at least as large as the largest of the separate CoC-wide ES, SH, and TH counts.","max(var02,var03,var04) > var01",lc_c1_u16_h[h]_p[p]_r55,lc_c1_u11_h[h]_p[p]_r55,lc_c1_u12_h[h]_p[p]_r55,lc_c1_u13_h[h]_p[p]_r55,"var1228_1=abs(max(var02,var03,var04) - var01)","var1228_2=max(var02,var03,var04)",,,,,,,,,,"h{0, 1, 2, 3, 99} .* p{50 53-82 5053-5071, 50 53-71 76-82 5053-5071 1176 1177, 50 51 53-82 5053-5071 5153-5171 1276 1277, 52-75 5253-5271, 50 53-82 5053-5071}",n/a,n/a,n/a,n/a
1229,"LSACalculated: Sum of separate ES, SH, TH counts < combined ES/SH/TH count; people; quarterly PIT dates",Data Error,1,1,LSACalculated,"[htext_long] households in ES/SH/TH: The sum of the separate CoC-wide ES, SH, and TH counts of [ptext_people_1] in [htext_short] households served on [ctext] ({var01}) is less than the unduplicated, combined CoC-wide ES/SH/TH count of these people ({var1229_2}).","sum(var02,var03,var04) < var01",lc_c[c]_u16_h[h]_p[p]_r55,lc_c[c]_u11_h[h]_p[p]_r55,lc_c[c]_u12_h[h]_p[p]_r55,lc_c[c]_u13_h[h]_p[p]_r55,"var1229_1=abs(np.nansum([var02,var03,var04]) - var01)","var1229_2=np.nansum([var02,var03,var04])",,,,,,,,,,"h{0, 1, 2, 3, 99} .* p{50 53-82 5053-5071, 50 53-71 76-82 5053-5071 1176 1177, 50 51 53-82 5053-5071 5153-5171 1276 1277, 52-75 5253-5271, 50 53-82 5053-5071}",n/a,c{10-13} .* c{10-13},n/a,n/a
1230,"LSACalculated: Largest project-level count > CoC total, by project type; people; full report period",Warning,1,1,LSACalculated,"[htext_long] households in [utext]: The largest project-level count ({var01}) among all [utext] projects is greater than the unduplicated CoC-wide [utext] count ({var02}) for the following: [ptext_people_1] in households served during the current report period. The CoC-wide count must be at least as large as the largest project-level count. To better understand variable 1, refer to the household type, cohort, and population type identified in variable 2.",var01 > var02,lc_c1_u10_h[h]_p[p]_r55_mx_[uuu],lc_c1_u[u]_h[h]_p[p]_r55,var1230_1=abs(var01 - var02),,,,,,,,,,,,,"h{0, 1, 2, 3, 99} .* p{50 53, 50 53 1176 1177, 50 53 1276 1277, 53, 50 53}",n/a,n/a,n/a,n/a
1231,"LSACalculated: Project-level sum < CoC total, by project type; people; full report period",Data Error,1,1,LSACalculated,[htext_long] households in [utext]: The sum of the project-level counts among all [utext] projects ({var01}) is less than the unduplicated CoC-wide [utext] count for the following: [ptext_people_1] in households served [on/during ctext] ({var02}). The sum of the project-level counts cannot be lower than the CoC-wide count.,var01 < var02,lc_c1_u10_h[h]_p[p]_r55_sm_[uuu],lc_c1_u[u]_h[h]_p[p]_r55,var1231_1=abs(var01 - var02),,,,,,,,,,,,,"h{0, 1, 2, 3, 99} .* p{50 53, 50 53 1176 1177, 50 53 1276 1277, 53, 50 53}",n/a,n/a,n/a,n/a
1232,"LSACalculated: Project-level sum > CoC total * # of projects, by project type; people; full report period",Warning,1,1,LSACalculated,"[htext_long] households in [utext]: The sum of the project-level counts among all [utext] projects is greater than the unduplicated CoC-wide [utext] count for the following population: [ptext_people_1] in households served during the current report period. It is possible for the sum of the project-level counts to be greater than the CoC-wide count if people were served in multiple projects during the period. However, in this case, the sum of the project-level counts is greater than the largest possible value it could be, which is equal to the CoC-wide value multiplied by the number of projects (of this project type) serving any of these people. (For instance, if the CoC-wide count for this project type was 20, and if there were 4 projects of this type that served at least one of these people, then the largest possible value for the sum of the project-level counts would be 20*4=80 since those 20 people could have been served in each of the 4 projects.)",var01 > (var02 * var03),lc_c1_u10_h[h]_p[p]_r55_sm_[uuu],lc_c1_u[u]_h[h]_p[p]_r55,lc_c1_u10_h[h]_p[p]_r55_x_sm_[uuu],var1232_1=abs(var01 - (var02 * var03)),,,,,,,,,,,,"h{0, 1, 2, 3, 99} .* p{50 53, 50 53 1176 1177, 50 53 1276 1277, 53, 50 53}",n/a,n/a,n/a,n/a
1233,"LSACalculated: Project-level sum < CoC total, by project type; people; quarterly PIT dates",Data Error,1,1,LSACalculated,[htext_long] households in [utext]: The sum of the project-level counts of people among all [utext] projects ({var01}) is less than the unduplicated CoC-wide [utext] count of people for the following: [ptext_people_1] in households served on [ctext] ({var02}). The sum of the project-level counts cannot be lower than the CoC-wide count.,var01 < var02,lc_c[c]_u10_h[h]_p[p]_r55_sm_[uuu],lc_c[c]_u[u]_h[h]_p[p]_r55,var1233_1=abs(var01 - var02),,,,,,,,,,,,,"h{0, 1, 2, 3, 99} .* p{50 53, 50 53 1176 1177, 50 53 1276 1277, 53, 50 53}",n/a,c{10-13} .* c{10-13},n/a,n/a
1234,"LSACalculated: Sum of separate ES, SH, TH counts < combined ES/SH/TH count; bed nights",Data Error,1,1,LSACalculated,"[htext_long] households in ES/SH/TH: The sum of the separate CoC-wide ES, SH, and TH bed nights for [ptext_people_1] in households served during the current report period ({var01}) is less than the unduplicated, combined CoC-wide ES/SH/TH count of bed nights for these people ({var1234_2}).","sum(var02,var03,var04) < var01",lc_c1_u16_h[h]_p[p]_r57,lc_c1_u11_h[h]_p[p]_r57,lc_c1_u12_h[h]_p[p]_r57,lc_c1_u13_h[h]_p[p]_r57,"var1234_1=abs(np.nansum([var02,var03,var04]) - var01)","var1234_2=np.nansum([var02,var03,var04])",,,,,,,,,,"h{0, 1, 2, 3, 99} .* p{50 53, 50 53, 50 53, 53, 50 53}",n/a,n/a,n/a,n/a
1235,"LSACalculated: Project-level sum < CoC total, by project type; bed nights",Data Error,1,1,LSACalculated,[htext_long] households in [utext]: The sum of the project-level counts of bed nights among all [utext] projects ({var01}) is less than the unduplicated CoC-wide [utext] count of bed nights for the following: [ptext_people_1] in households served during the current report period ({var02}).,var01 < var02,lc_c1_u10_h[h]_p[p]_r57_sm_[uuu],lc_c1_u[u]_h[h]_p[p]_r57,var1235_1=abs(var01 - var02),,,,,,,,,,,,,"h{0, 1, 2, 3, 99} .* p{50 53, 50 53, 50 53, 53, 50 53}",n/a,n/a,n/a,n/a
1236,LSACalculated: Average length of stay (CoC level),Data Error,1,1,LSACalculated,"[ptext_people_1] in [htext_long] households in [utext]: The average length of stay (total bed nights divided by total people), {var01}, cannot be greater than the report period.",(var01 > var02) & not missing(var02) & expected_reportstart=reportstart & expected_reportend=reportend,lc_c1_u[u]_h[h]_p[p]_r57_avg,ReportNights,var1236_1=abs(var01 - var02),,,,,,,,,,,,,"h{0, 1, 2, 3, 99} .* p{50 53, 50 53, 50 53, 53, 50 53}",n/a,n/a,n/a,n/a
1237,LSACalculated: Average length of stay (project level),Data Error,1,1,LSACalculated,"[ptext_people_1] in [htext_long] households in this project: The average length of stay (total bed nights divided by total people), {var02}, cannot be greater than the report period.",(var02 > var03) & not missing(var03) & expected_reportstart=reportstart & expected_reportend=reportend,projectid,lc_c1_u10_h[h]_p[p]_r57_avg,ReportNights,projectname,var1237_1=abs(var02 - var03),,,,,,,,,,,"h{0, 1, 2, 3, 99} .* p{50 53, 50 53, 50 53, 53, 50 53}",n/a,n/a,n/a,n/a
1238,"LSACalculated: Sum of separate ES, SH, TH counts > combined ES/SH/TH count, and this difference is bigger within a particular subpopulation than it is in the overall population; people; full report period",Data Error,1,1,LSACalculated,"[htext_long] households in ES/SH/TH: The sum ({var1238_3}) of the separate CoC-wide ES ({var02}), SH ({var03}), and TH ({var04}) counts of [ptext_people_1] in households served during the current report period is greater than the unduplicated, combined CoC-wide ES/SH/TH count of these people ({var01}). Crucially, the level of overlap (which is the difference between the sum and the unduplicated, combined count) is greater within this sub-population than in the overall population, which is impossible. Even if there were some clients with overlapping enrollments in ES, SH, and/or TH, the overlap among people in a sub-population could not be greater than the overlap among all people. This may mean there is a programming error in your LSA Report causing this result.","(sum(var02,var03,var04) > var01) & ((sum(var02,var03,var04) - var01) > (sum(var06,var07,var08) - var05))",lc_c1_u16_h[h]_p[p]_r55,lc_c1_u11_h[h]_p[p]_r55,lc_c1_u12_h[h]_p[p]_r55,lc_c1_u13_h[h]_p[p]_r55,lc_c1_u16_h[h]_p0_r53,lc_c1_u11_h[h]_p0_r53,lc_c1_u12_h[h]_p0_r53,lc_c1_u13_h[h]_p0_r53,"var1238_1=abs(np.nansum([var02,var03,var04]) - var01)","var1238_2=abs((np.nansum([var02,var03,var04]) - var01) - (np.nansum([var06,var07,var08]) - var05))","var1238_3=np.nansum([var02,var03,var04])",,,,,"h{0, 1, 2, 3, 99} .* p{50 53-82 5053-5071, 50 53-71 76-82 5053-5071 1176 1177, 50 51 53-82 5053-5071 5153-5171 1276 1277, 52-75 5253-5271, 50 53-82 5053-5071}",n/a,n/a,n/a,n/a
1239,"LSACalculated: Sum of separate ES, SH, TH counts > combined ES/SH/TH count, and this difference is bigger within a particular subpopulation than it is in the overall population; people; quarterly PIT dates",Data Error,1,1,LSACalculated,"[htext_long] households in ES/SH/TH: The sum ({var1239_3}) of the separate CoC-wide ES ({var02}), SH ({var03}), and TH ({var04}) counts of [ptext_people_1] in households served on [ctext] is greater than the unduplicated, combined CoC-wide ES/SH/TH count of these people ({var01}). Crucially, the level of overlap (which is the difference between the sum and the unduplicated, combined count) is greater within this sub-population than in the overall population, which is impossible. Even if there were some clients with overlapping enrollments in ES, SH, and/or TH, the overlap among people in a sub-population could not be greater than the overlap among all people. This may mean there is a programming error in your LSA Report causing this result.","(sum(var02,var03,var04) > var01) & ((sum(var02,var03,var04) - var01) > (sum(var06,var07,var08) - var05))",lc_c[c]_u16_h[h]_p[p]_r55,lc_c[c]_u11_h[h]_p[p]_r55,lc_c[c]_u12_h[h]_p[p]_r55,lc_c[c]_u13_h[h]_p[p]_r55,lc_c[c]_u16_h[h]_p0_r53,lc_c[c]_u11_h[h]_p0_r53,lc_c[c]_u12_h[h]_p0_r53,lc_c[c]_u13_h[h]_p0_r53,"var1239_1=abs(np.nansum([var02,var03,var04]) - var01)","var1239_2=abs((np.nansum([var02,var03,var04]) - var01) - (np.nansum([var06,var07,var08]) - var05))","var1239_3=np.nansum([var02,var03,var04])",,,,,"h{0, 1, 2, 3, 99} .* p{50 53-82 5053-5071, 50 53-71 76-82 5053-5071 1176 1177, 50 51 53-82 5053-5071 5153-5171 1276 1277, 52-75 5253-5271, 50 53-82 5053-5071}",n/a,c{10-13} .* c{10-13},n/a,n/a
1240,"LSACalculated: Project-level sum > CoC total, by project type, and this difference is bigger within a particular subpopulation than it is in the overall population; people; full report period",Data Error,1,1,LSACalculated,"[htext_long] households in [utext]: The sum of the project-level counts of people among all [utext] projects is greater than the unduplicated CoC-wide [utext] count of people for the following population: [ptext_people_1] in [htext_short] households served during the current report period. Since this cohort is the full reporting period, it is possible for the sum of the project-level counts to be greater than the CoC-wide count if people were served in multiple projects during the period. However, the level of overlap (which is the difference between the sum and the unduplicated count) is greater within this sub-population than in the overall population, which is impossible. Even if there were clients enrolled in multiple [utext] projects over the course of the reporting period, the overlap among people in a sub-population could not be greater than the overlap among all people. This may mean there is a programming error in your LSA Report causing this result.",(var01 > var02) & ((var01 - var02) > (var03 - var04)),lc_c1_u10_h[h]_p[p]_r55_sm_[uuu],lc_c1_u[u]_h[h]_p[p]_r55,lc_c1_u10_h[h]_p0_r53_sm_[uuu],lc_c1_u[u]_h[h]_p0_r53,var1240_1=abs(var01 - var02),var1240_2=abs((var01 - var02) - (var03 - var04)),,,,,,,,,,"h{0, 1, 2, 3, 99} .* p{50 53, 50 53 1176 1177, 50 53 1276 1277, 53, 50 53}",n/a,n/a,n/a,n/a
1241,"LSACalculated: Project-level sum > CoC total, by project type, and this difference is bigger within a particular subpopulation than it is in the overall population; people; quarterly PIT dates",Warning,1,1,LSACalculated,"[htext_long] households in [utext]: The sum of the project-level counts of people among all [utext] projects is greater than the unduplicated CoC-wide [utext] count of people for the following population: [ptext_people_1] in [htext_short] households served on [ctext]. Crucially, the level of overlap (which is the difference between the sum and the unduplicated, combined count) is greater within this sub-population than in the overall population, which is impossible. Even if there were some clients with overlapping enrollments in multiple [utext] projects, the overlap among people in a sub-population could not be greater than the overlap among all people. This may mean there is a programming error in your LSA Report causing this result.",(var01 > var02) & ((var01 - var02) > (var03 - var04)),lc_c[c]_u10_h[h]_p[p]_r55_sm_[uuu],lc_c[c]_u[u]_h[h]_p[p]_r55,lc_c[c]_u10_h[h]_p0_r53_sm_[uuu],lc_c[c]_u[u]_h[h]_p0_r53,var1241_1=abs(var01 - var02),var1241_2=abs((var01 - var02) - (var03 - var04)),,,,,,,,,,"h{0, 1, 2, 3, 99} .* p{50 53, 50 53 1176 1177, 50 53 1276 1277, 53, 50 53}",c{10-13} .* c{10-13},n/a,n/a,n/a
1242,"LSACalculated: Sum of separate ES, SH, TH counts > combined ES/SH/TH count, and this difference is bigger within a particular subpopulation than it is in the overall population; bed nights",Data Error,1,1,LSACalculated,"[htext_long] households in ES/SH/TH: The sum ({var1242_3}) of the separate CoC-wide ES ({var02}), SH ({var03}), and TH ({var04}) bed nights for [ptext_people_1] in households served during the current report period is greater than the unduplicated, combined CoC-wide ES/SH/TH count of bed nights for these people ({var01}). Crucially, the level of overlap (which is the difference between the sum and the unduplicated, combined count) is greater within this sub-population than in the overall population, which is impossible. Even if there were some clients with overlapping enrollments in ES, SH, and/or TH, the overlap in bed nights among people in a sub-population could not be greater than the overlap in bed nights among all people. This may mean there is a programming error in your LSA Report causing this result.","(sum(var02,var03,var04) > var01) & ((sum(var02,var03,var04) - var01) > (sum(var06,var07,var08) - var05))",lc_c1_u16_h[h]_p[p]_r57,lc_c1_u11_h[h]_p[p]_r57,lc_c1_u12_h[h]_p[p]_r57,lc_c1_u13_h[h]_p[p]_r57,lc_c1_u16_h[h]_p0_r56,lc_c1_u11_h[h]_p0_r56,lc_c1_u12_h[h]_p0_r56,lc_c1_u13_h[h]_p0_r56,"var1242_1=abs(np.nansum([var02,var03,var04]) - var01)","var1242_2=abs((np.nansum([var02,var03,var04]) - var01) - (np.nansum([var06,var07,var08]) - var05))","var1242_3=np.nansum([var02,var03,var04])",,,,,"h{0, 1, 2, 3, 99} .* p{50 53, 50 53, 50 53, 53, 50 53}",n/a,n/a,n/a,n/a
1243,"LSACalculated: Project-level sum > CoC total, by project type, and this difference is bigger within a particular subpopulation than it is in the overall population; bed nights",Data Error,1,1,LSACalculated,"[htext_long] households in [utext]: The sum of the project-level counts of bed nights among all [utext] projects is greater than the unduplicated CoC-wide [utext] count of bed nights for the following: [ptext_people_1] in households served during the current report period. Crucially, the level of overlap (which is the difference between the sum and the unduplicated count) is greater within this sub-population than in the overall population, which is impossible. Even if there were some clients simultaneously enrolled in multiple [utext] projects, the overlap in bed nights among people in a sub-population could not be greater than the overlap in bed nights among all people. This may mean there is a programming error in your LSA Report causing this result.",(var01 > var02) & ((var01 - var02) > (var03 - var04)),lc_c1_u10_h[h]_p[p]_r57_sm_[uuu],lc_c1_u[u]_h[h]_p[p]_r57,lc_c1_u10_h[h]_p0_r56_sm_[uuu],lc_c1_u[u]_h[h]_p0_r56,var1243_1=abs(var01 - var02),var1243_2=abs((var01 - var02) - (var03 - var04)),,,,,,,,,,"h{0, 1, 2, 3, 99} .* p{50 53, 50 53, 50 53, 53, 50 53}",n/a,n/a,n/a,n/a
1244,"LSACalculated: Max of HHType AO, AC, CO, UN values > all HHs value; people; full report period (CoC level)",Data Error,1,1,LSACalculated,"[utext]: The total number of [ptext_people_1] served in this project type during the current report period ({var01}), is less than {var1244_2}, which is the largest number of these people reported for adult-only, adult-child, child-only, and unclassifiable (UN) households. People can be served in multiple household types at different points in time over the course of the report period, but the ALL household type value must be at least as large as the largest adult-only, adult-child, child-only, or unclassifiable (UN) household value.","max([var02,]var03[,var04],var05) > var01",lc_c1_u[u]_h0_p[p]_r55,lc_c1_u[u]_h1_p[p]_r55,lc_c1_u[u]_h2_p[p]_r55,lc_c1_u[u]_h3_p[p]_r55,lc_c1_u[u]_h99_p[p]_r55,"var1244_1=abs(max(var02,var03,var04,var05) - var01)","var1244_2=max(var02,var03,var04,var05)",,,,,,,,,p{50 53 56-82 5053-5071} .* p{50 53 56-82 5053-5071},n/a,n/a,n/a,n/a
1245,"LSACalculated: Sum of HHType AO, AC, CO, UN values < all HHs value; people; full report period (CoC level)",Warning,1,1,LSACalculated,"[utext]: The total number of [ptext_people_1] served in this project type during the current report period ({var01}), is greater than {var1245_2}, which is the sum of these people reported for adult-only, adult-child, child-only, and unclassifiable (UN) households.","sum([var02,]var03[,var04],var05) < var01",lc_c1_u[u]_h0_p[p]_r55,lc_c1_u[u]_h1_p[p]_r55,lc_c1_u[u]_h2_p[p]_r55,lc_c1_u[u]_h3_p[p]_r55,lc_c1_u[u]_h99_p[p]_r55,"var1245_1=abs(np.nansum([var02,var03,var04,var05]) - var01)","var1245_2=np.nansum([var02,var03,var04,var05])",,,,,,,,,p{50 53 56-82 5053-5071} .* p{50 53 56-82 5053-5071},n/a,n/a,n/a,n/a
1246,"LSACalculated: Sum of HHType AO, AC, CO, UN values < all HHs value; people; quarterly PIT dates (CoC level)",Warning,1,1,LSACalculated,"[utext]: The total number of [ptext_people_1], served in this project type on [ctext], is greater than the sum of these people reported for [AO,] AC, [CO,] and UN (unclassifiable). ","sum([var02,]var03[,var04],var05) < var01",lc_c[c]_u[u]_h0_p[p]_r55,lc_c[c]_u[u]_h1_p[p]_r55,lc_c[c]_u[u]_h2_p[p]_r55,lc_c[c]_u[u]_h3_p[p]_r55,lc_c[c]_u[u]_h99_p[p]_r55,"var1246_1=abs(np.nansum([var02,var03,var04,var05]) - var01)","var1246_2=np.nansum([var02,var03,var04,var05])",,,,,,,,,p{50 53 56-82 5053-5071} .* p{50 53 56-82 5053-5071},c{10-13} .* c{10-13},n/a,n/a,n/a
1247,"LSACalculated: Max of HHType AO, AC, CO, UN values > all HHs value; people; full report period (project level)",Data Error,1,1,LSACalculated,"The total number of [ptext_people_1] served in this project during the current report period ({var02}), is less than the largest number of these people reported for AO, AC, [CO,] and UN (unclassifiable) ({var1247_2}). People can be served in multiple household types at different points in time over the course of the report period, but the ALL household type value must be at least as large as the largest AO, AC, [CO,] or UN value.","max(var03,var04[,var05],var06) > var02",projectid,lc_c1_u10_h0_p[p]_r55,lc_c1_u10_h1_p[p]_r55,lc_c1_u10_h2_p[p]_r55,lc_c1_u10_h3_p[p]_r55,lc_c1_u10_h99_p[p]_r55,projectname,"var1247_1=abs(max(var03,var04,var05,var06) - var02)","var1247_2=max(var03,var04,var05,var06)",,,,,,,p{50 53} .* p{50 53},n/a,n/a,n/a,n/a
1248,"LSACalculated: Sum of HHType AO, AC, CO, UN values < all HHs value; people; full report period (project level)",Data Error,1,1,LSACalculated,"The total number of [ptext_people_1] served in this project during the current report period ({var02}), is greater than the sum of these people reported for AO, AC, [CO,] and UN (unclassifiable) ({var1248_2}).","sum(var03,var04[,var05],var06) < var02",projectid,lc_c1_u10_h0_p[p]_r55,lc_c1_u10_h1_p[p]_r55,lc_c1_u10_h2_p[p]_r55,lc_c1_u10_h3_p[p]_r55,lc_c1_u10_h99_p[p]_r55,projectname,"var1248_1=abs(np.nansum([var03,var04,var05,var06]) - var02)","var1248_2=np.nansum([var03,var04,var05,var06])",,,,,,,p{50 53} .* p{50 53},n/a,n/a,n/a,n/a
1249,"LSACalculated: Sum of HHType AO, AC, CO, UN values < all HHs value; people; quarterly PIT dates (project level)",Data Error,1,1,LSACalculated,"The total number of [ptext_people_1] served in this project on [ctext] ({var02}), is greater than the sum of these people reported for AO, AC, [CO,] and UN (unclassifiable) ({var1249_2}).","sum(var03,var04[,var05],var06) < var02",projectid,lc_c[c]_u10_h0_p[p]_r55,lc_c[c]_u10_h1_p[p]_r55,lc_c[c]_u10_h2_p[p]_r55,lc_c[c]_u10_h3_p[p]_r55,lc_c[c]_u10_h99_p[p]_r55,projectname,"var1249_1=abs(np.nansum([var03,var04,var05,var06]) - var02)","var1249_2=np.nansum([var03,var04,var05,var06])",,,,,,,p{50 53} .* p{50 53},c{10-13} .* c{10-13},n/a,n/a,n/a
1250,"LSACalculated: Sum of HHType AO, AC, CO, UN values < all HHs value; bed nights (CoC level)",Data Error,1,1,LSACalculated,"[utext]: The unduplicated total number of bed nights for all [ptext_people_1] served during the report period in this project type ({var01}), is greater than the sum of bed nights for AO, AC, [CO,] and UN (unclassifiable) households of the same population ({var1250_2}).","sum(var02,var03[,var04],var05) < var01",lc_c1_u[u]_h0_p[p]_r57,lc_c1_u[u]_h1_p[p]_r57,lc_c1_u[u]_h2_p[p]_r57,lc_c1_u[u]_h3_p[p]_r57,lc_c1_u[u]_h99_p[p]_r57,"var1250_1=abs(np.nansum([var02,var03,var04,var05]) - var01)","var1250_2=np.nansum([var02,var03,var04,var05])",,,,,,,,,p{50 53} .* p{50 53},n/a,n/a,n/a,n/a
1251,"LSACalculated: Sum of HHType AO, AC, CO, UN values < all HHs value; bed nights (project level)",Data Error,1,1,LSACalculated,"The unduplicated total number of bed nights for all [ptext_people_1] served during the report period in this project type ({var02}), is greater than the sum of bed nights for AO, AC, [CO,] and UN (unclassifiable) households of the same population ({var1251_2}).","sum(var03,var04[,var05],var06) < var02",projectid,lc_c1_u10_h0_p[p]_r57,lc_c1_u10_h1_p[p]_r57,lc_c1_u10_h2_p[p]_r57,lc_c1_u10_h3_p[p]_r57,lc_c1_u10_h99_p[p]_r57,projectname,"var1251_1=abs(np.nansum([var03,var04,var05,var06]) - var02)","var1251_2=np.nansum([var03,var04,var05,var06])",,,,,,,p{50 53} .* p{50 53},n/a,n/a,n/a,n/a
1252,"LSACalculated: Sum of HHType AO, AC, CO, UN values > all HHs value, and this difference is bigger within a particular subpopulation than it is in the overall population; people; quarterly PIT dates (project level)",Data Error,1,1,LSACalculated,"The unduplicated total number of [ptext_people_1], served in this project on [ctext], is less than the sum of these people reported for AO, AC, [CO,] and UN (unclassifiable). And, crucially, the level of overlap (i.e., the difference between the sum and the unduplicated count) is greater within this sub-population than in the overall population, which is impossible. Even if there were some clients simultaneously enrolled (erroneously) in this project multiple times (without an exit in between), in different household types, the overlap among people in a sub-population could not be greater than the overlap among all people. That means there is likely a programming error causing this result.","(sum(var03,var04[,var05],var06) > var02) & ((sum(var03,var04[,var05],var06) - var02) > (sum(var08,var09,var10,var11) - var07))",projectid,lc_c[c]_u10_h0_p[p]_r55,lc_c[c]_u10_h1_p[p]_r55,lc_c[c]_u10_h2_p[p]_r55,lc_c[c]_u10_h3_p[p]_r55,lc_c[c]_u10_h99_p[p]_r55,lc_c[c]_u10_h0_p0_r53,lc_c[c]_u10_h1_p0_r53,lc_c[c]_u10_h2_p0_r53,lc_c[c]_u10_h3_p0_r53,lc_c[c]_u10_h99_p0_r53,projectname,"var1252_1=abs(np.nansum([var03,var04,var05,var06]) - var02)","var1252_2=abs((np.nansum([var03,var04,var05,var06]) - var02) - (np.nansum([var08,var09,var10,var11]) - var07))",,p{50 53} .* p{50 53},c{10-13} .* c{10-13},n/a,n/a,n/a
1253,"LSACalculated: Sum of HHType AO, AC, CO, UN values > all HHs value, and this difference is bigger within a particular subpopulation than it is in the overall population; people; quarterly PIT dates (CoC level)",Data Error,1,1,LSACalculated,"[utext]: The unduplicated total number of [ptext_people_1], served in this project type on [ctext], is less than the sum of these people reported for [AO,] AC, [CO,] and UN (unclassifiable). And, crucially, the level of overlap (i.e., the difference between the sum and the unduplicated count) is greater within this sub-population than in the overall population, which is impossible. Even if there were some clients simultaneously enrolled in multiple [utext] projects and in different household types, the overlap among people in a sub-population could not be greater than the overlap among all people. That means there is likely a programming error causing this result.","(sum([var02,]var03[,var04],var05) > var01) & ((sum([var02,]var03[,var04],var05) - var01) > (sum(var07,var08,var09,var10) - var06))",lc_c[c]_u[u]_h0_p[p]_r55,lc_c[c]_u[u]_h1_p[p]_r55,lc_c[c]_u[u]_h2_p[p]_r55,lc_c[c]_u[u]_h3_p[p]_r55,lc_c[c]_u[u]_h99_p[p]_r55,lc_c[c]_u[u]_h0_p0_r53,lc_c[c]_u[u]_h1_p0_r53,lc_c[c]_u[u]_h2_p0_r53,lc_c[c]_u[u]_h3_p0_r53,lc_c[c]_u[u]_h99_p0_r53,"var1253_1=abs(np.nansum([var02,var03,var04,var05]) - var01)","var1253_2=abs((np.nansum([var02,var03,var04,var05]) - var01) - (np.nansum([var07,var08,var09,var10]) - var06))",,,,p{50 53 56-82 5053-5071} .* p{50 53 56-82 5053-5071},c{10-13} .* c{10-13},n/a,n/a,n/a
1254,LSAPerson File,Data Error,0,1,LSAPerson,"There is a discrepancy in your LSAPerson data. For adult only households in ES/SH/TH, you reported people in households WITH a chronically homeless adult or head of household, but you reported zero adults or heads of household who were actually, themselves, chronically homeless. This is not an issue that can be fixed by looking at your LSAPerson file because client-level information (like a personal ID) is not stored there. You may need vendor assistance to resolve this error.",est_ao_hch>0 & est_ao_ad_ch=0 & est_ao_ha_ch=0,est_ao_hch,est_ao_ad_ch,est_ao_ha_ch,,,,,,,,,,,,,,,,,
1255,LSAPerson File,Data Error,0,1,LSAPerson,"There is a discrepancy in your LSAPerson data. For adult only households in ES/SH/TH, you reported people in households WITH a veteran, but you reported zero people who were actually, themselves, veterans. This is not an issue that can be fixed by looking at your LSAPerson file because client-level information (like a personal ID) is not stored there. You may need vendor assistance to resolve this error.",est_ao_hvet>0 & est_ao_ad_vet=0,est_ao_hvet,est_ao_ad_vet,,,,,,,,,,,,,,,,,,
1256,LSAPerson File,Data Error,0,1,LSAPerson,"There is a discrepancy in your LSAPerson data. For adult only households in ES/SH/TH, you reported people in households WITH a disabled adult or head of household, but you reported zero adults or heads of household who were actually, themselves, disabled. This is not an issue that can be fixed by looking at your LSAPerson file because client-level information (like a personal ID) is not stored there. You may need vendor assistance to resolve this error.",est_ao_hdis>0 & est_ao_ad_dis=0 & est_ao_ha_dis=0,est_ao_hdis,est_ao_ad_dis,est_ao_ha_dis,,,,,,,,,,,,,,,,,
1257,LSAPerson File,Data Error,0,1,LSAPerson,"There is a discrepancy in your LSAPerson data. For adult only households in ES/SH/TH, you reported people in households WITH an adult or head of household fleeing DV, but you reported zero adults or heads of household who were actually, themselves, fleeing DV. This is not an issue that can be fixed by looking at your LSAPerson file because client-level information (like a personal ID) is not stored there. You may need vendor assistance to resolve this error.",est_ao_hfdv>0 & est_ao_ad_dv_fl=0 & est_ao_ha_dv_fl=0,est_ao_hfdv,est_ao_ad_dv_fl,est_ao_ha_dv_fl,,,,,,,,,,,,,,,,,
1258,LSAPerson File,Data Error,0,1,LSAPerson,"There is a discrepancy in your LSAPerson data. For adult child households in ES/SH/TH, you reported people in households WITH a chronically homeless adult or head of household, but you reported zero adults or heads of household who were actually, themselves, chronically homeless. This is not an issue that can be fixed by looking at your LSAPerson file because client-level information (like a personal ID) is not stored there. You may need vendor assistance to resolve this error.",est_ac_hch>0 & est_ac_ad_ch=0 & est_ac_ha_ch=0,est_ac_hch,est_ac_ad_ch,est_ac_ha_ch,,,,,,,,,,,,,,,,,
1259,LSAPerson File,Data Error,0,1,LSAPerson,"There is a discrepancy in your LSAPerson data. For adult child households in ES/SH/TH, you reported people in households WITH a veteran, but you reported zero people who were actually, themselves, veterans. This is not an issue that can be fixed by looking at your LSAPerson file because client-level information (like a personal ID) is not stored there. You may need vendor assistance to resolve this error.",est_ac_hvet>0 & est_ac_ad_vet=0,est_ac_hvet,est_ac_ad_vet,,,,,,,,,,,,,,,,,,
1260,LSAPerson File,Data Error,0,1,LSAPerson,"There is a discrepancy in your LSAPerson data. For adult child households in ES/SH/TH, you reported people in households WITH a disabled adult or head of household, but you reported zero adults or heads of household who were actually, themselves, disabled. This is not an issue that can be fixed by looking at your LSAPerson file because client-level information (like a personal ID) is not stored there. You may need vendor assistance to resolve this error.",est_ac_hdis>0 & est_ac_ad_dis=0 & est_ac_ha_dis=0,est_ac_hdis,est_ac_ad_dis,est_ac_ha_dis,,,,,,,,,,,,,,,,,
1261,LSAPerson File,Data Error,0,1,LSAPerson,"There is a discrepancy in your LSAPerson data. For adult child households in ES/SH/TH, you reported people in households WITH an adult or head of household fleeing DV, but you reported zero adults or heads of household who were actually, themselves, fleeing DV. This is not an issue that can be fixed by looking at your LSAPerson file because client-level information (like a personal ID) is not stored there. You may need vendor assistance to resolve this error.",est_ac_hfdv>0 & est_ac_ad_dv_fl=0 & est_ac_ha_dv_fl=0,est_ac_hfdv,est_ac_ad_dv_fl,est_ac_ha_dv_fl,,,,,,,,,,,,,,,,,
1262,LSAPerson File,Data Error,0,1,LSAPerson,"There is a discrepancy in your LSAPerson data. For child only households in ES/SH/TH, you reported people in households WITH a chronically homeless adult or head of household, but you reported zero adults or heads of household who were actually, themselves, chronically homeless. This is not an issue that can be fixed by looking at your LSAPerson file because client-level information (like a personal ID) is not stored there. You may need vendor assistance to resolve this error.",est_co_hch>0 & est_co_ha_ch=0,est_co_hch,est_co_ha_ch,,,,,,,,,,,,,,,,,,
1263,LSAPerson File,Data Error,0,1,LSAPerson,"There is a discrepancy in your LSAPerson data. For child only households in ES/SH/TH, you reported people in households WITH a disabled adult or head of household, but you reported zero adults or heads of household who were actually, themselves, disabled. This is not an issue that can be fixed by looking at your LSAPerson file because client-level information (like a personal ID) is not stored there. You may need vendor assistance to resolve this error.",est_co_hdis>0 & est_co_ha_dis=0,est_co_hdis,est_co_ha_dis,,,,,,,,,,,,,,,,,,
1264,LSAPerson File,Data Error,0,1,LSAPerson,"There is a discrepancy in your LSAPerson data. For child only households in ES/SH/TH, you reported people in households WITH an adult or head of household fleeing DV, but you reported zero adults or heads of household who were actually, themselves, fleeing DV. This is not an issue that can be fixed by looking at your LSAPerson file because client-level information (like a personal ID) is not stored there. You may need vendor assistance to resolve this error.",est_co_hfdv>0 & est_co_ha_dv_fl=0,est_co_hfdv,est_co_ha_dv_fl,,,,,,,,,,,,,,,,,,
1265,LSAPerson File,Data Error,0,1,LSAPerson,"There is a discrepancy in your LSAPerson data. For unclassifiable (UN) households in ES/SH/TH, you reported people in households WITH a chronically homeless adult or head of household, but you reported zero adults or heads of household who were actually, themselves, chronically homeless. This is not an issue that can be fixed by looking at your LSAPerson file because client-level information (like a personal ID) is not stored there. You may need vendor assistance to resolve this error.",est_un_hch>0 & est_un_ad_ch=0 & est_un_ha_ch=0,est_un_hch,est_un_ad_ch,est_un_ha_ch,,,,,,,,,,,,,,,,,
1266,LSAPerson File,Data Error,0,1,LSAPerson,"There is a discrepancy in your LSAPerson data. For unclassifiable (UN) households in ES/SH/TH, you reported people in households WITH a veteran, but you reported zero people who were actually, themselves, veterans. This is not an issue that can be fixed by looking at your LSAPerson file because client-level information (like a personal ID) is not stored there. You may need vendor assistance to resolve this error.",est_un_hvet>0 & est_un_ad_vet=0,est_un_hvet,est_un_ad_vet,,,,,,,,,,,,,,,,,,
1267,LSAPerson File,Data Error,0,1,LSAPerson,"There is a discrepancy in your LSAPerson data. For unclassifiable (UN) households in ES/SH/TH, you reported people in households WITH a disabled adult or head of household, but you reported zero adults or heads of household who were actually, themselves, disabled. This is not an issue that can be fixed by looking at your LSAPerson file because client-level information (like a personal ID) is not stored there. You may need vendor assistance to resolve this error.",est_un_hdis>0 & est_un_ad_dis=0 & est_un_ha_dis=0,est_un_hdis,est_un_ad_dis,est_un_ha_dis,,,,,,,,,,,,,,,,,
1268,LSAPerson File,Data Error,0,1,LSAPerson,"There is a discrepancy in your LSAPerson data. For unclassifiable (UN) households in ES/SH/TH, you reported people in households WITH an adult or head of household fleeing DV, but you reported zero adults or heads of household who were actually, themselves, fleeing DV. This is not an issue that can be fixed by looking at your LSAPerson file because client-level information (like a personal ID) is not stored there. You may need vendor assistance to resolve this error.",est_un_hfdv>0 & est_un_ad_dv_fl=0 & est_un_ha_dv_fl=0,est_un_hfdv,est_un_ad_dv_fl,est_un_ha_dv_fl,,,,,,,,,,,,,,,,,
1269,LSAPerson File,Data Error,0,1,LSAPerson,"There is a discrepancy in your LSAPerson data. For adult only households in RRH, you reported people in households WITH a chronically homeless adult or head of household, but you reported zero adults or heads of household who were actually, themselves, chronically homeless. This is not an issue that can be fixed by looking at your LSAPerson file because client-level information (like a personal ID) is not stored there. You may need vendor assistance to resolve this error.",rrh_ao_hch>0 & rrh_ao_ad_ch=0 & rrh_ao_ha_ch=0,rrh_ao_hch,rrh_ao_ad_ch,rrh_ao_ha_ch,,,,,,,,,,,,,,,,,
1270,LSAPerson File,Data Error,0,1,LSAPerson,"There is a discrepancy in your LSAPerson data. For adult only households in RRH, you reported people in households WITH a veteran, but you reported zero people who were actually, themselves, veterans. This is not an issue that can be fixed by looking at your LSAPerson file because client-level information (like a personal ID) is not stored there. You may need vendor assistance to resolve this error.",rrh_ao_hvet>0 & rrh_ao_ad_vet=0,rrh_ao_hvet,rrh_ao_ad_vet,,,,,,,,,,,,,,,,,,
1271,LSAPerson File,Data Error,0,1,LSAPerson,"There is a discrepancy in your LSAPerson data. For adult only households in RRH, you reported people in households WITH a disabled adult or head of household, but you reported zero adults or heads of household who were actually, themselves, disabled. This is not an issue that can be fixed by looking at your LSAPerson file because client-level information (like a personal ID) is not stored there. You may need vendor assistance to resolve this error.",rrh_ao_hdis>0 & rrh_ao_ad_dis=0 & rrh_ao_ha_dis=0,rrh_ao_hdis,rrh_ao_ad_dis,rrh_ao_ha_dis,,,,,,,,,,,,,,,,,
1272,LSAPerson File,Data Error,0,1,LSAPerson,"There is a discrepancy in your LSAPerson data. For adult only households in RRH, you reported people in households WITH an adult or head of household fleeing DV, but you reported zero adults or heads of household who were actually, themselves, fleeing DV. This is not an issue that can be fixed by looking at your LSAPerson file because client-level information (like a personal ID) is not stored there. You may need vendor assistance to resolve this error.",rrh_ao_hfdv>0 & rrh_ao_ad_dv_fl=0 & rrh_ao_ha_dv_fl=0,rrh_ao_hfdv,rrh_ao_ad_dv_fl,rrh_ao_ha_dv_fl,,,,,,,,,,,,,,,,,
1273,LSAPerson File,Data Error,0,1,LSAPerson,"There is a discrepancy in your LSAPerson data. For adult child households in RRH, you reported people in households WITH a chronically homeless adult or head of household, but you reported zero adults or heads of household who were actually, themselves, chronically homeless. This is not an issue that can be fixed by looking at your LSAPerson file because client-level information (like a personal ID) is not stored there. You may need vendor assistance to resolve this error.",rrh_ac_hch>0 & rrh_ac_ad_ch=0 & rrh_ac_ha_ch=0,rrh_ac_hch,rrh_ac_ad_ch,rrh_ac_ha_ch,,,,,,,,,,,,,,,,,
1274,LSAPerson File,Data Error,0,1,LSAPerson,"There is a discrepancy in your LSAPerson data. For adult child households in RRH, you reported people in households WITH a veteran, but you reported zero people who were actually, themselves, veterans. This is not an issue that can be fixed by looking at your LSAPerson file because client-level information (like a personal ID) is not stored there. You may need vendor assistance to resolve this error.",rrh_ac_hvet>0 & rrh_ac_ad_vet=0,rrh_ac_hvet,rrh_ac_ad_vet,,,,,,,,,,,,,,,,,,
1275,LSAPerson File,Data Error,0,1,LSAPerson,"There is a discrepancy in your LSAPerson data. For adult child households in RRH, you reported people in households WITH a disabled adult or head of household, but you reported zero adults or heads of household who were actually, themselves, disabled. This is not an issue that can be fixed by looking at your LSAPerson file because client-level information (like a personal ID) is not stored there. You may need vendor assistance to resolve this error.",rrh_ac_hdis>0 & rrh_ac_ad_dis=0 & rrh_ac_ha_dis=0,rrh_ac_hdis,rrh_ac_ad_dis,rrh_ac_ha_dis,,,,,,,,,,,,,,,,,
1276,LSAPerson File,Data Error,0,1,LSAPerson,"There is a discrepancy in your LSAPerson data. For adult child households in RRH, you reported people in households WITH an adult or head of household fleeing DV, but you reported zero adults or heads of household who were actually, themselves, fleeing DV. This is not an issue that can be fixed by looking at your LSAPerson file because client-level information (like a personal ID) is not stored there. You may need vendor assistance to resolve this error.",rrh_ac_hfdv>0 & rrh_ac_ad_dv_fl=0 & rrh_ac_ha_dv_fl=0,rrh_ac_hfdv,rrh_ac_ad_dv_fl,rrh_ac_ha_dv_fl,,,,,,,,,,,,,,,,,
1277,LSAPerson File,Data Error,0,1,LSAPerson,"There is a discrepancy in your LSAPerson data. For child only households in RRH, you reported people in households WITH a chronically homeless adult or head of household, but you reported zero adults or heads of household who were actually, themselves, chronically homeless. This is not an issue that can be fixed by looking at your LSAPerson file because client-level information (like a personal ID) is not stored there. You may need vendor assistance to resolve this error.",rrh_co_hch>0 & rrh_co_ha_ch=0,rrh_co_hch,rrh_co_ha_ch,,,,,,,,,,,,,,,,,,
1278,LSAPerson File,Data Error,0,1,LSAPerson,"There is a discrepancy in your LSAPerson data. For child only households in RRH, you reported people in households WITH a disabled adult or head of household, but you reported zero adults or heads of household who were actually, themselves, disabled. This is not an issue that can be fixed by looking at your LSAPerson file because client-level information (like a personal ID) is not stored there. You may need vendor assistance to resolve this error.",rrh_co_hdis>0 & rrh_co_ha_dis=0,rrh_co_hdis,rrh_co_ha_dis,,,,,,,,,,,,,,,,,,
1279,LSAPerson File,Data Error,0,1,LSAPerson,"There is a discrepancy in your LSAPerson data. For child only households in RRH, you reported people in households WITH an adult or head of household fleeing DV, but you reported zero adults or heads of household who were actually, themselves, fleeing DV. This is not an issue that can be fixed by looking at your LSAPerson file because client-level information (like a personal ID) is not stored there. You may need vendor assistance to resolve this error.",rrh_co_hfdv>0 & rrh_co_ha_dv_fl=0,rrh_co_hfdv,rrh_co_ha_dv_fl,,,,,,,,,,,,,,,,,,
1280,LSAPerson File,Data Error,0,1,LSAPerson,"There is a discrepancy in your LSAPerson data. For unclassifiable (UN) households in RRH, you reported people in households WITH a chronically homeless adult or head of household, but you reported zero adults or heads of household who were actually, themselves, chronically homeless. This is not an issue that can be fixed by looking at your LSAPerson file because client-level information (like a personal ID) is not stored there. You may need vendor assistance to resolve this error.",rrh_un_hch>0 & rrh_un_ad_ch=0 & rrh_un_ha_ch=0,rrh_un_hch,rrh_un_ad_ch,rrh_un_ha_ch,,,,,,,,,,,,,,,,,
1281,LSAPerson File,Data Error,0,1,LSAPerson,"There is a discrepancy in your LSAPerson data. For unclassifiable (UN) households in RRH, you reported people in households WITH a veteran, but you reported zero people who were actually, themselves, veterans. This is not an issue that can be fixed by looking at your LSAPerson file because client-level information (like a personal ID) is not stored there. You may need vendor assistance to resolve this error.",rrh_un_hvet>0 & rrh_un_ad_vet=0,rrh_un_hvet,rrh_un_ad_vet,,,,,,,,,,,,,,,,,,
1282,LSAPerson File,Data Error,0,1,LSAPerson,"There is a discrepancy in your LSAPerson data. For unclassifiable (UN) households in RRH, you reported people in households WITH a disabled adult or head of household, but you reported zero adults or heads of household who were actually, themselves, disabled. This is not an issue that can be fixed by looking at your LSAPerson file because client-level information (like a personal ID) is not stored there. You may need vendor assistance to resolve this error.",rrh_un_hdis>0 & rrh_un_ad_dis=0 & rrh_un_ha_dis=0,rrh_un_hdis,rrh_un_ad_dis,rrh_un_ha_dis,,,,,,,,,,,,,,,,,
1283,LSAPerson File,Data Error,0,1,LSAPerson,"There is a discrepancy in your LSAPerson data. For unclassifiable (UN) households in RRH, you reported people in households WITH an adult or head of household fleeing DV, but you reported zero adults or heads of household who were actually, themselves, fleeing DV. This is not an issue that can be fixed by looking at your LSAPerson file because client-level information (like a personal ID) is not stored there. You may need vendor assistance to resolve this error.",rrh_un_hfdv>0 & rrh_un_ad_dv_fl=0 & rrh_un_ha_dv_fl=0,rrh_un_hfdv,rrh_un_ad_dv_fl,rrh_un_ha_dv_fl,,,,,,,,,,,,,,,,,
1284,LSAPerson File,Data Error,0,1,LSAPerson,"There is a discrepancy in your LSAPerson data. For adult only households in PSH, you reported people in households WITH a chronically homeless adult or head of household, but you reported zero adults or heads of household who were actually, themselves, chronically homeless. This is not an issue that can be fixed by looking at your LSAPerson file because client-level information (like a personal ID) is not stored there. You may need vendor assistance to resolve this error.",psh_ao_hch>0 & psh_ao_ad_ch=0 & psh_ao_ha_ch=0,psh_ao_hch,psh_ao_ad_ch,psh_ao_ha_ch,,,,,,,,,,,,,,,,,
1285,LSAPerson File,Data Error,0,1,LSAPerson,"There is a discrepancy in your LSAPerson data. For adult only households in PSH, you reported people in households WITH a veteran, but you reported zero people who were actually, themselves, veterans. This is not an issue that can be fixed by looking at your LSAPerson file because client-level information (like a personal ID) is not stored there. You may need vendor assistance to resolve this error.",psh_ao_hvet>0 & psh_ao_ad_vet=0,psh_ao_hvet,psh_ao_ad_vet,,,,,,,,,,,,,,,,,,
1286,LSAPerson File,Data Error,0,1,LSAPerson,"There is a discrepancy in your LSAPerson data. For adult only households in PSH, you reported people in households WITH a disabled adult or head of household, but you reported zero adults or heads of household who were actually, themselves, disabled. This is not an issue that can be fixed by looking at your LSAPerson file because client-level information (like a personal ID) is not stored there. You may need vendor assistance to resolve this error.",psh_ao_hdis>0 & psh_ao_ad_dis=0 & psh_ao_ha_dis=0,psh_ao_hdis,psh_ao_ad_dis,psh_ao_ha_dis,,,,,,,,,,,,,,,,,
1287,LSAPerson File,Data Error,0,1,LSAPerson,"There is a discrepancy in your LSAPerson data. For adult only households in PSH, you reported people in households WITH an adult or head of household fleeing DV, but you reported zero adults or heads of household who were actually, themselves, fleeing DV. This is not an issue that can be fixed by looking at your LSAPerson file because client-level information (like a personal ID) is not stored there. You may need vendor assistance to resolve this error.",psh_ao_hfdv>0 & psh_ao_ad_dv_fl=0 & psh_ao_ha_dv_fl=0,psh_ao_hfdv,psh_ao_ad_dv_fl,psh_ao_ha_dv_fl,,,,,,,,,,,,,,,,,
1288,LSAPerson File,Data Error,0,1,LSAPerson,"There is a discrepancy in your LSAPerson data. For adult child households in PSH, you reported people in households WITH a chronically homeless adult or head of household, but you reported zero adults or heads of household who were actually, themselves, chronically homeless. This is not an issue that can be fixed by looking at your LSAPerson file because client-level information (like a personal ID) is not stored there. You may need vendor assistance to resolve this error.",psh_ac_hch>0 & psh_ac_ad_ch=0 & psh_ac_ha_ch=0,psh_ac_hch,psh_ac_ad_ch,psh_ac_ha_ch,,,,,,,,,,,,,,,,,
1289,LSAPerson File,Data Error,0,1,LSAPerson,"There is a discrepancy in your LSAPerson data. For adult child households in PSH, you reported people in households WITH a veteran, but you reported zero people who were actually, themselves, veterans. This is not an issue that can be fixed by looking at your LSAPerson file because client-level information (like a personal ID) is not stored there. You may need vendor assistance to resolve this error.",psh_ac_hvet>0 & psh_ac_ad_vet=0,psh_ac_hvet,psh_ac_ad_vet,,,,,,,,,,,,,,,,,,
1290,LSAPerson File,Data Error,0,1,LSAPerson,"There is a discrepancy in your LSAPerson data. For adult child households in PSH, you reported people in households WITH a disabled adult or head of household, but you reported zero adults or heads of household who were actually, themselves, disabled. This is not an issue that can be fixed by looking at your LSAPerson file because client-level information (like a personal ID) is not stored there. You may need vendor assistance to resolve this error.",psh_ac_hdis>0 & psh_ac_ad_dis=0 & psh_ac_ha_dis=0,psh_ac_hdis,psh_ac_ad_dis,psh_ac_ha_dis,,,,,,,,,,,,,,,,,
1291,LSAPerson File,Data Error,0,1,LSAPerson,"There is a discrepancy in your LSAPerson data. For adult child households in PSH, you reported people in households WITH an adult or head of household fleeing DV, but you reported zero adults or heads of household who were actually, themselves, fleeing DV. This is not an issue that can be fixed by looking at your LSAPerson file because client-level information (like a personal ID) is not stored there. You may need vendor assistance to resolve this error.",psh_ac_hfdv>0 & psh_ac_ad_dv_fl=0 & psh_ac_ha_dv_fl=0,psh_ac_hfdv,psh_ac_ad_dv_fl,psh_ac_ha_dv_fl,,,,,,,,,,,,,,,,,
1292,LSAPerson File,Data Error,0,1,LSAPerson,"There is a discrepancy in your LSAPerson data. For child only households in PSH, you reported people in households WITH a chronically homeless adult or head of household, but you reported zero adults or heads of household who were actually, themselves, chronically homeless. This is not an issue that can be fixed by looking at your LSAPerson file because client-level information (like a personal ID) is not stored there. You may need vendor assistance to resolve this error.",psh_co_hch>0 & psh_co_ha_ch=0,psh_co_hch,psh_co_ha_ch,,,,,,,,,,,,,,,,,,
1293,LSAPerson File,Data Error,0,1,LSAPerson,"There is a discrepancy in your LSAPerson data. For child only households in PSH, you reported people in households WITH a disabled adult or head of household, but you reported zero adults or heads of household who were actually, themselves, disabled. This is not an issue that can be fixed by looking at your LSAPerson file because client-level information (like a personal ID) is not stored there. You may need vendor assistance to resolve this error.",psh_co_hdis>0 & psh_co_ha_dis=0,psh_co_hdis,psh_co_ha_dis,,,,,,,,,,,,,,,,,,
1294,LSAPerson File,Data Error,0,1,LSAPerson,"There is a discrepancy in your LSAPerson data. For child only households in PSH, you reported people in households WITH an adult or head of household fleeing DV, but you reported zero adults or heads of household who were actually, themselves, fleeing DV. This is not an issue that can be fixed by looking at your LSAPerson file because client-level information (like a personal ID) is not stored there. You may need vendor assistance to resolve this error.",psh_co_hfdv>0 & psh_co_ha_dv_fl=0,psh_co_hfdv,psh_co_ha_dv_fl,,,,,,,,,,,,,,,,,,
1295,LSAPerson File,Data Error,0,1,LSAPerson,"There is a discrepancy in your LSAPerson data. For unclassifiable (UN) households in PSH, you reported people in households WITH a chronically homeless adult or head of household, but you reported zero adults or heads of household who were actually, themselves, chronically homeless. This is not an issue that can be fixed by looking at your LSAPerson file because client-level information (like a personal ID) is not stored there. You may need vendor assistance to resolve this error.",psh_un_hch>0 & psh_un_ad_ch=0 & psh_un_ha_ch=0,psh_un_hch,psh_un_ad_ch,psh_un_ha_ch,,,,,,,,,,,,,,,,,
1296,LSAPerson File,Data Error,0,1,LSAPerson,"There is a discrepancy in your LSAPerson data. For unclassifiable (UN) households in PSH, you reported people in households WITH a veteran, but you reported zero people who were actually, themselves, veterans. This is not an issue that can be fixed by looking at your LSAPerson file because client-level information (like a personal ID) is not stored there. You may need vendor assistance to resolve this error.",psh_un_hvet>0 & psh_un_ad_vet=0,psh_un_hvet,psh_un_ad_vet,,,,,,,,,,,,,,,,,,
1297,LSAPerson File,Data Error,0,1,LSAPerson,"There is a discrepancy in your LSAPerson data. For unclassifiable (UN) households in PSH, you reported people in households WITH a disabled adult or head of household, but you reported zero adults or heads of household who were actually, themselves, disabled. This is not an issue that can be fixed by looking at your LSAPerson file because client-level information (like a personal ID) is not stored there. You may need vendor assistance to resolve this error.",psh_un_hdis>0 & psh_un_ad_dis=0 & psh_un_ha_dis=0,psh_un_hdis,psh_un_ad_dis,psh_un_ha_dis,,,,,,,,,,,,,,,,,
1298,LSAPerson File,Data Error,0,1,LSAPerson,"There is a discrepancy in your LSAPerson data. For unclassifiable (UN) households in PSH, you reported people in households WITH an adult or head of household fleeing DV, but you reported zero adults or heads of household who were actually, themselves, fleeing DV. This is not an issue that can be fixed by looking at your LSAPerson file because client-level information (like a personal ID) is not stored there. You may need vendor assistance to resolve this error.",psh_un_hfdv>0 & psh_un_ad_dv_fl=0 & psh_un_ha_dv_fl=0,psh_un_hfdv,psh_un_ad_dv_fl,psh_un_ha_dv_fl,,,,,,,,,,,,,,,,,
1299,Funding Source vs. Project Type,Warning,0,0,Funder,"You reported that this project received ESG-CV funding. If so, the project type should be ES, RRH. This could also be a TH project, but only if it is a ""legacy"" project.","fund_mckv_esg_cv=1 & projecttype not in(0,1,13) & continuumproject=1",projectid,projecttype,ids_mckv_esg_cv,dts_mckv_esg_cv,fund_mckv_esg_cv,continuumproject,,,,,,,,,,,,,,
1300,LSACalculated File,Upload Error,0,1,LSACalculated,"Since your LSACalculated file has a row with the value [value1] in the ReportRow column, you must also have at least one row where the value of ReportRow is [value2_text].",reportrow1_count > 0 & reportrow2_count = 0,reportrow1_description,reportrow2_description,reportrow1_count,reportrow2_count,,,,,,,,,,,,,,,,
1301,LSACalculated File,Upload Error,0,1,LSACalculated,"Since your LSACalculated file has a row with a value [value1] in the Population column, you must also have at least one row where the value of Population is [value2_text].",population1_count > 0 & population2_count = 0,population1_description,population2_description,population1_count,population2_count,,,,,,,,,,,,,,,,
1302,No Data,Upload Error,0,0,Organization,There is no data in your Organization file. Please check to see if this is correct.,any_organization=0,,,,,,,,,,,,,,,,,,,,
1303,No Data,Upload Error,0,0,Project,There is no data in your Project file. Please check to see if this is correct.,any_project=0,,,,,,,,,,,,,,,,,,,,
1304,No Data,Upload Error,0,0,Inventory,There is no data in your Inventory file. Please check to see if this is correct.,any_inventory=0,,,,,,,,,,,,,,,,,,,,
1305,No Data,Upload Error,0,0,Funder,There is no data in your Funder file. Please check to see if this is correct.,any_funder=0,,,,,,,,,,,,,,,,,,,,
1306,No Data,Upload Error,0,0,ProjectCoC,There is no data in your ProjectCoC file. Please check to see if this is correct.,any_projectcoc=0,,,,,,,,,,,,,,,,,,,,
1307,Data Completeness and Overall Quality,Warning,0,0,LSAReport,"You have a high percentage of clients with unknown, invalid, or duplicate Social Security Numbers (among all clients served during the report period). This makes de-duplicating clients difficult and may cause your total client counts to be larger than they really are. Please (a) check whether this high percentage is correct, (b) let us know if this number can be improved, and (c) give us your assessment of the quality of de-duplication in your HMIS.",pct_ssn_issues>=0.25 & ssn_issues<=unduplicatedclient & unduplicatedclient>0,pct_ssn_issues,ssnnotprovided,ssnmissingorinvalid,clientssnnotunique,unduplicatedclient,ssn_issues,,,,,,,,,,,,,,
1308,LSAReport File,Data Error,0,1,LSAReport,"The LSAReport field SSNNotProvided, which counts the number of clients that either did not know or preferred not to provide a Social Security Number, among all clients served during the report period, cannot be greater than the total number of clients served in the report period (UnduplicatedClient). In your LSAReport file, the SSNNotProvided field is greater than the UnduplicatedClient field by {var610_1}.",ssnnotprovided>unduplicatedclient,ssnnotprovided,unduplicatedclient,var610_1=abs(ssnnotprovided-unduplicatedclient),,,,,,,,,,,,,,,,,
1309,LSAReport File,Data Error,0,1,LSAReport,"The LSAReport field SSNMissingOrInvalid, which counts the number of clients with missing or invalid Social Security Numbers (not including cases where they responded that they did not know their SSN or preferred not to provide it), among all clients served during the report period, cannot be greater than the total number of clients served in the report period (UnduplicatedClient). In your LSAReport file, the SSNMissingOrInvalid field is greater than the UnduplicatedClient field by {var611_1}.",ssnmissingorinvalid>unduplicatedclient,ssnmissingorinvalid,unduplicatedclient,var611_1=abs(ssnmissingorinvalid-unduplicatedclient),,,,,,,,,,,,,,,,,
1310,LSAReport File,Data Error,0,1,LSAReport,"The LSAReport field ClientSSNNotUnique, which counts the number of clients with duplicate Social Security Numbers (i.e., the same SSNs also reported by other clients), among all clients served during the report period, cannot be greater than the total number of clients served in the report period (UnduplicatedClient). In your LSAReport file, the ClientSSNNotUnique field is greater than the UnduplicatedClient field by {var612_1}.",clientssnnotunique>unduplicatedclient,clientssnnotunique,unduplicatedclient,var612_1=abs(clientssnnotunique-unduplicatedclient),,,,,,,,,,,,,,,,,
1311,LSAReport File,Data Error,0,1,LSAReport,"The sum of the LSAReport fields, SSNNotProvided, SSNMissingOrInvalid, and ClientSSNNotUnique, which together count the number of clients with unknown, invalid, or duplicate Social Security Numbers, among all clients served during the report period, cannot be greater than the total number of clients served in the report period (UnduplicatedClient). In your LSAReport file, the sum of the LSAReport fields, SSNNotProvided, SSNMissingOrInvalid, and ClientSSNNotUnique fields is greater than the UnduplicatedClient field by {var613_1}.","sum(ssnnotprovided,ssnmissingorinvalid,clientssnnotunique)>unduplicatedclient & max(ssnnotprovided,ssnmissingorinvalid,clientssnnotunique)<=unduplicatedclient",ssnnotprovided,ssnmissingorinvalid,clientssnnotunique,unduplicatedclient,"var613_1=abs(sum(ssnnotprovided,ssnmissingorinvalid,clientssnnotunique)-unduplicatedclient)","var613_2=abs(max(ssnnotprovided,ssnmissingorinvalid,clientssnnotunique)-unduplicatedclient)",,,,,,,,,,,,,,
1312,LSAReport File,Data Error,0,1,LSAReport,"The LSAReport field DistinctSSNValueNotUnique, which counts the number of distinct Social Security Numbers that are shared by multiple clients, among all clients served during the report period, cannot be greater than the total number of clients served in the report period (UnduplicatedClient). (Note that DistincSSNValueNotUnique is a count of distinct SSNs, not a count of distinct clients. It should still be lower than the total number of clients since the SSN should be pulled from the client-level HMIS data, so there can be no more than one SSN per client. DistinctSSNValueNotUnique is counting distinct SSNs where there is more than one client per SSN in the CoC's data.)",distinctssnvaluenotunique>unduplicatedclient,distinctssnvaluenotunique,unduplicatedclient,var614_1=abs(distinctssnvaluenotunique-unduplicatedclient),,,,,,,,,,,,,,,,,
1314,LSAReport vs. LSACalculated,Data Error,1,1,LSAReport and LSACalculated,"You reported more cases of missing client locations in your LSACalculated data file in ReportRow 905 ({lc_c1_u10_h0_p0_r905_sm}) than in the NoCoC field of your LSAReport data file ({nococ}). We flagged this because the difference is greater than five cases. In the LSACalculated data file, ReportRow 905 counts active households in a continuum project during the report period whose enrollment(s) are missing the client location data element for the Head of Household.",lc_c1_u10_h0_p0_r905_sm - nococ >= 5,lc_c1_u10_h0_p0_r905_sm,nococ,,,,,,,,,,,,,,,,,,
1315,Project File,Data Error,0,1,Project,There should be no records in Project.csv where the OperatingEndDate for a project is less than {reportstart_offset_7years}. This is an issue for project ID {projectid}.,operatingenddate < reportstart_offset_7years & not missing(operatingenddate),projectid,reportstart,operatingenddate,reportstart_offset_7years,,,,,,,,,,,,,,,,
1316,LSACalculated File,Data Error,0,1,LSACalculated,"In your LSA data, {projectname}, has reported {var1316_1} more enrollments among adults and heads of household served during the report period than total number of enrollments among all clients served during the report period. Within a project, the number of enrollments among adults and heads of household served during the report period cannot be greater than the total number of enrollments among all clients served during the report period. You may need vendor assistance to resolve this error.",var02 > var03,projectid,lc_c1_u10_h0_p0_r911,lc_c1_u10_h0_p0_r910,projectname,var1316_1=abs(var02 - var03),,,,,,,,,,,,,,,
1317,LSACalculated File,Data Error,0,1,LSACalculated,"In your LSA data, {projectname}, has reported {var1317_1} more exits in the report period among all clients than the total number of enrollments among all clients served during the report period. Within a project, the number of exits in the report period among all clients cannot be greater than the total number of enrollments among all clients served during the report period. You may need vendor assistance to resolve this error.",var02 > var03,projectid,lc_c1_u10_h0_p0_r912,lc_c1_u10_h0_p0_r910,projectname,var1317_1=abs(var02 - var03),,,,,,,,,,,,,,,
1318,LSACalculated File,Data Error,0,1,LSACalculated,"In your LSA data, {projectname}, has reported {var1318_1} more household enrollments among all clients served during the report period than the total number of enrollments among all clients served during the report period. Within a project, the number of household enrollments among all clients served during the report period cannot be greater than the total number of enrollments among all clients served during the report period. You may need vendor assistance to resolve this error.",var02 > var03,projectid,lc_c1_u10_h0_p0_r909,lc_c1_u10_h0_p0_r910,projectname,var1318_1=abs(var02 - var03),,,,,,,,,,,,,,,
1319,LSACalculated File,Data Error,0,1,LSACalculated,"In your LSA data, {projectname}, has reported {var1319_1} more household enrollments among all clients served during the report period than the total number of enrollments among adults and heads of household served during the report period. Within a project, the number of household enrollments among all clients served during the report period cannot be greater than the total number of enrollments among adults and heads of household served during the report period. You may need vendor assistance to resolve this error.",var02 > var03,projectid,lc_c1_u10_h0_p0_r909,lc_c1_u10_h0_p0_r911,projectname,var1319_1=abs(var02 - var03),,,,,,,,,,,,,,,
1320,LSACalculated File,Data Error,0,1,LSACalculated,"In your LSA data, {projectname}, has reported {var1320_1} more enrollments active during the report period with an unknown value for relationship to head of household than the total number of enrollments active during the report period. Within a project, the number of enrollments active during the report period with an unknown value for relationship to head of household cannot be greater than the total number of enrollments active during the report period. You may need vendor assistance to resolve this error.",var02 > var03,projectid,lc_c1_u10_h0_p0_r908,lc_c1_u10_h0_p0_r910,projectname,var1320_1=abs(var02 - var03),,,,,,,,,,,,,,,
1321,LSACalculated File,Data Error,0,1,LSACalculated,"In your LSA data, {projectname}, has reported {var1321_1} more enrollments active during the report period with an unknown status for disabling condition than the total number of enrollments active during the report period. Within a project, the number of enrollments active during the report period with an unknown status for disabling condition cannot be greater than the total number of enrollments active during the report period. You may need vendor assistance to resolve this error.",var02 > var03,projectid,lc_c1_u10_h0_p0_r913,lc_c1_u10_h0_p0_r910,projectname,var1321_1=abs(var02 - var03),,,,,,,,,,,,,,,
1322,LSACalculated File,Data Error,0,1,LSACalculated,"In your LSA data, {projectname}, has reported {var1322_1} more enrollments active during the report period with an unknown prior living situation among adults and heads of household than the total number of enrollments active during the report period among adults and heads of household. Within a project, the number of enrollments active during the report period with an unknown prior living situation among adults and heads of household cannot be greater than the total number of enrollments active during the report period among adults and heads of household. You may need vendor assistance to resolve this error.",var02 > var03,projectid,lc_c1_u10_h0_p0_r914,lc_c1_u10_h0_p0_r911,projectname,var1322_1=abs(var02 - var03),,,,,,,,,,,,,,,
1323,LSACalculated File,Data Error,0,1,LSACalculated,"In your LSA data, {projectname}, has reported {var1323_1} more enrollments active during the report period with an unknown length of stay for their prior living situation among adults and heads of household than the total number of enrollments active during the report period among adults and heads of household. Within a project, the number of enrollments active during the report period with an unknown length of stay for their prior living situation among adults and heads of household cannot be greater than the total number of enrollments active during the report period among adults and heads of household. You may need vendor assistance to resolve this error.",var02 > var03,projectid,lc_c1_u10_h0_p0_r915,lc_c1_u10_h0_p0_r911,projectname,var1323_1=abs(var02 - var03),,,,,,,,,,,,,,,
1324,LSACalculated File,Data Error,0,1,LSACalculated,"In your LSA data, {projectname}, has reported {var1324_1} more enrollments without a valid DateToStreetESSH among adults and heads of household than the total number of enrollments active during the report period among adults and heads of household. Within a project, the number of enrollments active during the report period without a valid DateToStreetESSH among adults and heads of household cannot be greater than the total number of enrollments active during the report period among adults and heads of household. You may need vendor assistance to resolve this error.",var02 > var03,projectid,lc_c1_u10_h0_p0_r916,lc_c1_u10_h0_p0_r911,projectname,var1324_1=abs(var02 - var03),,,,,,,,,,,,,,,
1325,LSACalculated File,Data Error,0,1,LSACalculated,"In your LSA data, {projectname}, has reported {var1325_1} more enrollments with an unknown number of times homeless among adults and heads of household than the total number of enrollments active during the report period among adults and heads of household. Within a project, the number of enrollments active during the report period with an unknown number of times homeless among adults and heads of household cannot be greater than the total number of enrollments active during the report period among adults and heads of household. You may need vendor assistance to resolve this error.",var02 > var03,projectid,lc_c1_u10_h0_p0_r917,lc_c1_u10_h0_p0_r911,projectname,var1325_1=abs(var02 - var03),,,,,,,,,,,,,,,
1326,LSACalculated File,Data Error,0,1,LSACalculated,"In your LSA data, {projectname}, has reported {var1326_1} more enrollments with an unknown number of months homeless among adults and heads of household than the total number of enrollments active during the report period among adults and heads of household. Within a project, the number of enrollments active during the report period with an unknown number of months homeless among adults and heads of household cannot be greater than the total number of enrollments active during the report period among adults and heads of household. You may need vendor assistance to resolve this error.",var02 > var03,projectid,lc_c1_u10_h0_p0_r918,lc_c1_u10_h0_p0_r911,projectname,var1326_1=abs(var02 - var03),,,,,,,,,,,,,,,
1327,LSACalculated File,Data Error,0,1,LSACalculated,"In your LSA data, {projectname}, has reported {var1327_1} more enrollments with an exit in the report period where the destination was unknown than the total number of enrollments with an exit in the report period. Within a project, the number of enrollments with an exit in the report period where the destination was unknown cannot be greater than the total number of enrollments with an exit in the report period. You may need vendor assistance to resolve this error.",var02 > var03,projectid,lc_c1_u10_h0_p0_r919,lc_c1_u10_h0_p0_r912,projectname,var1327_1=abs(var02 - var03),,,,,,,,,,,,,,,
1328,LSACalculated File,Data Error,0,1,LSACalculated,"In your LSA data, {projectname}, has reported {var1328_1} more enrollments where there was no designated head of household or where there was more than one designated head of household than the total number of household enrollments active during the report period. Within a project, the number of household enrollments active during the report period where there was no designated head of household or where there was more than one designated head of household cannot be greater than the total number of household enrollments active during the report period. You may need vendor assistance to resolve this error.",var02 > var03,projectid,lc_c1_u10_h0_p0_r907,lc_c1_u10_h0_p0_r909,projectname,var1328_1=abs(var02 - var03),,,,,,,,,,,,,,,
1329,LSACalculated File,Data Error,1,1,LSACalculated,There are {var02} head of household issues in the data for project {projectname}. Each distinct HouseholdID must have one and only one client identified as the head of household. The LSACalculated row listed below counts the number of household enrollments (distinct HouseholdIDs) active during the report period where there was no designated head of household or where there was more than one designated head of household. This row must equal zero for official CoC submissions to HUD.,var02 > 5,projectid,lc_c1_u10_h0_p0_r907,projectname,,,,,,,,,,,,,,,,,
1330,LSAPerson File,Data Error,0,1,LSAPerson,"In the LSAPerson file, SMI should equal -1 (not applicable) for people who are not adults. Row {row_num} in your LSAPerson file violates this rule.","SMI~=-1 & max(adultest,adultrrh,adultpsh)=-1 & rrhsoagemax<18",row_num,smi,adultest,adultrrh,adultpsh,rrhsoagemax,,,,,,,,,,,,,,
1331,LSAPerson File,Data Error,0,1,LSAPerson,"In the LSAPerson file, SMI should NOT equal -1 (not applicable) for people who are adults. Row {row_num} in your LSAPerson file violates this rule.","SMI=-1 & max(airadultest,airadultrrh,airadultpsh)>-1",row_num,smi,airadultest,airadultrrh,airadultpsh,rrhsoagemin,,,,,,,,,,,,,,
1332,LSAPerson File,Data Error,0,1,LSAPerson,"In the LSAPerson file, SUD should equal -1 (not applicable) for people who are not adults. Row {row_num} in your LSAPerson file violates this rule.","SUD~=-1 & max(adultest,adultrrh,adultpsh)=-1 & rrhsoagemax<18",row_num,sud,adultest,adultrrh,adultpsh,rrhsoagemax,,,,,,,,,,,,,,
1333,LSAPerson File,Data Error,0,1,LSAPerson,"In the LSAPerson file, SUD should NOT equal -1 (not applicable) for people who are adults. Row {row_num} in your LSAPerson file violates this rule.","SUD=-1 & max(airadultest,airadultrrh,airadultpsh)>-1",row_num,sud,airadultest,airadultrrh,airadultpsh,rrhsoagemin,,,,,,,,,,,,,,
1334,LSAPerson File,Data Error,0,1,LSAPerson,"In the LSAPerson file, HIV should equal -1 (not applicable) for people who are not adults. Row {row_num} in your LSAPerson file violates this rule.","HIV~=-1 & max(adultest,adultrrh,adultpsh)=-1 & rrhsoagemax<18",row_num,hiv,adultest,adultrrh,adultpsh,rrhsoagemax,,,,,,,,,,,,,,
1335,LSAPerson File,Data Error,0,1,LSAPerson,"In the LSAPerson file, HIV should NOT equal -1 (not applicable) for people who are adults. Row {row_num} in your LSAPerson file violates this rule.","HIV=-1 & max(airadultest,airadultrrh,airadultpsh)>-1",row_num,hiv,airadultest,airadultrrh,airadultpsh,rrhsoagemin,,,,,,,,,,,,,,
1336,HMISParticipation File,Data Error,0,0,HMISParticipation,This project record has either an invalid date format or a missing value for the HMIS participation status start date. The start date for this record ({HMISParticipationStatusStartDate}) must be in yyyy?mm?dd format.,"prxmatch('/^\d{4}-\d{2}-\d{2}$/',strip(hmisparticipationstatusstartdate))=0 | missing(input(hmisparticipationstatusstartdate,yymmdd10.)) | missing(hmisparticipationstatusstartdate)",HMISParticipationStatusStartDate,projectid,,,,,,,,,,,,,,,,,,
1337,HMISParticipation File,Data Error,0,0,HMISParticipation,This project record has an invalid date format for the HMIS participation status end date. The end date for this record ({HMISParticipationStatusEndDate}) must be in yyyy?mm?dd format.,"(prxmatch('/^\d{4}-\d{2}-\d{2}$/',strip(hmisparticipationstatusenddate))=0 | missing(input(hmisparticipationstatusenddate,yymmdd10.))) & not missing(hmisparticipationstatusenddate)",HMISParticipationStatusEndDate,projectid,,,,,,,,,,,,,,,,,,
1339,Inventory File,Data Error,0,0,Inventory,"The Rapid Re-Housing: Services Only project with ProjectID {projectid} has bed and unit inventory that appears in your Inventory file. Per the guidance found in the FY 2024 HMIS Data Standards section 2.07 Bed and Unit Inventory Information, projects typed as Rapid Re-Housing: Services Only should not have inventory. Please remove the inventory record(s) associated with this project in your HMIS to resolve this error.",rrh_so=1,projectid,inventoryid,rrh_so,,,,,,,,,,,,,,,,,
1340,No Data,Data Error,1,0,Affiliation,"There is no data in your Affiliation file, but you have a value of 1 in the ResidentialAffiliation field of your Project file. Please check to see if this is correct.",any_affiliation=0 & residentialaffiliation=1,,,,,,,,,,,,,,,,,,,,
1341,Funding Source vs. Project Type,Data Error,0,0,Funder,"You reported that this project received ESG Rapid Unsheltered Survivor Housing (ESG-RUSH) funding. If so, the project should be classified as ES, TH, or RRH.","fund_esg_rush=1 & projecttype not in(0,1,2,13) & continuumproject=1",projectid,projecttype,ids_esg_rush,dts_esg_rush,fund_esg_rush,continuumproject,,,,,,,,,,,,,,
1342,Funding Source vs. Project Type,Data Error,0,0,Funder,"You reported that this project received Unsheltered Special NOFO funding. If so, the project should be classified as TH, RRH, or PSH.","fund_us_nofo=1 & projecttype not in(2,3,13) & continuumproject=1",projectid,projecttype,ids_us_nofo,dts_us_nofo,fund_us_nofo,continuumproject,,,,,,,,,,,,,,
1343,Funding Source vs. Project Type,Data Error,0,0,Funder,"You reported that this project received Rural Special NOFO. If so, the project should be classified as ES, TH, RRH, or PSH.","fund_rs_nofo=1 & projecttype not in(0,1,2,3,13) & continuumproject=1",projectid,projecttype,ids_rs_nofo,dts_rs_nofo,fund_rs_nofo,continuumproject,,,,,,,,,,,,,,
1344,Geography,Data Error,0,0,ProjectCoC,The geocode {geocode} for {projectname} is unrecognized. It may be invalid or out of date.,"prxmatch('/^\d{6}$/',strip(geocode))=1 & mod(input(geocode,32.),111111)~=0 & fipstate(substr(geocode,1,2))~='--' & found_geocode=0 & projecttype in(9,10)",projectid,projecttype,projectcocid,projectname,geocode,found_geocode,,,,,,,,,,,,,,
1345,Utilization,Warning,0,0,Inventory and LSACalculated,ES Projects: More than 35% of all bed nights were from clients whose household type is unknown. Known household types provide meaningful information about patterns of system engagement and service use. Please review enrollment data for this project type to check if any unknown or missing Date of Birth data can be updated.,"((lc_c1_u11_h0_p0_r56 - sum(lc_c1_u11_h1_p0_r56,lc_c1_u11_h2_p0_r56,lc_c1_u11_h3_p0_r56))/lc_c1_u11_h0_p0_r56) > 0.35",lc_c1_u11_h0_p0_r56,"var1345_1=sum([lc_c1_u11_h1_p0_r56,lc_c1_u11_h2_p0_r56,lc_c1_u11_h3_p0_r56])","var1345_2=lc_c1_u11_h0_p0_r56 - sum([lc_c1_u11_h1_p0_r56,lc_c1_u11_h2_p0_r56,lc_c1_u11_h3_p0_r56])","var1345_3=100*((lc_c1_u11_h0_p0_r56 - sum([lc_c1_u11_h1_p0_r56,lc_c1_u11_h2_p0_r56,lc_c1_u11_h3_p0_r56]) )/lc_c1_u11_h0_p0_r56)",lc_c1_u11_h1_p0_r56,lc_c1_u11_h2_p0_r56,lc_c1_u11_h3_p0_r56,,,,,,,,,,,,,
1346,Utilization,Warning,0,0,Inventory and LSACalculated,SH Projects: More than 35% of all bed nights were from clients whose household type is unknown. Known household types provide meaningful information about patterns of system engagement and service use. Please review enrollment data for this project type to check if any unknown or missing Date of Birth data can be updated.,"((lc_c1_u12_h0_p0_r56 - sum(lc_c1_u12_h1_p0_r56,lc_c1_u12_h2_p0_r56,lc_c1_u12_h3_p0_r56))/lc_c1_u12_h0_p0_r56) > 0.35",lc_c1_u12_h0_p0_r56,"var1346_1=sum([lc_c1_u12_h1_p0_r56,lc_c1_u12_h2_p0_r56,lc_c1_u12_h3_p0_r56])","var1346_2=lc_c1_u12_h0_p0_r56 - sum([lc_c1_u12_h1_p0_r56,lc_c1_u12_h2_p0_r56,lc_c1_u12_h3_p0_r56])","var1346_3=100*((lc_c1_u12_h0_p0_r56 - sum([lc_c1_u12_h1_p0_r56,lc_c1_u12_h2_p0_r56,lc_c1_u12_h3_p0_r56]) )/lc_c1_u12_h0_p0_r56)",lc_c1_u12_h1_p0_r56,lc_c1_u12_h2_p0_r56,lc_c1_u12_h3_p0_r56,,,,,,,,,,,,,
1347,Utilization,Warning,0,0,Inventory and LSACalculated,TH Projects: More than 35% of all bed nights were from clients whose household type is unknown. Known household types provide meaningful information about patterns of system engagement and service use. Please review enrollment data for this project type to check if any unknown or missing Date of Birth data can be updated.,"((lc_c1_u13_h0_p0_r56 - sum(lc_c1_u13_h1_p0_r56,lc_c1_u13_h2_p0_r56,lc_c1_u13_h3_p0_r56))/lc_c1_u13_h0_p0_r56) > 0.35",lc_c1_u13_h0_p0_r56,"var1347_1=sum([lc_c1_u13_h1_p0_r56,lc_c1_u13_h2_p0_r56,lc_c1_u13_h3_p0_r56])","var1347_2=lc_c1_u13_h0_p0_r56 - sum([lc_c1_u13_h1_p0_r56,lc_c1_u13_h2_p0_r56,lc_c1_u13_h3_p0_r56])","var1347_3=100*((lc_c1_u13_h0_p0_r56 - sum([lc_c1_u13_h1_p0_r56,lc_c1_u13_h2_p0_r56,lc_c1_u13_h3_p0_r56]) )/lc_c1_u13_h0_p0_r56)",lc_c1_u13_h1_p0_r56,lc_c1_u13_h2_p0_r56,lc_c1_u13_h3_p0_r56,,,,,,,,,,,,,
1348,Utilization,Warning,0,0,Inventory and LSACalculated,RRH Projects: More than 35% of all bed nights were from clients whose household type is unknown. Known household types provide meaningful information about patterns of system engagement and service use. Please review enrollment data for this project type to check if any unknown or missing Date of Birth data can be updated.,"((lc_c1_u14_h0_p0_r56 - sum(lc_c1_u14_h1_p0_r56,lc_c1_u14_h2_p0_r56,lc_c1_u14_h3_p0_r56))/lc_c1_u14_h0_p0_r56) > 0.35",lc_c1_u14_h0_p0_r56,"var1348_1=sum([lc_c1_u14_h1_p0_r56,lc_c1_u14_h2_p0_r56,lc_c1_u14_h3_p0_r56])","var1348_2=lc_c1_u14_h0_p0_r56 - sum([lc_c1_u14_h1_p0_r56,lc_c1_u14_h2_p0_r56,lc_c1_u14_h3_p0_r56])","var1348_3=100*((lc_c1_u14_h0_p0_r56 - sum([lc_c1_u14_h1_p0_r56,lc_c1_u14_h2_p0_r56,lc_c1_u14_h3_p0_r56]) )/lc_c1_u14_h0_p0_r56)",lc_c1_u14_h1_p0_r56,lc_c1_u14_h2_p0_r56,lc_c1_u14_h3_p0_r56,,,,,,,,,,,,,
1349,Utilization,Warning,0,0,Inventory and LSACalculated,PSH Projects: More than 35% of all bed nights were from clients whose household type is unknown. Known household types provide meaningful information about patterns of system engagement and service use. Please review enrollment data for this project type to check if any unknown or missing Date of Birth data can be updated.,"((lc_c1_u15_h0_p0_r56 - sum(lc_c1_u15_h1_p0_r56,lc_c1_u15_h2_p0_r56,lc_c1_u15_h3_p0_r56))/lc_c1_u15_h0_p0_r56) > 0.35",lc_c1_u15_h0_p0_r56,"var1349_1=sum([lc_c1_u15_h1_p0_r56,lc_c1_u15_h2_p0_r56,lc_c1_u15_h3_p0_r56])","var1349_2=lc_c1_u15_h0_p0_r56 - sum([lc_c1_u15_h1_p0_r56,lc_c1_u15_h2_p0_r56,lc_c1_u15_h3_p0_r56])","var1349_3=100*((lc_c1_u15_h0_p0_r56 - sum([lc_c1_u15_h1_p0_r56,lc_c1_u15_h2_p0_r56,lc_c1_u15_h3_p0_r56]) )/lc_c1_u15_h0_p0_r56)",lc_c1_u15_h1_p0_r56,lc_c1_u15_h2_p0_r56,lc_c1_u15_h3_p0_r56,,,,,,,,,,,,,
1350,Utilization,Warning,0,0,Inventory and LSACalculated,More than 35% of all bed nights for this project were from clients whose household type is unknown. Known household types provide meaningful information about patterns of system engagement and service use. Please review enrollment data for this project to check if any unknown or missing Date of Birth data can be updated.,(lc_c1_u10_h99_p0_r56/lc_c1_u10_h0_p0_r56) > 0.35,projectid,projectname,projecttype,lc_c1_u10_h0_p0_r56,lc_c1_u10_h99_p0_r56,var1350_1=lc_c1_u10_h0_p0_r56-lc_c1_u10_h99_p0_r56,var1350_3=100*(lc_c1_u10_h99_p0_r56/lc_c1_u10_h0_p0_r56),,,,,,,,,,,,,
1351,LSAPerson File,Warning,0,0,LSAPerson,"RaceEthnicity is missing for more than 1% of people in this project type and household type. Please review client data for this project type and household type to check if any missing Race/Ethnicity data can be updated. Race/Ethnicity is considered ""missing"" when related fields are null or blank or have a response of ""Data not collected"" in HMIS. The LSA may also truncate enrollments with data quality issues related to Entry Dates, causing data to be read in as unknown even when it is present in HMIS. For example, enrollments with Entry Dates that do not coincide with a project's Operating and/or HMIS Participation Dates may be truncated. For ES - Night-by-Night projects specifically, enrollments without a Bed-Night Date that matches the Entry Date are also truncated.",raceethnicity_missing/raceethnicity_total > 0.01,raceethnicity_missing,raceethnicity_total,var1351_1=100*raceethnicity_missing/raceethnicity_total,projecttype,hhtype,,,,,,,,,,,,,,,
1352,LSAPerson File,Warning,0,0,LSAPerson,"DisabilityStatus is unknown for more than 10% of adults and Head of Households in this project type and household type. Please review enrollment data to check if any unknown Disability data can be updated. Disability data is considered unknown when the ""Disabling Condition"" question has a response of ""Client doesn't know,"" ""Client prefers not to answer,"" or ""Data not collected"" or when the field is null or blank in HMIS. The LSA may also truncate enrollments with data quality issues related to Entry Dates, causing data to be read in as unknown even when it is present in HMIS. For example, enrollments with Entry Dates that do not coincide with a project's Operating and/or HMIS Participation Dates may be truncated. For ES - Night-by-Night projects specifically, enrollments without a Bed-Night Date that matches the Entry Date are also truncated.",disabilitystatus_missing/disabilitystatus_total> 0.1,disabilitystatus_missing,disabilitystatus_total,var1352_1=100*disabilitystatus_missing/disabilitystatus_total,projecttype,hhtype,,,,,,,,,,,,,,,
1353,LSAPerson File,Warning,0,0,LSAPerson,"DVStatus is missing for more than 10% of adults and Head of Households in this project type and household type. Please review enrollment data to check if any missing DV data can be updated. DV data is considered missing when the ""Survivor of Domestic Violence"" question has a response of ""Data not collected"" or is null or blank in HMIS. Per the HMIS Data Standards, Domestic Violence (4.11) is a Common Program Specific Data Element, and not all projects are required to collect this data based on the project's funding source. If this is a contributing factor to the missing percentage in this flag, please reference this in your note. The LSA may also truncate enrollments with data quality issues related to Entry Dates, causing data to be read in as unknown even when it is present in HMIS. For example, enrollments with Entry Dates that do not coincide with a project's Operating and/or HMIS Participation Dates may be truncated. For ES - Night-by-Night projects specifically, enrollments without a Bed-Night Date that matches the Entry Date are also truncated.",dvstatus_missing/dvstatus_total> 0.1,dvstatus_missing,dvstatus_total,var1353_1=100*dvstatus_missing/dvstatus_total,projecttype,hhtype,,,,,,,,,,,,,,,
1354,LSAHousehold File,Warning,0,0,LSAHousehold,"HoHRaceEthnicity is missing for more than 1% of Head of Households in this project type and household type. Please review client data to check if any missing Race/Ethnicity data can be updated for Head of Households. Race/Ethnicity is considered ""missing"" when related fields are null or blank or have a response of ""Data not collected"" in HMIS. The LSA may also truncate enrollments with data quality issues related to Entry Dates, causing data to be read in as unknown even when it is present in HMIS. For example, enrollments with Entry Dates that do not coincide with a project's Operating and/or HMIS Participation Dates may be truncated. For ES - Night-by-Night projects specifically, enrollments without a Bed-Night Date that matches the Entry Date are also truncated.",hohraceethnicity_missing/total > 0.01,hohraceethnicity_missing,hohraceethnicity_total,var1354_1=100*hohraceethnicity_missing/hohraceethnicity_total,hhtype,projecttype,,,,,,,,,,,,,,,
1355,LSAHousehold File,Warning,0,0,LSAHousehold,"ESTLivingSituation is missing or invalid for more than 5% of households of this household type. Please review enrollment data to check if any missing or invalid Prior Living Situation data can be updated. Prior Living Situation is considered missing or invalid if the ""Type of Residence"" question has a response of ""Data not collected"" or is null or blank in HMIS. Also included as missing are cases where the Type of Residence is ""Rental by client, with ongoing housing subsidy"" and the Rental Subsidy Type field is null or blank in HMIS. The LSA may also truncate enrollments with data quality issues related to Entry Dates, causing data to be read in as unknown even when it is present in HMIS. For example, enrollments with Entry Dates that do not coincide with a project's Operating and/or HMIS Participation Dates may be truncated. For ES - Night-by-Night projects specifically, enrollments without a Bed-Night Date that matches the Entry Date are also truncated. (Note that EST project types include Emergency Shelter, Safe Haven, and Transitional Housing.)",estlivingsit_missing/estlivingsit_total > 0.05 and projecttype = 5,estlivingsit_missing,estlivingsit_total,var1355_1=100*estlivingsit_missing/estlivingsit_total,hhtype,projecttype,,,,,,,,,,,,,,,
1356,LSAHousehold File,Warning,0,0,LSAHousehold,"PSHLivingSituation is missing or invalid for more than 5% of households of this household type. Please review enrollment data to check if any missing or invalid Prior Living Situation data can be updated. Prior Living Situation is considered missing or invalid if the ""Type of Residence"" question has a response of ""Data not collected"" or is null or blank in HMIS. Also included as missing are cases where the Type of Residence is ""Rental by client, with ongoing housing subsidy"" and the Rental Subsidy Type field is null or blank in HMIS. The LSA may also truncate enrollments with data quality issues related to Entry Dates, causing data to be read in as unknown even when it is present in HMIS. For example, enrollments with Entry Dates that do not coincide with a project's Operating and/or HMIS Participation Dates may be truncated.",pshlivingsit_missing/pshlivingsit_total > 0.05 and projecttype = 3,pshlivingsit_missing,pshlivingsit_total,var1356_1=100*pshlivingsit_missing/pshlivingsit_total,hhtype,projecttype,,,,,,,,,,,,,,,
1357,LSAHousehold File,Warning,0,0,LSAHousehold,"RRHLivingSituation is missing or invalid for more than 5% of households of this household type. Please review enrollment data to check if any missing or invalid Prior Living Situation data can be updated. Prior Living Situation is considered missing or invalid if the ""Type of Residence"" question has a response of ""Data not collected"" or is null or blank in HMIS. Also included as missing are cases where the Type of Residence is ""Rental by client, with ongoing housing subsidy"" and the Rental Subsidy Type field is null or blank in HMIS. The LSA may also truncate enrollments with data quality issues related to Entry Dates, causing data to be read in as unknown even when it is present in HMIS. For example, enrollments with Entry Dates that do not coincide with a project's Operating and/or HMIS Participation Dates may be truncated.",rrhlivingsit_missing/rrhlivingsit_total > 0.05 and projecttype = 13,rrhlivingsit_missing,rrhlivingsit_total,var1357_1=100*rrhlivingsit_missing/rrhlivingsit_total,hhtype,projecttype,,,,,,,,,,,,,,,
1358,LSAHousehold File,Warning,0,0,LSAHousehold,"ESTDestination is missing or invalid for more than 5% of households of this household type. Please review enrollment data for this project type and household type to check if any missing or invalid Destination data can be updated. Destination is considered missing or invalid if the ""Exit Destination"" question has a response of ""Other,"" ""No exit interview completed,"" or ""Data not collected"" or if the field is null or blank in HMIS. The LSA may also truncate enrollments with data quality issues related to Exit Dates, causing data to be read in as unknown even when it is present in HMIS. For exmple, enrollments with Exit Dates that do not coincide with a project's Operating and/or HMIS Participation Dates may be truncated. (Note that EST project types include Emergency Shelter, Safe Haven, and Transitional Housing.)",estdestination_missing/estdestination_total > 0.05 and projecttype = 5,estdestination_missing,estdestination_total,var1358_1=100*estdestination_missing/estdestination_total,hhtype,projecttype,,,,,,,,,,,,,,,
1359,LSAHousehold File,Warning,0,0,LSAHousehold,"PSHDestination is missing or invalid for more than 5% of households of this household type. Please review enrollment data for this project type and household type to check if any missing or invalid Destination data can be updated. Destination is considered ""missing or invalid"" if the Exit Destination field in HMIS is blank or has a value of ""Other,"" ""No exit interview completed,"" or ""Data not collected"". The LSA may also truncate enrollments with data quality issues related to Exit Dates, causing data to be read in as unknown even when it is present in HMIS. For example, enrollments with Exit Dates that do not coincide with a project's Operating and/or HMIS Participation Dates may be truncated.",pshdestination_missing/pshdestination_total > 0.05 and projecttype = 3,pshdestination_missing,pshdestination_total,var1359_1=100*pshdestination_missing/pshdestination_total,hhtype,projecttype,,,,,,,,,,,,,,,
1360,LSAHousehold File,Warning,0,0,LSAHousehold,"RRHDestination is missing or invalid for more than 5% of households of this household type. Please review enrollment data for this project type and household type to check if any missing or invalid Destination data can be updated. Destination is considered ""missing or invalid"" if the Exit Destination field in HMIS is blank or has a value of ""Other,"" ""No exit interview completed,"" or ""Data not collected"". The LSA may also truncate enrollments with data quality issues related to Exit Dates, causing data to be read in as unknown even when it is present in HMIS. For example, enrollments with Exit Dates that do not coincide with a project's Operating and/or HMIS Participation Dates may be truncated.",rrhdestination_missing/rrhdestination_total > 0.05 and projecttype = 13,rrhdestination_missing,rrhdestination_total,var1360_1=100*rrhdestination_missing/rrhdestination_total,hhtype,projecttype,,,,,,,,,,,,,,,
1361,Project File,Data Error,0,0,Project,"A project in your Project.csv file is associated with this organization ID, which is not found in the Organization.csv file.",organizationname!=organizationname,organizationid,projectid,projectname,organizationname,,,,,,,,,,,,,,,,
1362,Project File,Data Error,0,1,Project,"This project is missing a Housing Type. Please check this project's setup in your HMIS and identify whether the project's Housing Type is Site-based – single site, Site-based – clustered / multiple sites, or Tenant-based – scattered site.","(HousingType.isna() | (HousingType == """")) & ~((ProjectType == 13) & (RRHSubType != 2))",ProjectName,ProjectType,RRHSubtype,ProjectID,HousingType,,,,,,,,,,,,,,,
1363,Project File,Data Error,0,1,Project,This Rapid Re-Housing project is missing its RRH subtype. All Rapid Re-Housing projects must have an RRH subtype. Please update this project in your HMIS.,"(ProjectType == 13) & (OperatingEndDate.isna() | (OperatingEndDate >= ""2023-10-01"")) & RRHSubType.isna()",ProjectID,ProjectName,ProjectType,RRHSubtype,OperatingEndDate,,,,,,,,,,,,,,,
1364,LSACalculated File,Warning,0,0,LSACalculated,This Emergency Shelter - Night-by-Night (ES-NbN) project has a number of enrollments that do not have any associated bed nights. Please check that all Bed-Night Date records have been entered in HMIS for this project's enrollments.,var1364_1 > .05,projectid,lc_c1_u10_h0_p0_r921,lc_c1_u10_h0_p0_r910,var1364_1=var02/(var02+var03),projectname,,,,,,,,,,,,,,,
1365,Utilization,Warning,0,0,LSACalculated,"This non-HMIS Participating project was active during the report based on its operating dates, but there is no inventory for this project in your LSAâ€™s inventory file. If this is not accurate, please make inventory updates for this project in your HMIS.",hmisparticipatingproject=0 & fx_avg_beds_tot_all=0 & not(projecttype=13 & rrhsubtype=1),projectid,projectname,projecttype,fx_avg_beds_tot_all,hmisparticipatingproject,rrhsubtype,,,,,,,,,,,,,,
1366,Utilization,Warning,0,0,LSACalculated,"This HMIS Participating project was active during the report based on its operating dates, but there is no inventory for this project in your LSAs inventory file. If this is not accurate, please make inventory updates for this project in your HMIS.",hmisparticipatingproject=1 & bx_avg_beds_tot_all=0 & not(projecttype=13 & rrhsubtype=1),projectid,projectname,projecttype,bx_avg_beds_tot_all,hmisparticipatingproject,rrhsubtype,,,,,,,,,,,,,,
1367,Utilization,Warning,0,0,LSACalculated,"This HMIS Participating project was active during the report based on its operating dates, but there is no inventory for this project in your LSAs inventory file. If this is not accurate, please make inventory updates for this project in your HMIS.",hmisparticipatingproject=1 & fx_avg_beds_tot_all=0 & not(projecttype=13 & rrhsubtype=1),projectid,projectname,projecttype,fx_avg_beds_tot_all,hmisparticipatingproject,rrhsubtype,,,,,,,,,,,,,,
